e60957f9-56fd-49f1-823f-e8d15f2b0eec	0
87225a21-c925-41cd-852f-be4b052d0824	1
7ad2826f-0a07-4c72-bb8f-6a4826ef71df	2
f3e2a7d9-c6bb-4848-95e5-04c0a1e2f511	3
a3cb23fc-acd3-4ce0-8f36-1e5aa6a18432	4
46e8a8ee-d2cd-4165-9725-02f72d0027a9	5
410c9baf-5469-44f6-9852-826524b80c61	6
f9114439-1662-4415-b761-05a4170c9579	7
8ed2e0b3-aa4c-4e13-bec3-dc7393ed4d6b	8
8bfac288-ccc5-448d-9573-c33ea2aa5c30	9
bff058e5-7c3c-486b-923c-e21d0562ae2f	10
3abc3eb1-7318-41d2-a52b-cbe14a14d8a0	11
abee98f6-5239-4abf-bbe6-e1e2815a0dd6	12
849db3f8-0c48-4a30-bba6-07bdc693c551	13
95b70687-5d54-4caf-9c3d-49aedcbdbe50	14
f4ec402a-fb08-4c49-953a-911b5985077d	15
b4a666f0-f0e4-4252-a549-1b3957e9782b	16
6b77d8ef-c405-4846-9d5f-2b93e6533101	17
42edf21b-2dda-4382-aa6b-49b6483bcf73	18
20587005-7a2a-4b96-8f34-bc643bc4b60a	19
4d86ad4e-28d8-4e9f-8cf4-735c57060fdc	20
92205d28-0090-4a64-8fa9-592e366d2cbb	21
6ba4e4b2-4587-47f7-8fe9-ec4eb172d5e7	22
f053ae01-dae6-4aae-9883-e8c279fdbef4	23
58368691-5b44-45d8-b617-47a7633f5e30	24
ec6b11b5-d6a6-4c77-af55-8076a160cc94	25
e11051f9-0098-41aa-9edb-8dacd8f1c6b5	26
8a9ac1cb-faae-434e-8d60-b139a3707dfc	27
4fafdd2b-4cd0-4cc7-a338-cd94cfceeea4	28
252c9f8a-be04-4146-b73e-a24696b2f5ed	29
42170037-440a-42f8-b5e3-af096e3784d0	30
6be2828f-6c0d-4059-99d4-fa18acf1a296	31
beff21d3-88c7-4ee0-8b7a-40b6db22c6d7	32
15388d42-9197-4ca1-9ffe-240f763b84cb	33
ab2241c7-ff64-4b52-90d8-4a7b0517d47c	34
c707b37e-cb5c-4694-be4d-46beefcb2475	35
2b87e134-b4a3-48d8-afac-9501d4c6e931	36
f08fd83f-3546-4756-9cbf-3a9fcf744e81	37
f22942a1-6f70-4f48-866e-238cb2308fbd	38
df765d93-621c-437f-99fe-fda9e135f89a	39
27613b78-1b9d-4ec3-9db5-fa0743465fdd	40
d60315b1-e2f8-4c61-8930-c269b03b57bf	41
225775a6-0b27-471a-9f91-2be4aa8f8b84	42
59479c29-54ce-429d-9ef8-b7005cd1b6be	43
250504d4-eca1-4b23-bea6-db1dc7d2eaf9	44
ac69016f-42cc-4322-b70e-101458b769aa	45
68fb131b-858d-4b7f-93b8-5b1924908421	46
55a8b485-1cbf-47ee-ae15-d106200fafe8	47
4f8a0d9b-5777-40da-b29a-e9753d5ae693	48
7b52603c-a84c-4a76-8dc8-899bb4dd9fa7	49
477d1c52-3100-4493-a049-473d8f183e23	50
9030ae90-4db2-4a9c-aa08-01cf17a86b58	51
9ddce51c-2b75-4b3e-ac8c-1db09e7c89c6	52
39ab1aed-75e0-4140-bd47-540276886b60	53
3f6ae36d-ffdb-40cf-98e6-8023cb1c41c9	54
ae8e50f7-acd1-424b-8295-2c036b30d809	55
321531fc-db73-4ffa-a959-61a61a2908c1	56
852cc178-8678-4e98-a34b-6a319dc00c8c	57
e5b5b78b-811b-4bfb-a463-116e5f4c3114	58
6b21d6fd-4cec-479e-a1d4-a71b0f7ed6d4	59
0daf1c34-212a-442f-905d-c44f2adcc020	60
cf103c39-b85b-4fbd-805b-ab3076ef0e11	61
d14b3769-5d33-4085-8f76-88663e7e897f	62
fc7376fe-1a6f-4414-b4a7-83f50ed59c92	63
0a6eb633-fb2c-4683-9783-58c4e86ea740	64
959cf5bf-ee29-4af6-a85a-0b480181d988	65
bd8a9519-217c-4317-9b98-266b1076c3d3	66
650e7db6-b795-4eb5-a702-5ea2fc46c848	67
95f7588e-a838-464e-a03a-348ea93503f8	68
ef365192-77c5-498b-8a53-3986bb7aeaf8	69
a3031680-c359-458f-a641-70ccbaec6a74	70
bc3d74c5-9328-4a1b-8014-3ecdb3dababe	71
9a709693-b4f8-4da9-8cc1-038c911a61be	72
c787a7a5-e143-4ba6-86df-fab2354dcd44	73
ad9f40c8-6e7e-40eb-89b2-22c455305824	74
bf48d271-9595-4043-9064-52f43707d4ab	75
9abfb2cd-7a7f-444a-b1db-7e5dd1def050	76
6b55530c-efc2-46e1-9703-d9c08cacf6af	77
a56bd8f9-8ef8-4d63-89a4-794ed1360dd2	78
343ce4fa-54b3-47b8-bd27-b379cf50f7ff	79
aa1d542d-11c6-4bf3-8219-28a781de29ea	80
630662ea-1c7d-4208-99fd-ba3afec20f0c	81
4f6dd51e-bfd7-4153-ace7-9316d1757a57	82
dde895f1-45e6-40e5-bd38-133c66f84a9d	83
afdb7919-059d-43c1-b668-ba1d265e7e42	84
f4c22ea4-a21f-43e4-8271-731defce1476	85
33672b7a-91e0-4167-8725-a1897584a0da	86
bf50d552-3c8c-42b4-9758-7ec8bb4e6583	87
eddab03d-b673-4b70-863f-6a9cf45a779f	88
69f95e5c-4b34-4c8b-b8fe-c59f9296195a	89
4967c0a1-b9f3-465e-8440-4598fd9fc33c	90
58e5332d-383e-414c-9917-776d7b1493a2	91
6d4c4759-8a16-4b9f-83e2-4c225307fc85	92
ea9078ef-20ca-4506-81ea-2ae5fe3a42e8	93
a74b14a2-28c5-4cfd-95a4-9ebb1c5d1a18	94
7e54d133-2525-4bc0-ae94-65584145a386	95
14a4bc78-1c2d-4ca7-8d1b-9b58076a2a17	96
5a557973-2e65-4429-a60d-a9886bfbac6a	97
dc76f538-7a10-461e-84ba-aa44888f9f2d	98
623f2314-9bf9-4cd4-b984-8f66bc807f58	99
51d2e0dc-6e8b-4833-a05c-c505a3161051	100
cc197bad-dc9c-440d-a5b5-d52ba2e14234	101
440cb8ef-cee3-4711-8408-b1bd6e93f390	102
6a8bd368-c0a9-4e15-9a97-154d00e6a751	103
66a7f1f8-0ad6-4e3a-9346-a643e2739a8c	104
1fb15a78-f73c-4583-8090-ea5e6cfd7e16	105
6fdd3b3e-1ea6-4da9-8d6f-8f8de01c133a	106
0a77bec1-12ef-4caa-b36a-f533001fcd29	107
2ceaa36e-c742-4ecd-ac28-7dc80463a7df	108
50a32791-ee43-4c67-aabc-3dc65e4a9838	109
6ea0f255-4920-44e4-89ff-586c27b219a0	110
0356daee-ec48-4495-bc3e-460b8a5eacad	111
3d403d44-36ce-465c-ad43-ae877e65adc4	112
54a38eab-579c-4024-8033-f38b84f07ba0	113
7002bf88-1269-4965-a772-4ba1e7a91eaa	114
961b357c-06bc-43d0-a876-375ddbd07764	115
e5db18cb-4b1f-496d-a308-548b611090d3	116
127f591a-7e27-4435-92db-0780f219f3a1	117
69ee3720-a7cb-4402-b48d-a02c366f2bcf	118
678d88b2-87b0-403b-b63d-5da7465aecc3	119
90ee221e-3c6c-4607-92ca-841f71869e11	120
939af253-eb5d-43af-b12c-bfbabf544211	121
ff460a70-fdf4-4aa2-b021-8a04da76d88e	122
c78a77fa-507c-4c07-947a-0355029453bd	123
c842d29f-a297-48cd-bb71-4f77fd672b16	124
34ec9a8d-c65b-48fd-bcdd-aad2f72fdb47	125
4de30660-26a8-4390-af6f-8fc0564e7e61	126
aec8a328-d2e8-4780-b2ea-318c7f8d6f75	127
05ec70a5-3858-4346-a649-fda0a297b8c1	128
e671e05a-dd3d-4f24-8c00-e84b96890cf3	129
57c6f649-6cde-48a7-8114-2a200247601a	130
c3aeb863-7b26-4388-94e8-5a240f2be21b	131
d43d12a1-2dc9-4257-a2fd-0a3bb1081b86	132
18944822-b1d9-45dd-a77b-c40f74e2a701	133
966bd819-2ba1-4e1b-9d35-72385937e8ed	134
23a03e33-a603-404e-bcbf-2c00159d7067	135
1bf7c8de-dcd1-4274-b27d-c527a182c73e	136
62cfba2f-d6da-4c93-a2e2-a7922fe47d1b	137
8d455809-96b3-4bb6-8829-ea4beb580d35	138
160b2ff0-bdb1-47b0-9a2d-f93731c813ce	139
42faad37-8aaa-42e4-a300-5a7dae79ed24	140
1f16a425-2606-4137-a6b7-234b6dabe037	141
83d91898-7763-47d7-b03b-b92132375c47	142
2be6ae30-d220-4419-80da-2a46813ed872	143
182d5d8a-94c7-4ef4-8222-a1838353a37b	144
e1564e98-978b-4947-8698-f6fd6f8b0181	145
80c38d4f-7419-4ae9-8d4c-cf899df0d5cc	146
d59c4cda-11d9-48db-8bfe-b557ee602aed	147
5441c29d-3602-4898-b1a1-b77fa23b8e50	148
fb147b8f-0144-4418-acaa-90b2d9779840	149
67c5183c-c8ad-4d0c-8203-3d5a565c12aa	150
e20747e7-55a4-452e-8766-7b985585082d	151
3ae3fa20-d295-467c-b59f-969376a28470	152
4449ccf6-c948-4d33-aa97-b6ad98ce4b5b	153
debabff3-2559-46e5-862d-ef2a906d7010	154
7ddb6325-7022-4d30-a585-78a8eab631ab	155
1f9df192-a621-4f54-8850-2c5373b7eac9	156
c3bf5aee-646e-4030-9ab4-d1fbd4947a97	157
b9472588-93f3-4922-a1a2-74082cdf9ce8	158
295ab66f-31fe-4530-afb2-3b80613707ea	159
ea321799-9b1d-4e74-a074-a5facf597d82	160
8d08cabf-03a3-4f38-a815-8197a0984f19	161
a47c3aa2-7d87-475c-a2c7-1e2047dafb09	162
59ae7a1a-f454-435b-8a5a-e327e692bb5a	163
109958eb-a335-4c5e-907e-597ff4c6af46	164
b233a9a9-2538-4c5b-986a-5843650e2611	165
ed7e12c4-0c08-477c-bd64-5eaa96b9f853	166
1723c867-d5c5-4a61-a40b-8c04fa7acf1b	167
8faf9492-74a3-4159-ba53-e0e9099d1006	168
2aaf7396-6ab8-40f3-9776-a41c42c8e26b	169
74e2c381-7a79-4c21-8738-20da383e14d2	170
d6e0e274-8e19-44ce-b5b2-52c12f8a674a	171
1946a82a-f927-40c2-8235-38d64f50d043	172
e49f69da-17d5-4c5c-bac0-dadcb0e588f5	173
67d2cb7a-9ddb-4a7f-82bf-5a2d1a038e98	174
39c2a93d-9afa-4a22-9bba-c087ab056e1c	175
d94f79b0-c690-4a60-9a45-a37a11b78051	176
d4692ccc-92bf-4909-9224-fb3d4c12bc24	177
6523f86d-11d3-489e-81f6-6cbe08c367de	178
794c6bf2-3241-416f-9b8f-24e2d84a1c4b	179
edbe5d7f-9511-4dfe-847a-8fe19080caaf	180
d185d986-ee96-4fd3-bd61-8c848a4765b6	181
1ba1d493-7114-45e2-b163-a36d49a0c065	182
e9ba8ccb-505f-4e5c-b909-65998d0d35b5	183
c80f38a6-9980-485d-997c-5c1a9cbd0d64	184
2ab30461-12e3-4c97-b716-c39f13015d29	185
0103c1cc-4a09-4a5d-a344-56ad99a77193	186
e938a15c-b17e-4e7a-9f68-ff0d536cab44	187
06fb1c8b-566e-4cb2-985b-b467c90781d4	188
2f94016a-3880-4d8c-9af9-0e197ee77189	189
f24c343a-5c24-4633-8ae4-9a3e8cc1eee7	190
5a2463af-eef0-4a22-bc8f-5865fbe9c78e	191
7a5bcae1-45e5-495b-9f5b-254987b364bf	192
6e17c8d1-2493-46cc-88d4-64b848a32593	193
bf6c29f5-b69f-4842-9031-37f9645d365d	194
0307edfc-437c-4b48-8700-80680e66a228	195
44c48a1b-defd-4222-bee6-03f9ee9a7be9	196
9169bdc6-5725-45ec-bba5-e9df75dbe8cc	197
c48d4327-8122-4286-af66-05e1ee6ac4d8	198
0162d4d9-c625-499d-bdbb-846462f4e0d4	199
bf710b71-48e5-4e15-9bd6-96debb2e4e98	200
550fbe01-42e9-4006-bcd0-6a1854dceb8f	201
9be2a5ac-8201-489b-b5f6-91f958bf9060	202
09cbb94a-c594-4674-8255-87112032a751	203
8b5d7dae-6430-473c-8cf6-f448a2e0d3f9	204
b2cc8903-0077-4bef-8454-ac5cef53d126	205
7445bc31-8998-4cc1-bba2-b86c15b7c872	206
eda489f6-afa5-46b0-a4f5-ad42e735dcad	207
75de3363-412c-4f17-ae66-9f4c0cd7629f	208
2fddb92d-24b2-46a5-bf28-3aed46f4684c	209
63f38f77-9aae-4e1b-8947-aca325b7759f	210
3e54ba8b-f4cc-4192-9813-890d570e2b7a	211
e331d119-3314-49f0-a860-0e640f8b156b	212
c4b87e45-c07a-460f-9c58-8d15328e2964	213
a30b167e-5271-44ff-a443-40525d076efd	214
2f1e4ada-2b9a-4834-90fa-88d61b73082f	215
6f1f4bb7-5253-4524-b4db-6a0a7f3cb4c5	216
b9348d59-b91b-423f-847b-8db155a0653b	217
2e239018-b4cf-4928-b6a2-c0b5e5d1fc1c	218
11ae9fbb-f3d7-4a47-936f-4c0a04d3b3b5	219
7113aab7-628f-4050-ae49-dbecac110ca8	220
83a45847-0c18-4794-964a-500e49df7aac	221
4a4ee089-93b1-4470-af9a-6ff575d32704	222
cd85a41e-3d85-4d14-ab4b-f35894664730	223
87fc1871-b74e-4bf5-a00d-8a89c288008b	224
7a8dbe84-f4c0-4457-bfa3-edced1f8cde0	225
3f06695e-5308-48ef-b3eb-e1f8ac6ef299	226
99164692-c02d-407c-81c9-25d338dd21f4	227
0053dbd9-bfbc-4e38-9f08-66a27d914c38	228
bc710bcf-8815-42cf-bad2-3f1d12246aeb	229
adbbaf02-cb2e-432d-b24b-f016e9a65a44	230
750e9439-2e5d-4afd-92cc-d23183cd7606	231
87e27246-8c40-407f-bfb3-5dc416557eeb	232
892500b7-09a6-4049-ba92-2d192dd70563	233
c2d25856-a09a-4d15-b404-77dd19c19e63	234
f66b685d-9abe-4be6-8e59-9a7486be1964	235
ef9df4c9-0e76-451b-b174-2244bcc31f0c	236
d55fe7ec-3c7f-44e7-b9cc-b025c4351f70	237
a4a01f5d-18e7-4571-8c3a-76ec0e24e2d7	238
49ab9550-0ff4-4f70-86db-daa5b8f8df3f	239
1fda852b-92e9-4562-82fa-c52820a77b23	240
9c3f6f67-ad64-475b-9e4a-c5e9d24297d3	241
b972f589-fb0e-474e-b64a-803b0364fa75	242
62fe877d-b7a5-43e8-952e-2610d7614bff	243
0bbbc496-c7b5-4b3f-bb6d-bd312827d6e5	244
f1cd545b-f17b-4d3a-98de-68b695bfe211	245
309c62ba-7a22-4277-9f67-4a162526d18a	246
4d08fe36-5f92-4771-be2d-4f984f32dc04	247
4f8ef4a3-40fa-46b5-8773-97686a8424f4	248
bd837f10-ed18-47e9-9636-ca44edceebfd	249
b83bc61f-8451-4a5d-8b8e-7e9ed295e822	250
8a338e06-d182-46f2-bd16-30a09bc840ba	251
5579a23d-c411-4930-987d-ff89d77c1c12	252
8275ed69-a0f8-4bad-b6e0-2c57d306e593	253
3630fff3-52fc-4e97-ab01-d68fd88e4135	254
6bf591c4-b050-478e-9d9f-167394d66c90	255
44f0cb8f-0a56-43fe-b361-294c94c4a67d	256
bc85da58-52d9-457d-ae8d-5d8d4ec870a9	257
3d2b98e5-556f-4451-a3ff-c50ea18d57cb	258
a871fd87-50f7-4032-b06d-da56779edcce	259
31e82ae9-f414-4a68-a0bf-d2719368166d	260
2f9ecbed-27be-40e6-abca-6de49d50299e	261
28cc1f98-add6-49d5-820a-ce973ee2954b	262
2c16cb3f-e85f-4158-889f-ffc038f5792d	263
10adbe5e-a2c0-4bf3-8249-2b4cbf6e6ca8	264
67930b3e-e00b-469f-8c74-fd69f20522ec	265
254caf14-7b63-47d1-aa9f-acc7cb541814	266
c5f5dc27-3059-49c0-ae45-5009a01bb9ec	267
4c49960d-daac-4ca2-be43-d1a8ee23f153	268
3ebe18d1-dfb6-41eb-8447-4a7693f79d9a	269
b42eca0f-9381-43db-badb-1cba080a7dc2	270
6784ee31-6d79-4a37-9e1f-01d6ef31940e	271
d339efbb-77b9-4147-ba9e-59f2f24550b2	272
1303b976-b862-4f04-94fd-a8d444e06714	273
3798b104-01cb-484c-a3b0-56adc6399b80	274
817c68f4-e110-4529-82fa-aec902e9768f	275
8b6d202f-c429-49b1-831e-3119e3445d7c	276
6f033da5-396f-4381-a581-1f38c2d0a2d4	277
b267ca80-034e-4dc1-9ed4-ec45f1fed41d	278
78e46ae5-9bfd-433b-be3f-19e993d67ecc	279
3d65bead-6eae-4012-8665-d5f593ea4a62	280
463c514e-c30d-4a2a-a87b-762535253a80	281
e7ae37b1-624f-47b9-bf4f-53b52ef19528	282
abf74786-2f3e-47e0-ae68-69a55c13909a	283
efef848b-63e4-4323-8ef7-69a48fbdd51d	284
8c90ad8c-9150-4c51-a1eb-342232e99d06	285
1d8010a0-b642-4c8f-9c8d-8dc66b7bb81a	286
d5c79890-36c5-4f1b-bed3-4468eee093f3	287
f93dbc64-6f08-4033-bcc7-8a0bb4689849	288
ce58d854-7430-4231-aa44-97f0144b3372	289
d629843e-d2b9-4665-a203-19f9c7f811ef	290
b6b2bb8d-54a9-491f-9607-7b546023b433	291
f434ae2b-b203-490d-a8ac-aa9cd51c0e73	292
ba0d6274-db14-4ef5-b28d-657ebde1a396	293
6af63208-4a2b-494f-a560-622a0c10d647	294
f1571db1-c672-4a54-a2cf-aaa329f26f0b	295
ad92dd9c-56ef-4443-b2c0-ff2f7d9cca49	296
97da5eb3-79a5-4195-b98e-3d10ef946b08	297
b91f0973-002e-4237-a39f-c7e02e786e53	298
550508e3-efae-47de-83cc-e50cc471d7e4	299
42a19448-ff60-4fd2-9d10-959bf2000729	300
46d18823-6a15-49ee-8376-c5f7a49530a6	301
32b90c92-9978-4a07-90eb-caa4b22f4907	302
4e045c96-538b-46ed-8ea8-7cae20b56574	303
99ea432a-e3d8-42cb-9d5e-db316a6a8458	304
5aeb21a3-4606-4a0d-8369-50c768d1e99a	305
d4a9be59-13e5-481b-8c68-833c5c1fd458	306
048fad7a-10ba-4f9e-b305-580fb3ce32a4	307
6aa55ee1-4c46-4f7c-9a6d-5051dfe2c06d	308
766a2b45-441f-4096-af05-dbbca9518c9d	309
e9aca1a3-836a-4e5e-b8d4-56d20c60af5f	310
8475297d-fb78-4630-8d74-9b87b6bb7cc8	311
c7788fba-e635-4d8b-a937-01a68ab154e3	312
ba853904-ae25-4ebb-89d6-c44cfbd71bd2	313
84eac621-1c5a-49a1-9500-555099c6e184	314
4b2d6a23-034d-4a29-9bb9-d2462796da4e	315
9de8f66e-3cd1-4f11-8328-38200f0612b0	316
14387b0f-765c-4852-852f-135335790466	317
2386cd66-e923-4e8e-bf14-2eebe2e9b973	318
8ac6cc32-8ddf-43b1-9ac4-4b04f9053176	319
ae1b47d5-5128-431c-9d30-e08fd90e0767	320
4dcffc18-b573-4850-833c-d08e2b7e93b3	321
5f572b31-8fd9-45ae-9beb-358c98d839df	322
160d505d-0930-47e5-9093-b7efd64c8b8d	323
69b39eab-6577-46a4-a9f5-817839092033	324
29a2e85c-1b08-4fe9-91a5-662d6e70dfe7	325
b638aa9c-6f17-4084-a1bb-734e04cb17de	326
a7582431-779a-4434-a3ac-f7b5b4ea01fe	327
a3a92047-be1c-4f3e-8960-c4f8570984df	328
b7834ebd-64ae-46c3-a930-2d3a52ee743a	329
43968c1e-dc13-4559-9568-de8372513377	330
3e8bd859-7d82-49e0-b267-84fc46e2bf68	331
2aab61bc-67f4-4722-8c6e-e1821b2e32a6	332
35098f2d-e803-4bc6-bd0e-09c57468977b	333
720bbfaf-ada2-464f-83ae-069fb9a806c1	334
c3bc80a6-1f4a-4e17-8cf0-6b1efe8302f1	335
d8661c02-f423-4d72-8044-40ff05daf7a1	336
92dc699f-fcbc-4278-afbe-40b5ad060a55	337
a62318eb-0419-4ee4-8194-a00d29afa9b2	338
433d544f-d6c6-4c79-aefd-6f4c7918e5fe	339
aee61f0d-d42e-4dcd-94b7-6a3f81e4c0d6	340
0741b30d-e15b-4a8c-b2e5-8834a03d6116	341
c2764f38-febf-4e47-a0d7-687980aabf38	342
79239441-bfd5-4981-a70c-55c3f15c1287	343
9b21f670-8359-4e11-be1d-bf75b649a719	344
97ce95e8-7f34-487e-9b4c-6c02f70bf9fb	345
3b3531c4-cd2d-4df0-897c-a2e29b8341fc	346
d8354b38-e942-4c89-ba93-29323432abc3	347
a9ee533f-8871-4f62-a6bb-91eb264abc90	348
5dedf5cf-a598-4408-9556-3bf3f149f3ba	349
244afcb7-fa9a-49b1-9aa6-0149512d1c52	350
503877b0-4e1b-452b-851c-5e3f478d3714	351
8a0c3b86-af55-42d2-85b9-6372e7430986	352
7e13cd1c-0300-4d03-bd8e-5f86dd99d74f	353
20883363-1ea4-4d72-ad72-c0e767038f3e	354
14efbb08-c3d8-404c-9ead-ad71fa586ee6	355
1f43d76f-8edf-44f6-aaf1-b65f05ad9402	356
0e0dd9da-5878-4c46-9a9a-6df43abb5c96	357
13b6c63a-7db5-4b71-b8ad-922c4b30ee68	358
eb8ff09f-0b63-4c5e-96dc-b6dadeb794ac	359
0f716769-a803-44a5-bb5c-cd9d563716dd	360
ada7a83c-e3e1-40f1-93f9-3e73dbc9298a	361
9fa07bb4-8312-4cd7-a19a-4fdbc5797148	362
83b86967-6b1a-4ca8-9cf0-c7cfe047ef3f	363
4fa0ee01-5a5d-4359-84be-d0ed9c4c98b4	364
a74b1b7f-71a5-4011-9441-d0b5e4122711	365
f180cec2-9421-4417-a841-c7372090d13d	366
2ecbd923-9daf-4f18-9250-e482ccec4c28	367
8e05a404-3f8d-4b0a-9fc2-b7ab821b75f0	368
1c89bbcc-a253-452a-9181-546eb536e06f	369
03cfb17e-9d4a-462c-88ee-1fa348bc3a0d	370
e54e065f-0ce6-4779-9a9a-afd7b997471f	371
90218af4-4d58-4821-8d41-2ee295ebbe21	372
0efe858c-89e5-4e47-906a-356fa953fd6e	373
8dacf242-9bf7-44f5-b2eb-18305b904551	374
cf0f4547-ffbd-4011-98ad-0bec9ba022db	375
35581de7-591f-424f-9c64-7b22fd45605e	376
6f607087-9c46-4bb2-a884-e4efc764554c	377
a0498514-c21c-4e85-8dbf-a1b92374a06b	378
0cf9d983-aecf-4d57-9e94-fde2beac014f	379
b23e8a63-8f47-4882-b55b-df2c92ef400e	380
97ec4bef-d716-492a-83a1-4cfed3f7a049	381
67f66c07-6e61-4026-ade5-7e782fad3a5d	382
487bfd74-71bf-46dd-b89c-80b7a0f06f2f	383
789e5db3-502b-4f13-8039-88c70e053fa5	384
648615ca-ca74-460d-928a-2bae67ae6d14	385
bc85c6f6-6b06-44c1-8754-ef32c1e6b824	386
a96ac800-bfcb-412a-8a63-0a98df600700	387
2e04a82f-9118-43b1-a918-bf84f122f7fc	388
299278d3-25dd-4f30-bae4-5b571c28034d	389
5e372a49-5672-4fb8-ba14-18c90780c4f9	390
5de80871-f721-4c7c-b0c5-4ad0d350c232	391
2fa0d3ac-b64c-401a-b0a1-4915ba6cc157	392
49c43c49-328d-4b14-8a1d-be99cafaec14	393
40f5d9e4-2de7-4f2d-ad41-e31a9a9fea27	394
448d90cf-3e1f-465e-976d-6b2f3d8b686d	395
013fa897-86db-41d3-8e9f-386c8a34f4e6	396
b9a2a9a6-7a40-48a6-bcb1-8eff5b89ad5b	397
8b477559-946e-4ef2-9fe1-446cff8fdd79	398
3533dea4-218c-4fc9-ab6e-2e3dc0ffde6e	399
5ca3f318-d028-4151-ac73-78e2b2d6cdcc	400
cd8c5019-5d75-4d5c-bc28-e1e26a7dd5c8	401
680ba421-a0ec-4e68-96c2-5f092a11fe5b	402
e57f0cac-4f56-473c-8d7e-d93f753fd586	403
b5fa29f1-6c22-4321-a488-b5f363b06b06	404
75a72702-a5ef-4513-bca5-c5b944903546	405
0bfba3d3-6a04-4779-bb0a-df07df5b0558	406
42555956-bf57-4240-aadf-b58e6762932c	407
13655113-cd16-4b43-9dca-cadbbf26ee05	408
fb7272ba-f130-4f0a-934d-6eeea4c18c9a	409
4bdcee62-4902-4773-8cd1-e252e2e31225	410
d87e52c5-bb8d-4da8-b941-9f4928627dc8	411
6fe07aa5-fec0-4eca-a456-f29bff451b04	412
b345af35-205e-4eca-8006-029e5c20127e	413
01809552-4f87-45b0-afff-2c6f0730a3be	414
07b6020a-c539-4d68-aeef-f159f3befc76	415
0d4bc6e5-2a3e-4fdf-8bbf-59ad0bc374d7	416
ebee61b4-bbdd-4087-9bcb-d5aa099088ec	417
e6e879c0-3d56-4f12-b3c5-3ce459661a8e	418
ea4dfa26-f633-4da6-a52a-f49ea4897b58	419
3bd91c1d-495e-444e-bd94-19007c47cac2	420
9b0f668d-971e-47ef-b93e-abd8bf54d7f2	421
34d42823-6b56-4861-a675-1565bf40d557	422
6fda00c2-449a-4bf4-838f-038d41a07c73	423
23eeaeaf-423d-4859-8c91-2175ece74287	424
46a782ea-4308-476b-abd1-a91b197f3037	425
b202beb7-99bd-47e7-8b72-195c8d72ebdd	426
b07016ee-5de9-4419-8205-0490d95dc638	427
efc8a006-d0c6-4a9b-8cb1-91ca770fa2b9	428
2316a4da-365a-4e46-85bf-febc6537cce9	429
b378f0e6-9612-45a1-866a-679cbc631b22	430
977b779f-72fa-4117-995b-97af75d9c73f	431
a57505c9-6b43-4861-a498-fe00b349d591	432
39e32995-6515-40b2-a6f0-841524047edc	433
3cb3928a-526c-4a3d-93c5-53315fa9bde0	434
985c709c-7771-4de3-9024-7bda29ebe3f9	435
6f2dfabb-f0bb-4801-a392-592489a148e7	436
f4a31f0a-51dd-4fa7-986d-3095c40c5ed9	437
a1419808-65d3-4d40-998c-1a0bac65eabc	438
516cef4d-0718-4007-9939-f9b38af3f784	439
6758601f-6d57-491e-a125-037f382a5ddd	440
8f6bd1e4-fbe1-4f50-aa9b-94c450ec0f11	441
a0327dc2-dc76-44d5-aec6-47cd2dff1469	442
c98d40fd-f6cf-4b26-883e-eaa515ee2851	443
b896aa8c-2761-40ce-b485-0e1fffd26167	444
7928481f-848e-4551-b658-472c0aaf0c85	445
d735497b-25f9-4503-8fb5-f50150730c18	446
0dbd6300-efdc-420b-857e-895e18fad317	447
6e60deeb-a666-42c5-95cb-a5eada6bbbe5	448
66ea0139-149f-4a0c-8fbf-5ea9ec4a6e49	449
95e1ead9-4d31-4808-a7ac-32c3614c116b	450
ea854cc1-13fc-4fd0-86a5-d2c7dba06764	451
1531ee70-dbeb-487f-94ad-3e5bd18fd34a	452
2692cab2-7563-4315-924f-563a59190fd9	453
04591295-6d94-45cb-b6c7-1ae17c6f380e	454
75167b8b-44e4-407b-9d35-effe87b223cf	455
c7020c6d-cae9-4db3-92a7-e5c561cbad50	456
d4d17620-fd97-4574-92a8-a2cb7e72ce42	457
ba99a190-6065-4930-be3d-55ecc48e365d	458
db4624cf-0e44-481e-a9dc-2142b833ec2f	459
f6f2326f-6b25-4170-b89d-e235b25508e8	460
4dbf5678-7a31-406a-abbe-232f8ac2cd63	461
897db291-e88a-49be-baaa-d12e300d971c	462
20e264d7-b4d5-4e49-8931-a9c67ff07f04	463
97b1142f-c71e-4971-8736-4a8ceaf6b4c3	464
144ef525-85e9-40c3-8335-02c32d0861f3	465
daa09819-5da5-4c7a-8bef-eb372bb27ff1	466
05071a7e-e71c-4306-a509-591cd3686893	467
9c1ff574-2ae4-4fea-881f-83293d0d5881	468
52074ba6-e495-4ef3-9bb4-0703888a9f68	469
e5c7b94f-e264-473c-bb0f-37c85d4d5c70	470
6c8b9855-ba8b-48f9-ac1d-42167f7f7b18	471
af37c51c-0790-4a29-b995-456f98a6b8c9	472
765e3c07-026f-46ad-9cbc-e06b6a2383f7	473
4e997ba1-12b7-4333-a3f9-9efd3e91c812	474
d614b0ad-fe3a-4927-b413-48cb831a814b	475
328d146c-79f1-4eb6-9e40-8ee5710c14e5	476
826dc91a-6dd3-4279-ae8d-bb710db646bb	477
a10f94a9-2a3c-4166-b9fa-a7bed0bf7d96	478
f2cb0435-d643-4fab-9587-fdb0279330a7	479
847e8284-8582-4b0e-9c26-b042a4f49e57	480
6830e150-6233-4255-ab97-6e2e38759637	481
12d432a3-feb0-49b1-a107-d20751880764	482
fa97dd36-1b82-43d7-a6e4-2adeafd59cef	483
92e634a7-6023-4be8-be15-ebba822f5b34	484
733e7372-5400-4c79-9059-33e2b2262d01	485
8c538f11-c141-4588-8ecb-931083524186	486
000d90ec-d64c-48a1-b775-e726fd240e9f	487
b9bc39a4-d69c-4be7-83a7-7667c8995fb2	488
4efa55ba-93cf-497f-baf3-2ca9da7e193e	489
c07f0676-9143-4217-8a9f-4c26bd636f13	490
59bc9b3e-bd06-4c17-9603-6e980eaa16ca	491
b86bf49a-9097-4faf-9ad5-ada6dd8fe459	492
f181961b-20f7-459e-89de-920ef03c7ed0	493
084308bd-1654-436f-ba03-df6697104e19	494
35e227e5-f724-4699-91b2-d5184cdc7411	495
ff6e677f-91dd-4986-a174-8db0474b1799	496
cb67438a-7f50-4f2b-a6f1-2bb2729fd538	497
ff865aa0-4603-4f79-ae8b-8735332e2cfa	498
2ce02909-598b-44ef-a456-151ba0a3bd70	499
a11aacf5-fcbe-47f9-b065-75f4466c00ae	500
0eee89dc-7d86-4a15-97be-011652c49288	501
fbd2a255-1d57-4d31-ac11-65b671c19958	502
22a40b75-affc-4e69-8884-266d087e4751	503
2d1d8985-47bc-4244-8cc3-577584e411f6	504
9bf79f68-c064-44a1-8c2c-5764f1d7c016	505
190e78ac-8f44-4bf1-a4ff-95ed9376ad9e	506
2f360fd9-6440-4896-9f45-8156e8b0b204	507
d530dbf9-69b1-404f-98f2-0431104f5a1e	508
8b506e4a-c343-467b-aad6-300a9bfac355	509
eab76c9f-ff91-4431-b6dd-3b976c598020	510
0bc858a1-3573-4216-9423-c96dd8c72919	511
835f0890-36cf-44bf-a0dd-cd84ee23462e	512
8efb78e6-9401-4f54-902b-57e9c3b54e64	513
3cf656c1-6849-427a-90ab-cb8c37991a45	514
ee6e8790-7123-40ab-b7e9-03c4fe6aa08f	515
e4c226f2-ba57-483f-be6b-3391112244b8	516
e59b17a9-2c0d-4284-854e-6d51a448091d	517
944e1036-8a03-4611-8aa0-31515a05c848	518
149326c2-b8a3-48e3-b3d2-9b5b9593127f	519
a2496a3c-8f42-4b98-b780-6f8d64f56441	520
ebd2ac91-6249-4e4b-bde1-353a424138c9	521
f1c0d18c-6101-4aa2-ae47-8df5b7280fde	522
c7e31260-7372-46dc-adf1-bd6e3e983e32	523
f37b3f31-b1f8-4b88-8cb5-b34f709b17d7	524
4167b497-1ae5-4502-a8e6-e1546ffbe514	525
b95ce3ff-3d05-4e87-9e01-c97b66af13d4	526
c296e10c-110a-4103-9e77-47bfebb7fb2e	527
c3694ddc-f7e5-40dd-9fad-90d11a2c50fa	528
0189c612-39a5-485d-8fc2-eca025b73861	529
4f4d2d04-146a-4974-abfa-76163e9431d8	530
7e30debb-3308-49ab-a5ac-6d49319a5705	531
38d16213-25ba-450d-8665-4e08548e62e3	532
24486aba-1e38-4c99-aa1d-bec293bce49e	533
fd5580a2-8da0-45b8-8a6a-83622b751a77	534
bf24ca37-25f4-4e34-9aec-460b94364cfc	535
0c559a85-776c-4cf4-b18a-f3fe6a105e18	536
1de167f5-7bec-4371-9029-a45a7332b792	537
ffe9ec08-6b6b-4993-9394-e280b429dbfd	538
b0c29120-f45b-43f2-bf3f-9865aaa07acb	539
b88f21a7-a1b9-48fd-bbc4-ae758026f17f	540
e6789f87-64c3-4af3-89e7-acbeb7625203	541
68be8273-cb12-4053-964d-157b7e5cf265	542
fc015f11-be38-4b7d-b3e8-5d809242ecec	543
370bd5a3-4abf-4356-8576-3a8fc0c11d65	544
de030dcd-36e3-425e-9201-0d5be10769f1	545
88e2147d-0332-46f6-85b2-b5f463ba957b	546
47347cb8-ac34-4916-84b6-d85d4e5e5384	547
07a2dd02-a308-4d15-a76d-204b7660830f	548
4d8afa16-4018-4ca8-8b5e-ede8f9314562	549
2fa27deb-ae3c-44b8-a8c8-d55cf7b4e254	550
9101e9de-1419-4e22-89ee-2737b7729653	551
4539050e-e355-4c39-bdfa-e74cb67ce365	552
36f1ffb6-f5e2-42d1-ab3b-af177d49dd4f	553
d13f0f47-36f9-4661-87fe-2de56f45c649	554
f97b55a8-7d03-4ebe-a277-a9cadc2a9f86	555
0b511854-c21c-4af1-9c31-e3fc178ded61	556
e425b041-c28a-4ae8-9d5c-997890433cd4	557
d2c1af9e-b83a-4ad6-a3e8-53c993d74730	558
9c76170f-0d77-4aa3-b3c9-52f1ce07b9ec	559
fd8f81b4-3752-479a-baeb-e2eea7e90fb5	560
764eb299-d4a6-4a9d-af8b-d0dcf7b3d3ca	561
09eeeefd-96ad-489b-a5d9-4fbfc40de5ef	562
ab7ebf8c-059f-4071-93b1-dd3ae80d60b2	563
2fa45bbb-0efb-4950-9d40-94bf23cbfec1	564
697f8b9f-0454-40f2-bba2-58f35668cdbe	565
600b1218-08a4-421b-9f9d-a534eba88512	566
b45335d1-5219-4262-a44d-936aa36eeaed	567
9ddd7abc-9e1b-471d-8031-583bc6bc8be9	568
fa57d5dc-bcfa-40ea-9638-3d3cd89d1258	569
958c9a97-5bba-447a-b0c1-2cd4623eff73	570
b755836a-0cb6-4577-a678-55a5a6402d70	571
ca7e5899-0934-4f35-b153-60562b8f9e9d	572
f2be3d59-c508-492b-a553-056fc8a7e7b0	573
dd48e14c-8e0b-4c2f-be56-1ca77b849fcd	574
b1797662-484f-4803-a6c8-c16baaebf399	575
0cd12ab3-9628-45ef-a97b-ff18624f14a0	576
44a7f7d5-79df-4f44-8f5e-02dfc0626904	577
6a65d878-fcd0-42cf-aff9-ca1d636a8bcc	578
584c04d2-4acc-491b-8a0a-e63133f4bfc4	579
3dc00dcb-6106-43d1-b48d-21d236f53983	580
5cb608ea-bd36-4a33-b9a5-822c7fc4194d	581
2e41ae9c-afd2-4f20-8f1e-17281ce9b472	582
e491fae8-3a5a-438e-8368-925753fb41a1	583
b2232b64-d79e-4c66-b841-634ca4023bde	584
6eea322e-ab09-451f-818b-a1348ce14b91	585
4d7928cd-7ed2-4282-8c29-c0c9f966f1bd	586
c3f28da8-662d-4f09-bdc7-3084bf685930	587
848a122b-9dcc-4ff7-91b8-e4f37b8f1147	588
265f242e-cf4e-4fbe-a3fe-43112387172f	589
69c4cc43-8163-41c5-ac81-30946d27bb69	590
7b885d42-3c41-4f43-9944-a5855ec5155e	591
22a096ef-c70d-4d70-ae19-4fc2412d4986	592
34cf95c7-4be9-4efd-a48a-c2ea4a0bb114	593
6606c527-376a-47b4-bb35-748d01e14f6d	594
a5be6906-b6ad-43af-ae65-ec4f9aa6c40b	595
be407b02-f3e6-4ed5-9489-f8e5f0ab36dc	596
d644ba8a-ed79-4ec0-8afa-238a8f254140	597
bbc8d6b5-a3e3-4d51-9f4e-565e9ef94967	598
0743b15a-3c32-48c8-ad58-cb325350befa	599
28cbf94d-0700-4095-a188-37e373b069a7	600
f467181e-d5e0-4285-b47e-e853dcc89ee7	601
17be38e7-97bf-4ead-8432-ba05455b3860	602
04cd0cfd-bfd1-4c36-bc38-95c35e2c045f	603
8eeecca3-3e44-4311-93e5-e67decfafc06	604
ca2c20d6-1abc-4254-a7eb-451ce7dc6e66	605
e8993e9d-9313-4447-ad23-791459a3790d	606
ffa93e03-f6c5-4d78-b0d5-07d0d6de46aa	607
ab459cff-7bdc-4b7d-bf1a-9e48613c033e	608
4c567499-3a26-40e3-9471-20feb6c73767	609
69421e11-e4c3-4854-951b-ceab4972e38e	610
78f797e3-4913-4026-aad0-1cd858bd735b	611
199d0ab3-22c0-4c00-b99d-257f591dda1f	612
a66ebddc-ff04-46b8-820a-15c63e80dba1	613
e2c3c508-f0ab-49af-92c9-a81d66d67405	614
bb1f91d2-1b54-4ee5-b55a-626492a5904f	615
9ef7078c-fcf1-4562-afe0-0b3b04d6a50a	616
43e81abc-bd9c-4056-8c2d-6dfdf3902025	617
7b61cf8f-c042-4bd4-b64a-25cb40f3dd50	618
3604c99d-c146-4276-aa0c-9376d333aeb8	619
09885b8e-f235-4b80-a02a-055539493173	620
fa7b9055-3703-473a-8a09-adf2fe031a24	621
a505bb48-ad65-4af4-ae47-29149715bff9	622
e3e4e534-30cd-4979-bcc5-a75c49802f57	623
a8754ac4-a85e-4f48-a81f-eecd482570ef	624
7fedce48-0f20-442d-80fe-324c61339fc3	625
44cf61b8-5197-448a-b82b-cef6ee89fac5	626
8579d918-835b-4c1d-ac00-45a7f4a8763a	627
35723b60-732e-4bd8-957f-320b416e7b7f	628
9b8eaa87-3c0f-465f-a980-13668fee7896	629
bd6578d1-ee4f-48ba-84d3-70f4f94db11a	630
8925a01a-8608-411d-a90b-f3a52d061208	631
8b763a0b-7951-4d24-b12a-58c2ab6cce8e	632
9ffad8aa-b671-4a9a-a527-a95bdaaa0ec4	633
74171dd1-1950-4c9a-88ef-93e039403c76	634
79491354-3d83-40e3-9d8e-7592d58d790a	635
6ce9aa3b-a58b-40dc-94f5-954da0a279d1	636
a2946280-eb7b-4223-80f5-e008045c397b	637
938dc8cb-576e-43c4-b97b-312d374ddd10	638
864d7069-57dc-45f6-b408-875b35106dd3	639
9b8d6e11-05a4-4688-9d96-ad746bfedc41	640
07efa8cb-2da8-4d40-9676-c2e5929e517d	641
ad61e25e-5516-41e1-b60d-744e8220986e	642
c4153c51-b4ac-4183-beb3-c5dbfce39176	643
d1c0c2fa-c48b-40ed-8e52-bfa4dbdb3422	644
0cee95e3-a61d-4cd1-a39c-75464a05b606	645
6ee7a715-e0c0-46d0-a215-2e17001699fc	646
ad996aef-cc1c-42ac-af5c-619c370f4b8a	647
618b6900-0618-4f1e-b835-bccb17f84294	648
35dac7d2-0b1f-470f-9a5a-c53c8821f6d6	649
e3e0abcd-7671-4482-a9d8-462f5acc9be5	650
c004177d-8ed3-40b6-b46a-2dbd32077a26	651
5d02f264-e225-41ff-83f7-d9b1f0b1874a	652
19d37d2f-fefc-4ff3-aeb1-1aeae97ea6de	653
534ee493-bfac-4575-a44a-0ae41e2c3fe4	654
9311e2bc-bb3f-44cf-90d8-b1fe6912b60b	655
62d8c600-1830-49ac-89b3-edcf60d7471e	656
674bf89f-8e70-4472-929d-6b4ed6f98c88	657
c0766f2c-6197-4852-9f47-9dfd71923afa	658
647221d0-f6b1-4e03-924c-c59b8059536f	659
564fc407-34d2-400b-8d14-53535054d394	660
94b0fb9d-a066-4823-b2ec-af1d324bcfcf	661
98eb6868-9f31-400e-90d8-9a46380c1bdd	662
c544ed4d-2390-4442-a83e-1ea2883b09c8	663
32efc6ae-edf6-4fd1-b268-226073db9a36	664
9c440543-efbb-4f5e-8510-dde56fbf4d0d	665
0ab49580-c84f-44d4-875f-d83760ea2cfe	666
0acae232-d31a-4211-b6d0-6af1b6350274	667
de69b501-2f60-4893-aca0-f1a6766b7fc6	668
dbe35fab-1b3a-469b-87f0-6a54ef8de3c4	669
f57ceb78-1e1d-427e-8fad-30d63acf9d4a	670
05755bf1-380c-487f-983f-d1a02401fa28	671
328721da-b2c8-4d8e-904e-35eb1aa718c4	672
18411cb1-a3e0-49ae-a308-dd9004677726	673
7249b899-8db8-43e7-9e6e-22f1e736024e	674
4caec583-cdcb-437c-af84-8797b11b6807	675
0ad7bbcd-6e77-4dc0-bb61-e331c46f70ec	676
24f1766e-9635-4d58-a4d4-9413f9f98a4c	677
ece57992-dc2e-4f67-a269-fa43626c1a3d	678
1c1c86a2-7850-47ac-8771-ae6359bae2b7	679
936addc3-91aa-49de-8ec0-0dc186de151f	680
04f8dad4-de2d-4e98-8837-6a55075a9847	681
ae79ff82-e327-4230-9b29-880d92634365	682
f46bd570-5768-462e-b84c-c7c993bbf47e	683
cbfb9bcd-c5a0-4d7c-865f-2c641c171e1c	684
c0bbc0ad-9fee-42fe-9419-89a72881afde	685
4ed35152-5207-4101-8904-6cb5d159b545	686
5275425d-3cdb-4a9a-b9eb-3e246ec69881	687
d4a1404d-e00c-4bac-b3ba-e3557f6468d6	688
d6e65033-b56a-49df-8744-6fc3ffd75edd	689
c31500d6-4ad1-4850-a004-7d9a2c2492d6	690
674a7e8c-9682-419a-8e05-2358e28b5359	691
1c46e82f-4764-4d82-a33b-5d5aee5e2881	692
b004d3c7-5402-4034-be67-13eeccc7b1af	693
07e748f1-075e-428d-85dc-ce3be434e906	694
5700dcd4-c139-4f31-aa3e-6382b9af9032	695
1a1cd7f3-e5df-4eca-bae2-2757c9e656b5	696
e3eb5f1d-f57e-4cc5-9821-e79bf2b4f0b6	697
e1f1e33e-2e4c-4d43-b91b-7064068d3283	698
0383dadf-2a4e-4d10-a46a-e9e041da8eb3	699
76b4331b-278c-45ce-b32c-415fcf6a3568	700
0039c7ae-e1a7-4a7d-9b49-0cbc716821a6	701
7a1953d4-ceab-41f8-9a06-3e35dda82c09	702
45074d7c-5307-44a8-854f-ae072e1622ae	703
52fb411d-5884-497e-9cc1-1e0eb3cfcb01	704
c7732cf8-e9a1-46f1-9133-84d930f3187a	705
f9ef7a22-4262-4596-a2a8-1d19345b8e50	706
613132d8-07c4-409e-9b7f-e160e4045035	707
3ac2a4a2-52b3-498b-bbc8-31443c68dfe0	708
7177fefd-be55-4076-a10b-37fab913855e	709
44f42386-a733-4b51-8298-fe5c807d03aa	710
dbb4b8ba-3a2c-4336-9510-872b5f893b86	711
1ffab459-9b77-488d-b224-49a9e730a41f	712
347aafad-0d39-4046-8455-21da93854943	713
4bd31567-70a8-4007-9ac6-3c68c7fc3d45	714
5894dac5-0260-4175-b36e-e34680a859d6	715
a2accb58-6099-4cb5-a3c8-f6332f364db5	716
bf52f343-a752-4633-8521-9e99eaad8f9f	717
4e0dffde-ad2d-45b7-9c75-d57ce55de061	718
32a83250-7e26-422d-b9ac-f4564343e9ce	719
a0cb6773-0c16-4557-b66b-c14cae51fd61	720
a55c2f1b-3f3f-4d6a-aa30-5e186dbadce6	721
85247a54-28d3-4a99-9a2c-b333ac71a550	722
2ddd167f-5b8a-4372-b350-6ad50493bac0	723
c9fe2520-b2f5-414f-8981-47cc877f62dc	724
d135874d-9cae-4fef-97e3-36acbd9f5a26	725
c14b4180-dc87-481e-b17a-64e4150f90f6	726
21685b15-3074-446e-aa1d-ff7157014f53	727
bc6b7d82-1d7b-4f48-b742-d32936f5d5c9	728
e8aab2f0-164e-4984-a893-9e446f150202	729
c1839207-c3ca-4400-a93b-dec9f3e21734	730
e9c832b0-384b-4ee6-aec0-111372784aac	731
6b064ead-91a4-4ac8-8076-b1febe4f4aac	732
fc9ec2b3-b44a-4dad-8bc3-ff3738ee02ae	733
b1fedd29-577d-45b1-95a7-d477f0fb6bd5	734
9896989a-cfdb-4ec9-8bd5-4dbd33982cef	735
a1c29c2f-778f-4b02-9ac7-80f0c37cdea9	736
280eefed-669d-400c-aef1-ee84d0477620	737
8951c87f-f730-4247-b442-52ed14ad6a97	738
25b75a66-ce83-4db3-b136-395a3c3784c4	739
59330405-08d2-477d-b5ab-21a1cc396701	740
148d7e7c-3557-4738-b594-8fef13fd7668	741
ec091c5c-cb67-47e7-a2c9-e61ec1afc17a	742
59e7ace7-3233-4f56-af78-4765957402cb	743
f969f986-97df-4fa0-8cef-ffccd098ff50	744
f36dcdaa-9c61-443d-bbc9-6b60ba90f4a5	745
d0d33317-df56-4a3f-8ee7-0e38dbb5b42f	746
0ef3f425-9bd2-4216-9dd2-219d2fe90f1f	747
fa0daf56-e94c-4007-9a00-4d1b05d85f96	748
186aac8d-682a-4de0-aa5f-86a0e5c98792	749
cc433a77-176b-4d02-857b-2bfb68b3219c	750
32705a3c-54cf-4e48-a3ab-2801157a09dc	751
89af9575-4d72-4345-8eba-e9de3d36ac34	752
23228f18-01d5-493e-94ce-cfcde82a8db2	753
b3e21c72-3515-4112-8043-64401576eba4	754
5944c2b4-dd95-44cf-aa6c-f8e3e6dc5d65	755
48c45151-1ac6-4fc1-9b54-2e2845d3a6a0	756
dbcec54d-49c8-4d61-8512-8025bb37bf8e	757
101e0102-841f-4858-972b-edf716ee67c9	758
0688add2-c282-4ee2-ba61-223ffdb3c201	759
24891aec-ae3c-4e91-bbeb-856936dff9c6	760
ead4fa2d-2ecc-47f6-8ad0-01d26683e7db	761
2c68a581-5b3a-45b8-a0b1-39c40873277a	762
aeee5fe5-38f5-41bc-8ab8-9f9aa23e4f68	763
8538e728-ca0b-4321-b7e5-cff6565dd4c0	764
4279aba0-1bde-40a9-8fb2-c63d165dc554	765
9bd61217-cf25-4baf-90a8-28866a000a99	766
e193397d-a888-4b4d-b11d-2a602c24b023	767
44727d86-a37c-449f-aa91-4a8554127336	768
65314b12-0e08-43fa-ba33-baaa7b874c15	769
18b23026-ed29-445a-9bb4-4e86598ab5a9	770
c26c3822-451f-4545-b55a-bd09a3c815ae	771
a1895b7f-749c-469c-b535-2947b7817363	772
e212efdf-98b2-4dce-92ed-62cfc1e29854	773
79e98efd-4515-412a-af83-df381f5badd6	774
49814f71-8fef-41ec-9af8-b6995c0bd601	775
e36e78eb-3ace-4acd-882c-16789e700ab7	776
ad29ae1c-2eda-4071-9dc8-31910e7e546c	777
13501c7d-d181-45ba-af52-5f101d8516a0	778
7364dea6-ca9a-48e3-be01-b44ad0d19897	779
9f5a87ec-0201-45ba-8b03-3b9e0b50a112	780
c0d96e6b-ee48-422d-8c28-f169ada973a8	781
314ff7f3-96d1-4b94-86dc-ba05c64dcd73	782
32efea44-6cb5-4b4f-bdaa-c8b8f6cef981	783
601d793d-7e96-4bb6-b4a6-712d5c926259	784
5b5007c9-28e0-4895-9c34-40d17a676b7d	785
000fc734-b7e1-4a01-92d1-f544261b43f5	786
2119beb8-6ac5-4f21-82a4-b831c90c0024	787
bf0f7e29-dfe1-416c-b5c6-f9ebc19ea810	788
4b585938-f271-45e2-b19a-91c634b5e396	789
cfd70533-c11a-4e0e-995d-f4ffe6f3119f	790
fbd86487-ccb5-4a57-a860-cc3d360b5115	791
24e36781-1f4a-40af-bd18-c5de61f10c66	792
f83781c8-64f9-4657-85bd-51f74d195cfd	793
3660a894-2cf6-4f6b-b995-c967da3c78c9	794
aaae25bf-c794-45d7-bab7-cdc7c655bfa6	795
28503ab7-8bf2-4666-a7bd-2644bfc7cb1d	796
f7c65346-9631-4220-9188-5e90baae58d5	797
6b66dd3a-d88b-4732-bc13-359d8964b7f2	798
fc79b760-fc4a-4efa-b0e5-f0387d7cd25f	799
e8421a37-3ae6-4f32-9668-0f7dc216410b	800
9940c604-2456-4193-a403-ab18420bc1e9	801
0cc9f11f-2c83-49de-85d3-631df23053e0	802
6dbd7f8b-20ac-4287-8dd3-b4cae5c5f82f	803
e4f92153-dd32-4c81-98bd-e0ad9a1b9672	804
7b2f87f6-db90-464e-a27a-deb4f7219e90	805
5b86eefc-f3b2-4b91-8161-c505869fb17f	806
169c4c28-858e-497b-81a4-8bc15e0026ea	807
0f82d6b5-12fb-4569-b047-a00194f572a7	808
d4d3c818-005f-43bd-b0f8-89e74dfe4dca	809
78ff5610-135d-4a6c-8d51-d0978d82f1bb	810
88861c95-0cd8-4710-81ef-6cecd7ea8ff5	811
8830afec-83b3-4213-aad0-f6377f1d73ac	812
ca30be07-e94e-4bd8-a022-1dfbc462905b	813
c8a9ae11-63bf-409b-8bf3-a96b3712a2ff	814
4ccbc5fc-e432-4456-a472-99c4ebc4085d	815
d5be5333-4171-427e-8e12-732087c6b78e	816
5a54b72e-bfb3-4ca6-944a-e17261399965	817
e5e05158-5ee9-4933-b9ba-7fb2e3fcff11	818
fae2cd4c-f847-4cb3-b311-60c8906cdb0b	819
e7fa2614-2da5-496f-b575-07ece506a5d2	820
db987393-16fb-4408-b43b-b82e75f1fffc	821
ca5fb5c0-c3ff-4c34-bed5-19fdfdffb58f	822
0f211bfc-8c69-4cb7-9165-acbe4353cb0a	823
f4f84b14-df5d-4a65-b104-212d4258752d	824
107c7983-0728-46ea-8550-77e698adf690	825
e88265a7-acb6-4355-837d-e405d048b908	826
9190f8a8-6472-4811-9223-3e985b08c9d0	827
9d1ebcfe-4c15-4d18-95d3-d919898638a1	828
b8a99cb2-8587-4a5f-8e16-bcca6ba5b297	829
3ad4f6ec-253f-4050-8849-ca26266edfb8	830
03ad1736-b7c9-412a-b442-82536d63a5c4	831
c940b11d-2be6-43f8-8653-c192acaadf18	832
19172a4e-a7cb-4c96-ab5e-6058156a7481	833
e5963d26-01fa-40f5-b200-e0127f410a45	834
202d588f-f92b-49f3-b04a-8adb3d02d6b4	835
ff294730-0315-440d-a543-54005779c15b	836
8b399704-17f4-4001-943b-1d2b848940aa	837
7bbfd77c-1102-4831-9ba8-246fb67460b3	838
5caecb2a-69fd-43b5-b81a-8b9c6b5d4ad4	839
be345ce7-4bc4-4f8d-8705-72ee5d0fac01	840
3257dcfb-0b88-4efa-ae43-9b92a799a463	841
c3171463-d55c-4140-ad06-dbdac29c508c	842
c2f28620-9372-4af4-b961-cc4b9e44d60d	843
2d0ec174-2bff-4f46-ae1b-dfea0ed9391c	844
64deac19-021e-4dc1-8d11-658be8763589	845
0881daf1-20df-4a3e-a84f-6476a84bb172	846
ff30cc46-5d98-4708-9c96-a217a7b1e0ff	847
b10bbbfc-cf9e-42e0-be17-e2c3e1d2600d	848
fbb375f9-48bb-4635-824e-4120273b3ba7	849
ba830bb9-e42d-43cb-a58f-8093a3a1f4e0	850
b017a7ae-e5ee-4675-bb13-c83346134971	851
c95e8218-f630-41ec-9916-36eb2d2a187e	852
3daebde2-4630-40d8-be75-438edea4b281	853
20e70b5b-42b8-44da-960b-3040a01223a3	854
689345e6-7164-4296-84cb-a1f2603fcd63	855
ef2c6449-d02b-415b-ad8c-c14c08266552	856
9ca3ed7d-9573-49e1-856c-584442dde215	857
4d2a0cc7-cb13-4a33-8299-bfa6e627deae	858
667e856e-f3a7-42e9-8244-95422ef31321	859
d7311646-287b-4d3a-9a4f-7d46f93075e5	860
59a7fbcb-ff74-494d-abd0-9c82359040c9	861
5e88b386-cf20-4aee-86b3-5a22cb8c2fda	862
6f170174-45d3-4ee9-9315-8bf02717fadb	863
744a5a80-fb84-4a49-b4a2-d514ca905b66	864
050c59c3-12d7-4d7e-b890-9ebcf0caa85d	865
ea5883b7-68ce-48b3-b115-61746ea53b8c	866
5c71ea68-9238-4dfc-8519-bd6eff6bc28b	867
b2a9731b-9e13-4ff9-af21-5e694a5663e8	868
d66acd16-1a3e-449d-88e6-02ffbc55a264	869
62dc94cc-f611-4345-87cb-b914796a4a45	870
7c158ea8-c0aa-410e-bdc1-20bba9759577	871
ed785ff1-8b1b-4bc0-8a24-dcc831013059	872
c23b637b-97c6-41eb-8ef6-6c724efc80a8	873
7fbfcd25-9ce2-4ef4-9270-e971ea61fb4a	874
6a0f0a74-8689-4bf6-aa8e-6a954ac5f0cb	875
e479c9f2-730c-4044-b554-e967320d57e9	876
4306a798-e2f8-4192-9a45-2fd41cdae60c	877
81be1ffb-da44-4449-abdb-40d5b34192f9	878
6648391e-7890-4f6c-b939-976f215195d3	879
cca86ec9-6f6f-4f9d-a62d-f833a22f9c69	880
76af8b7c-25d6-4f57-9e6c-66a783dfbae0	881
214d84a5-e9e5-4432-af95-8c84da7ba4c0	882
122805dc-68f0-424f-8f33-7a3d141cf4f9	883
5e6c760b-42e0-4df4-a221-0269355da00a	884
3fbcd2d3-3d78-470f-9e47-8f4d66da2474	885
64b86e99-b6ec-4fb1-a5cd-f95482d3b57a	886
f5b8ea5f-c269-45dd-9936-1fedf3c56851	887
b829fd61-6860-467e-b551-c06621c1d5c1	888
c3e89532-db13-45df-9e5d-82bd2a7100d4	889
860b2707-6153-4e3a-aa57-74d2b42c55b5	890
a33a9cd6-8c03-4047-b62d-59f76f494c20	891
c5a05cda-2f00-4566-9e1d-7b366fcdbfff	892
9de23f23-f207-411c-9889-af24fe7edf52	893
f5699bbd-3ceb-4c7f-97ff-66e1cb7290b2	894
6821bf3f-5d5b-4b0f-8fa4-79d2ab2d9219	895
63b2d8f7-45d2-4b4e-8ffd-92cfcbc38688	896
eeee6fb2-d69a-42e2-af8a-9899957abf70	897
2c916f95-f6ba-46fa-b9d8-dc0d9379f603	898
802f09ca-3f3f-4fc1-a5fc-0e8bebc15f62	899
c163f6f1-84c0-48fa-81c5-8129739b6c3c	900
54799c0e-eb45-4eea-996d-c4d71a63c499	901
fa19ee38-c2a9-4ed1-9b24-a18100cf9db3	902
da90b5da-349e-4906-a0b4-805f5e46190d	903
3697647f-1839-479e-98a1-9ad39004d923	904
3e7b2266-5a73-4ead-91c9-a73cf9d4b2b4	905
2d67239c-aa40-4ad5-a807-9052b66857a6	906
ad386705-fb8c-40ec-94d7-e690e079e979	907
8a396a9c-2e4f-47e2-a587-c26e93a0953f	908
63011a8d-0117-4f7e-9991-1ef1f337ff70	909
007a084b-f435-4d78-be2a-3f9dd552ebc9	910
c0b2500e-0cef-4130-869d-732b23ed9df5	911
01d3c51b-9b98-418a-8d8e-37f6fab59d8c	912
e45cc18b-8cda-423b-8763-91e0303614e3	913
b5179744-f217-4455-9d8b-17b8d4fdeb93	914
0405b306-fc1e-4c20-a5de-16617f653a82	915
62773859-b9b9-4108-b814-cfd91459d716	916
dfe9a7c4-8cf2-47f4-9dcb-d233c2b86ec3	917
006f0783-c5a0-458b-a9da-f8551f7ebe77	918
b1a56779-c7a9-4a45-b299-9f90e14f9ead	919
1350f186-0fbf-4ea7-896a-340d52a29f40	920
49c4378b-3c36-4c5a-8999-8d936e74f39b	921
29b0a6c7-ab3a-4bf3-a64f-63c8a3548196	922
8027281d-79e4-4ddc-a8a7-6e6bf9254ad3	923
122d63fc-8671-43e4-9752-34e846d62a9c	924
42222090-c5e5-4243-8582-c29bc8b63ec6	925
74d09672-70d7-455d-a030-981d820da525	926
9c0b1b7f-d63d-4e4f-bbec-1e7e7607dd22	927
cb69e1f1-bc76-4df5-93c9-cf97dd8a3b5c	928
4342cf80-7c06-4402-a431-457e77310474	929
fb821608-35fd-4a45-a4b2-1a0537cee111	930
8d50cd20-34f2-4abe-ba16-0759ee0fb9f5	931
68f10636-b5ff-46a5-8ed4-4c1c5f05c11e	932
881cf2b4-bada-4cd6-8563-c827d997fb66	933
cd830a8f-89d2-4e96-96cb-7a497e51d437	934
fa319aa2-15cb-4d02-8a0b-7080869e43ca	935
297d747a-c027-495a-ac6b-711edffde045	936
3efd863f-6a5c-400a-9868-6ef533d51509	937
0f96c38b-8e21-4571-afe0-cb11196a8acd	938
11b1a7c4-3a48-43f8-9d57-6a81fdd1eeba	939
eeb1195b-f213-4ce1-b28c-8565211f8e43	940
1305bd7e-27ef-4236-ae87-0a7d435234ca	941
e618770f-e994-41c3-856f-1eedf56b6d74	942
def226b0-7990-4b38-ab1a-7740461844dc	943
19a2a56f-fd53-4dea-8cec-88046efb0fd5	944
87c5dedd-371d-4a53-9f7f-80522fb7f3cb	945
936db8ea-2d4b-4d2b-9665-ad8fdecac835	946
dcbd7e51-de76-47d6-aadc-7e38b779f82d	947
1c70a3fc-fa3c-4be1-8b55-c3192db8a884	948
caaba574-dfbc-4681-8e56-19b5150897d2	949
a66cc38c-e6cd-4725-a8fd-7d32b998347f	950
4d2956d1-a3f7-44bb-9a41-67563e1a0c94	951
158535ff-f2bb-45b3-a53f-c41c38a2b2f8	952
b1570544-93ab-4b2b-8398-131735394202	953
664c3e0e-42d8-48c1-b209-1efca19c0325	954
081b133e-ce74-42ba-92c1-c18234acb532	955
9f041c61-f382-4048-a1f1-33105124bb99	956
2765f275-e5ce-4d2a-9817-798df4dfb0b1	957
eaf6a7ca-105d-4a94-ba02-8c3e4040319a	958
561d854a-6a28-4aa7-8c99-323e6ce46c2a	959
58459993-910b-4c01-b595-7f4cbe9a49e4	960
ac18f936-0086-4bd1-a8ea-629e2c35a906	961
6b995d1d-d2b4-47df-a582-b82bfd96d055	962
336dfcad-2587-4f5d-9338-3a445282364f	963
4e210d41-b3e3-4e34-8c3b-3b8cc2116562	964
c485632c-b784-4ee9-8ea1-c5fb365681fc	965
5334edc0-5faf-4ca5-b1df-000de3e1f752	966
a700351d-21f5-4260-aee5-d39857772809	967
711c83d2-d701-4682-bed6-3a2afc1bb9e4	968
6805e4d5-f550-40fe-b731-05dc8229e74b	969
5ebff09b-5db9-4abc-b3dc-140fb6ff013d	970
067102ea-9519-4622-9077-57ca4164cfbb	971
2f548675-008d-4332-876c-108b0c7ab9c5	972
023e51a3-4711-4a90-a6f8-8601efab2a4a	973
f75150f0-d80d-4c34-903b-6acfb47b63ee	974
eddd6562-ab2a-4a26-a53a-2141854a57df	975
9f4452f2-0451-455a-80c4-c873dda66eca	976
b822008d-f2eb-46fe-8ec4-3ad7499a6062	977
f897e098-941b-4fa4-b966-4870c1e5614c	978
cea6cb45-d685-4917-90bf-482b656f4cf8	979
2682f5c0-4c0f-4fc0-b59d-eb4ed3f61505	980
2ce8e725-08a9-4d65-b12d-ebb8929f119a	981
d57a4eae-8f74-4bd8-9702-0e77a1548c60	982
4062025b-e1a7-4413-adc4-0236d6155dc0	983
6ba963b8-83fd-4019-b454-806cacf9a49b	984
7aac1462-bd76-4a95-b63b-60182f69d361	985
7536267d-77be-4984-b7b6-59f24afe82dd	986
ee1a6d4a-b1ff-46a8-acf2-af575424bda5	987
26846e1b-6bc2-4eec-932f-23e525b1591f	988
efa3a709-1f7c-4c28-92ad-7fa8444e49c6	989
43d30d64-e433-4314-86e4-16288d3378a6	990
9ec90f51-2c4a-495b-b478-2dfc9c07f8bc	991
d7762352-8894-4fb2-9165-5fa7a2fbac42	992
e8cbebb8-be7b-4e9c-b161-f72d63a6f0c5	993
c1520b12-fc67-41e4-9cfa-e857e836b827	994
ef5084da-d69b-4a20-876a-e0299822a7bc	995
183105b5-3e68-4748-9086-2c1c11bf7a3d	996
c2e36518-9c3b-4dcb-82ad-a3fc7fe99c67	997
3b17dcd9-05d2-4485-bd05-3838845bd556	998
2eae4a3f-2a38-4b37-bfcf-7482a378f27f	999
1b8c245a-32d5-4b3e-99fe-048a4234fd7f	1000
f9ab44f1-7b19-4ecb-830c-403abcf36cd1	1001
d3b2711f-2baa-441a-be95-14945ca7e6ea	1002
9606eb8c-53f6-48c4-baaf-9586391af769	1003
bc7ec666-4700-4f48-a797-5c607f84a890	1004
8f9d6bb2-dba4-4cca-9967-cc02b9f4820c	1005
7bf1f441-ccf1-4258-9797-07c8d16eb44c	1006
2f522f5c-111c-4ce8-8bd0-d82e97c227ad	1007
f4857fb9-e255-4dc6-bd01-e4ca7cc68544	1008
4f4bda3c-d636-4135-b65a-6cc26bc75788	1009
190c5aa5-0ae9-4ebc-83a9-642ec9226932	1010
6b6c0379-2204-4964-b918-0a3bc565682f	1011
92f29d03-1d89-42a6-9ea7-ed17bc5d6dc1	1012
9809d784-037f-46e7-8d2d-7ecad897f355	1013
070d193a-845c-479f-980e-bef15710653e	1014
c3cceeed-3332-4cf0-8c4c-bbde425147b6	1015
1ee18fb3-18a6-4c7f-8ba0-bc41cdd0462e	1016
2a3b4e72-e259-4490-a775-65671388b9f6	1017
ccb8f30e-4d71-40c4-8b1d-846dafe73e2c	1018
0df6d50f-7e43-4c6a-8220-61932b67c9c5	1019
1129817c-488a-4096-80c1-77fc1b107c93	1020
91f603ca-b126-42a2-9c29-820ca687347c	1021
1884ed9c-6fe1-468d-a7f8-8d19c9c4e441	1022
dfa715ac-b536-44df-af43-570d3ea3edec	1023
45a663b5-b1cb-4a91-bff6-2bef7bbfdd76	1024
5403bf6e-bc1d-4e62-b31f-926a2bf66a14	1025
4b462375-c508-432a-8c88-ceeec38b16ae	1026
a143d507-b546-409b-be09-7f77c804b1b3	1027
f31ec2ac-9071-4306-acd1-d2c8321033b5	1028
0a5c92c7-4aa7-4324-82ab-8e8e733507cb	1029
494e8d09-f85b-4543-892f-a5096aed1cd4	1030
cba94150-9113-4017-acc2-a8cc0313a084	1031
a04e09c8-733c-4430-9e22-99ef9dd5e2d7	1032
ccfe7a3c-1a45-4984-a8d0-644549cefe61	1033
78e98e0e-f873-4e5e-b4b7-88b7293fd713	1034
bd1180c4-4252-461f-94dc-543906c02522	1035
73fdb566-a9b1-494c-9f32-51768ec9fd27	1036
7944ed53-2a58-4035-9b93-140a71e41c34	1037
5ad8fbf6-508f-4e74-808d-6e1860bdaaeb	1038
836d43ae-5086-4f45-9e23-b02edca37653	1039
fa590fc3-54e5-4ffd-9e47-aec0f395bc16	1040
8d1941fb-5e6a-4b42-95df-2aa7e046bef5	1041
c54057d0-9e6b-461c-9dbc-b7f72d8f33a9	1042
5f07e529-1146-4aec-8b6d-21c36e79f4f5	1043
aa4e0b7d-b61e-4042-a7ba-1b98d9b90a70	1044
6f09060a-f1fc-4079-90b0-2b601fdb17f4	1045
2dddd631-e07c-43b6-888f-73b9cd93250e	1046
66fc5bf8-daa4-4241-b378-9bc9077939d2	1047
847e8a0c-cc20-4213-9e16-975515c2a926	1048
ac865b2e-bba8-4f5a-8756-dd40d5e39f46	1049
7c7f9c94-dee8-4903-892b-6cf44652e2de	1050
477b8c0c-c5fc-4ad2-b5b2-191f0bf2a9df	1051
86ecb3d5-2585-4ac6-b353-5c8342ea0852	1052
14008378-5900-4370-831e-3d17f9749caf	1053
06db73fd-57e2-4a6f-bcd3-699fb7bb7af4	1054
97e22c69-536b-4365-9934-13426a5da923	1055
125ec42a-7229-4250-afc5-e057484327fe	1056
a9100753-f539-43cf-bcc9-579566fb512e	1057
e50519c1-6940-40fe-b920-f73f522005e2	1058
930c86d4-1ed0-4ec0-bcf1-fea7fb7e091a	1059
98913495-8867-43b3-aa8d-db88ee4d4cdc	1060
f9d74311-5baa-4ae8-a616-20968afce54f	1061
1c513fb9-e6b7-4915-b4d3-026681c83065	1062
1d6d0877-4e30-45cf-937a-ebc19167dc07	1063
480c8278-9245-45fc-8add-cfd521ba88e4	1064
32a92586-6f9f-4882-b168-97fd60a99b6d	1065
f27ec8db-af05-4f36-916e-3d57f91ecf5e	1066
4a5777b3-f55b-437c-8b23-d9ee7791c7fc	1067
896f0194-8ab2-4278-81e0-c56a0444b569	1068
a749130e-c2d8-4a7c-b740-908ea4574961	1069
c62e843e-cb0c-4f11-b2e5-cd7cb7ad81bc	1070
e2b96b55-35c4-45b9-8d7b-726ac927982f	1071
17141a06-3e3f-4b12-b2a5-c0b22c4411bb	1072
82cbed2d-f9cc-40c9-8a8b-957db0123459	1073
c276bc3e-1a07-49dd-9c46-b060ab07320e	1074
3bdc7b3d-0dbf-4ce6-9ece-b71b1ed42abd	1075
e21857d5-3256-4547-afb3-4b6ded592596	1076
6bfb6a72-5458-420f-9dd9-55b57eb0b617	1077
485f406b-900e-4528-8436-0013dfd107f7	1078
0b03f91a-2991-4a49-b9b9-93b084872952	1079
ba2f4f3b-0293-4bc8-bb94-2f73b5207343	1080
eace2373-31c8-4aba-9a5c-7bce22dd140a	1081
056e4f3e-d505-4dad-8ec1-d04f521cbb56	1082
66c662b6-6e2f-4930-8610-912e24c63ed1	1083
1c20e0a2-9bca-4dce-9ebd-87362b9409da	1084
b33ad139-56b1-4f16-b778-1386030c061e	1085
9c9f1380-2516-4fc9-a3e6-f9f61941d090	1086
70a5cd17-490b-4d00-a869-08c54089d540	1087
09ff1fe8-d61c-4b98-bb82-18487c74d7b7	1088
1291f699-f20e-43c1-9d95-761d7db60b79	1089
592a3b6d-c42b-4567-99c9-ecf63bd66499	1090
5f3ee81b-76c2-4668-b512-66ebb3e015ac	1091
a03affe5-47af-48c4-9b8e-67654fa318ec	1092
4236d929-9a81-4c8e-97c3-8d3306780f50	1093
0bf220da-eb15-4bf2-9460-f640aaeda272	1094
4c99c0b4-5d46-44d2-8c49-ba47a522b016	1095
470a4ced-1323-4c91-8fd5-0bb3fb4c932a	1096
020e77e4-3c50-41e8-86b1-24bcfd40165d	1097
182f2fdb-5d69-43f5-9976-4770373c508b	1098
60b4ef0c-a687-49a5-b0e0-b005e5074f19	1099
3e55d51d-687f-4a9d-af96-2fabccf802e5	1100
c5439b13-b62b-4377-a2fb-1888ae85d498	1101
7b75e88a-f211-4886-8c3d-dd9d7171eee5	1102
94f6def3-dbfe-403b-bb40-d324c8c13fbb	1103
f236134b-7ebb-4ba8-b155-1791193d05ec	1104
e5d87018-16a1-4a05-acfd-6a4809ac62f6	1105
8b431ac6-0806-4e4a-9b6b-1734370fa890	1106
b2dbfc09-b332-408b-a235-1850e41971c5	1107
aa7a2827-f74b-473c-bd79-03d065835cf7	1108
03f1d283-cf74-4949-a241-401b84253015	1109
65f4f0c5-ef9e-490c-aee3-909e7ae6b2ab	1110
e08f0176-5de9-4452-8d39-00e5ab2429cc	1111
7bd92ac9-6b2e-4e88-812a-60499ec60a9d	1112
cd23732d-ffd2-444e-8884-53475d7ac7d9	1113
ff0311ad-5acc-4346-9952-ff55112568ca	1114
6160d384-287f-4310-809f-6ef69ef4c46c	1115
a7e4cfee-3d79-41af-9be8-0e959895eee3	1116
e162b2eb-6a42-4240-8c1b-c94d9a0acb73	1117
80d7d849-181d-4de4-b154-77318efc0648	1118
5f58c47f-cf3e-4417-9a35-529692032898	1119
d5714af1-5891-4c27-8cb1-314b98984886	1120
41925ad9-fe17-4c46-b467-8de38706ad68	1121
5ad42a9e-8382-4bb4-919e-d53f8fe68866	1122
b435ad90-7cfb-4f86-8c41-02581684dedf	1123
917e2110-0542-45f5-a20f-682462647816	1124
4da825c5-2cee-45d2-aed3-8ee1a045abd3	1125
a83ec79e-bcbf-4872-92e5-8c7ca1bb8ff2	1126
7717539b-33aa-45d5-b88d-9e627172db19	1127
7f38f2a0-37e4-4850-a1bd-925be510ac60	1128
358169a4-acce-4cf5-9cf1-5dc5be009177	1129
e044fb9c-7c2e-48f7-81f6-ea2ae99d2ef0	1130
00467da8-2a92-498f-8b10-a80889bcded7	1131
f35c0c39-6d73-4711-9572-874fe5d86dde	1132
8229a8f1-b315-4fae-af57-b3eb71efdaf4	1133
c2c70ed6-5f10-445c-969f-2c16bc9a4c2e	1134
c2567d0b-7af7-4ffd-9f9d-b54ef0137a24	1135
4da58f86-c7fb-4837-9ef5-423f122d2d15	1136
7a269795-f85a-4717-8576-3f51265776cc	1137
439f09b6-ab72-47d4-a0e8-a5db65fac642	1138
677c6265-b0f7-4d5b-982e-ffe8b01e131f	1139
f66ea70d-05ab-45e2-8768-99f031e902ea	1140
71532bc4-5ad0-457e-b8c9-f171bd80fe4b	1141
3a528006-1429-47f4-ae9b-2ea95343e16a	1142
3037bd18-0079-4e4b-9ce1-758689e210d8	1143
d9294ec9-c754-43d5-8edc-8dd6f7297a70	1144
256160e8-37fd-4f8c-a3ef-530ebbaa4b3d	1145
e6fea316-3ef4-49b8-97bf-483b69c0d354	1146
96aaa369-01e8-47f1-a471-adb28b7e1e55	1147
8e1e03fe-ebbc-467a-b541-857144db10fb	1148
5cbef01b-cc35-4f52-af7b-d0df0c4f61b9	1149
6b33ac7f-eb39-41d4-8be6-204bbc5555e3	1150
818be9a0-e5a7-4ff5-a190-98d2411d0cbf	1151
b2d122f9-eadb-4930-a196-8f221eeb0c66	1152
9e572c24-f73c-4bfc-8090-154478c61cd6	1153
8970d868-0723-483b-a75b-51088913d3d4	1154
6810896c-f5c2-48b3-82e9-95196ac86ed7	1155
0ddb69dd-ade5-40d9-85e3-b5692fc6ee4f	1156
da0d0eb4-cf77-44af-8f50-d8c30f10ba0c	1157
7c021e08-e3f3-47e6-bede-8f308c94ae74	1158
9302d0ef-c498-4f80-8098-b4b096889b0f	1159
25afa3a6-2379-4731-a8a5-bbb38bcf294e	1160
a12f80e7-3926-44ac-b843-f4c6663549c9	1161
8a7a4e72-a099-425f-8238-80706fc1c746	1162
40883a41-d3e5-4ee7-b01b-d1f19875bbe3	1163
0110e63e-0a9b-4818-af8e-41e180c20b9a	1164
d0eb9b16-9fb0-4368-9024-2042a60f2ee2	1165
5dfdca28-9ddc-4853-933c-8bc97d87beec	1166
66da25f9-1534-4dd1-b88c-718bc24e1ccd	1167
453f1594-112e-4d3c-921a-8d14e9c97b2e	1168
036f43f8-6658-4bf7-8f3e-0a538247d186	1169
1292906d-cd67-4158-a3d6-19c7c9df3e8f	1170
82b304c0-7da4-45d3-896a-0767c7ae1141	1171
49c5cce4-aaa6-4600-a9a2-2b045fb6a87b	1172
955718ae-8a26-4b98-8a34-02c44ab4bfdf	1173
a066b730-3809-4b39-a091-2297d40b51db	1174
9beb62b2-88db-4cea-801e-162cd344ee53	1175
57db7ca2-9ba8-474a-98d9-d58c62fb7e70	1176
c1b39cbb-0605-4a6f-bfc7-03b646f45ec2	1177
174b0914-d1f5-4553-a8a7-e55c9da6320b	1178
495fe320-091e-43eb-9321-54a20e7c3f98	1179
7cce124a-0720-4062-8313-bc3686b408d6	1180
6e0ccf19-b9ad-4143-8e5e-5567c0b5ad12	1181
a670aad2-7915-49ba-bacf-25f1931098ee	1182
ff50e0a8-2772-4599-8abd-18ee6bc80197	1183
dc242ba3-7d0c-429b-b7b0-4a1b1c307cb0	1184
76b2e842-5e85-4c97-ab62-d5bc315595b5	1185
55c8de21-66df-4285-9b9f-41b8e8673e3c	1186
9a58fda3-f4ed-4080-a3a5-f457aac9fcdd	1187
225bf078-adde-4b2a-8a05-b0057e89af44	1188
230ca093-1d00-4c57-9235-147942f66930	1189
5b11f4ce-a62d-471e-81fc-a69a8278c7da	1190
fbc30dda-81ee-434c-8d04-88dda6a78ad2	1191
1692e094-48b6-4d0e-8555-43ca0bd42467	1192
270acfee-1fbe-413e-a0a8-6a35a8b3b66c	1193
0bbfb140-1d50-446d-a58f-d3d004cc9372	1194
509f20b2-5df3-4aec-9bbc-002131fb3f99	1195
5a0d9997-601f-4f5a-9b63-ff0de4e7b477	1196
774802a1-dbb8-4078-86a1-6f48a585975f	1197
13e22acb-34d7-42f0-a806-bc6cf4e0c5ce	1198
3855c18f-2bc9-4c51-aad1-00804a8ceae5	1199
a4f54716-24d9-4c6b-8ba7-1d7e7a5173d0	1200
fc7e89aa-212c-47ab-bfb0-de462993d64b	1201
f07c698b-f559-4dd0-a65b-b7fddd30355b	1202
6ffb8ea9-2370-44d8-b678-e9237bbd347b	1203
bea71c24-1e85-4039-8f3d-74acff1abad1	1204
a5f92d47-b562-4582-b267-71963a515f4c	1205
26a3f1de-aeb2-4026-9589-53e975971f4f	1206
ea80dfde-dd1f-4133-b2c6-8fae4c49ea88	1207
ab1a3c79-6e4c-4fe3-89d2-0e1d031e594e	1208
49a9b7ba-6f3d-419c-bfc8-ad9ff5eeb180	1209
f4cc6a8c-d762-436b-87b1-0579bbcfd2dd	1210
302bd7b9-d012-4360-897a-93b00c855680	1211
a77f6f2f-19a2-4648-9018-3ad3aa4c1b9b	1212
927dcbc3-9c46-4833-8173-b76e785a4b75	1213
08bc7e33-4c0d-4139-8158-26e9d3df83be	1214
46ee6c22-a3fd-4b7b-9353-3c2d9311ac99	1215
2aadb587-524c-4b07-b712-0f700526730e	1216
c5af0c3f-e401-43ed-a096-b504606a05cb	1217
bda6d00e-f8f7-43a5-b8f8-f1ebc55b46d3	1218
8a26ca9b-d542-449b-a5e7-224da9eb8a77	1219
60530915-9371-4b16-bc31-5c4456317ae0	1220
4b789d86-691f-4878-aea5-9f597c23c9bb	1221
04bac789-bf59-4383-8ad7-799d20d969f7	1222
56a70482-5528-4bef-8da2-a33cf098ce9b	1223
b2f1149b-171a-4bc5-ac8f-3baf9a566abf	1224
c60e178f-36f1-4169-9c03-84addbdbf104	1225
f67ade4c-3b10-497d-a6a7-1f9f05772439	1226
1f83258f-ee16-4f3b-8570-e9ef3ad6973e	1227
99d4a7bd-198c-4561-b87b-0cc162a43669	1228
900ab237-327b-44e2-87e4-73250bbe025a	1229
c13c02a1-6af4-4248-8e10-ae8c0213e19e	1230
2c311e1d-5da3-4ffb-a46e-572981b5849f	1231
a796b92e-c137-4895-9c89-10f900617a4f	1232
846482ac-d4c4-4286-8002-b14a601d8ec0	1233
8ef1df30-ae4f-4dbd-9351-1a32b208a01e	1234
4036bf23-2b69-4be9-a285-e89677ab49bb	1235
33ecb3d1-9ece-4462-b231-ce6e7a82dd50	1236
511562a6-c381-44df-9bc4-27be779716b8	1237
bd74fb1e-9cc5-46d2-ac64-d44c358db201	1238
0638ba22-040f-438d-83a5-9b670c4adaf5	1239
ef73e6ed-9096-4ddb-9799-b94874d0ce33	1240
3c8a8696-e176-4c46-a2d3-48b6b1525c7f	1241
4d7304f6-7fe3-4959-9d98-01a5af84afe6	1242
af84073d-3b6d-4390-9d3f-bf65a91c824f	1243
f82bcf78-5b69-4622-a5ef-73800768d9ac	1244
934b4870-fc90-4379-9ea5-21f310134662	1245
bea235a0-db63-44b1-881e-264d25791f5a	1246
9e5fd95d-c0c1-412c-be11-06e7fbe99556	1247
36494952-f434-45d8-a958-8b4acdbcf8a8	1248
df1f766d-798c-480c-8409-708ffa1320c5	1249
03172286-f7ed-4864-a4db-459cd5ca9790	1250
ac9a487a-d9d2-4f27-bb23-0f4686488345	1251
af081ea2-7a2c-4fbd-8200-92d62056b5f5	1252
81148ae0-47e9-4830-ac97-8e69b6c71706	1253
6fd44ae7-097d-4979-94ba-5dfc40d9f7ad	1254
cf15719f-51f9-4db8-a15d-5eed9664ce69	1255
8153c6ef-026c-481f-b081-974f2c948d9f	1256
4043e97e-8a69-424f-bf59-16bc8aac71e6	1257
0ef55617-7220-457d-9f9b-52131970ae6b	1258
db76c5ca-d555-4f09-b1db-baa1b713d875	1259
d252cca8-8214-43e5-b81a-101eb4a1447e	1260
7ef63058-495c-42a1-b326-ddbea57fe1b5	1261
89e39f67-65cc-4f90-b145-b1b56c209f8a	1262
a163dbd2-4ec1-416b-af45-64f9ce31351f	1263
94df7b45-d847-4ed4-8606-0cbe6e5a5573	1264
a2eb319d-a45e-43c3-bb14-d0ffb577222c	1265
82f8dd22-0319-4f35-953c-358b3f883027	1266
e9296a90-9c59-4657-9165-1f1b5319de00	1267
01872118-3238-4f46-a849-26a0901a0da7	1268
bf75ef89-7b4c-4771-ac43-4d5c10617190	1269
ff1d04f2-2bbd-47d8-b722-6ac8c53b71b3	1270
260097c7-d628-4a3f-966f-956ea430c0d8	1271
f7ba7fbe-c6bd-4ac0-bee9-c25c558d7d62	1272
abae8575-ec8a-4736-abc3-1ad5093a68aa	1273
8d552dfc-648f-401f-90de-e925013ca537	1274
e03cf5b6-d2ec-4465-adee-226b518bcfcd	1275
cbf9738d-8f81-4a92-bc64-ede09341652d	1276
9fa0e4be-4cd9-43fb-8b20-ad07c15b3b97	1277
c8dbc2ee-66f2-4fe6-8d7c-8b958bc97d99	1278
1ac10f5e-2079-4435-b78f-dda6ecdeba15	1279
1c3c7d51-4679-476c-8cb0-580a35da018b	1280
2251b277-2dfb-4cf1-83f3-27e29f902440	1281
a6f84719-b3da-42f0-be81-8fe03545efed	1282
9da7ed18-20fa-4279-88c8-94299728236d	1283
f7eb0622-c43c-4c46-871b-6ed9966bce62	1284
1138a764-2212-4d0a-b02d-0dc14df91e08	1285
a66999a7-ae5c-460e-ba94-1a01143ae847	1286
854a1807-025b-42a8-ba8c-2a39717f1d25	1287
37e8a831-340a-4bc2-9a33-bdf3a6b802d9	1288
537446b8-4d4a-4055-b136-f2fb1a1717bc	1289
68898948-189b-4098-9f05-639333763b44	1290
28c0c945-dea4-4090-9257-c039c464b89d	1291
80c1b7c9-a4de-4a47-9fdb-e85e48d35061	1292
38e4df82-6079-42f8-91fa-904e0fecf78f	1293
e4e79264-c1ec-490c-b823-b2918204cd4f	1294
c37412cd-f0cc-4507-8825-48f95aef3624	1295
d47c5ac6-f45c-4982-ae23-0d72fe35a503	1296
0b5aab47-3b3b-45f4-8488-2fc98e035166	1297
7229faa8-ccb3-4300-af25-a27b290ac2e2	1298
3d3fceda-d274-41f0-bac9-7516f6c872ba	1299
d95af426-8471-49e4-97de-87a23c1b88d7	1300
1f5ff245-2837-4d4a-a609-e93e544478c3	1301
2449300a-6ca7-45da-8102-22789d256475	1302
b9c87d34-e3d3-4b29-bc17-aaa91c7d5a06	1303
c8bc9ad3-1df2-4c9b-9cf7-cf6fc60441dc	1304
391c9402-6688-4c3d-8f3d-d320d31b4de9	1305
98ed42ad-aafa-46a8-899b-150fa237133a	1306
b16fd684-831e-4128-8120-6626e76f88c6	1307
548de0a5-c047-4910-98b6-399b7845347c	1308
a63df8c3-28e4-41db-bac2-c6c6e8ff8f28	1309
541f16f5-ad7a-428e-af89-9fa1b16d3c9c	1310
fe9a11a4-afb5-48bb-82ca-7b8b4bbd13d3	1311
f1a95c6b-fb2a-41a6-bfcb-2453fee2a38c	1312
79d60c41-8fe0-448c-9bec-3f43c10f860a	1313
7d83bd42-d2c7-4b56-90d1-16717cfbcc98	1314
c995a379-60b9-404b-bd97-a7e2de0751d3	1315
55fd865d-4a0d-4fd0-af19-7e6feb168ab8	1316
7e5cfc9a-e9e1-46f1-b81a-861b12049488	1317
788ad31c-bf0c-4a31-83f8-b8b130d79c76	1318
09260ed1-6ecb-4a5c-857e-4e2c6e282365	1319
66ac10d4-37cc-4b84-91dd-4863e3dc9a32	1320
1c90eb11-0531-402c-87dc-d578e36ec23c	1321
8385f26a-f374-4a04-9aad-4442ce24db2b	1322
82eb8936-7bf6-4577-8320-a2639465206d	1323
d547b148-cf1f-421b-9464-ce7411ba44b8	1324
aabb1d9f-be12-45b3-a84d-a1fc3e8181fd	1325
f1d1df24-91af-4d27-83a4-9b4ad29b37eb	1326
020bfbb4-05c3-4c86-b372-17825c262094	1327
cc0b7089-c08d-4c10-b6b0-873582c17fd6	1328
b18bc9c4-6f22-4f1b-a918-e9c86a39fe7a	1329
4ca783b7-5bf7-4348-b494-46680660050f	1330
728ea90d-279b-4201-a8c4-597830883150	1331
2d2948f6-570b-4709-896b-f90011fc89c6	1332
1626de1a-509a-413f-82de-a362a2fd14a3	1333
4bb4e4e4-5f66-4509-98af-62dbb90c45c5	1334
633c4ffc-63ff-483b-b83c-374f5e63b298	1335
255e2420-5b02-452b-9771-0512ebe78090	1336
abd506e1-6f2b-4d6f-b937-92c267f6f88b	1337
00a9f935-ba93-4fc8-a33a-993abe9c936b	1338
ffb89363-2a3c-4b70-bf85-18782dba5b11	1339
024c3b90-9d09-4c67-902f-fdf49649e4f8	1340
6e755d2d-0b47-449d-b03f-fcacec33aab2	1341
6318e724-7e6b-4e41-a35b-080065077c80	1342
75df1c98-2075-494f-9612-b87513f0e50c	1343
17e137fb-59e5-4fd7-af48-afc34995396c	1344
40b4f9ff-a3e4-4d0e-91e3-1019647212c8	1345
47b8b42a-96e8-46fa-9ea6-70c5136ae971	1346
2d12e7de-449d-4151-bc65-e5bad7ace24a	1347
fabb37f8-eb2a-4cc1-a72a-b56935bbb72d	1348
0e990816-cb3e-4930-a2eb-77909e42cd66	1349
7e26cbe1-b8f5-4215-af82-e43d5f8ff308	1350
c29f4522-f710-4bb5-a06b-d436fcc3b2fd	1351
0e77b4a6-1cf9-4163-bfd4-901a484a8655	1352
5b24fbab-c58f-4c37-a59d-ab232e2d98c4	1353
17f17162-7354-41fb-8809-e8b8c906ed12	1354
b7ffd2af-418f-4be2-bdd1-22f8b48613da	1355
cc8eebb0-7878-445b-88e7-89ee55d23868	1356
a558ed3c-ab7d-49b8-a52d-14071b95fa4f	1357
09a6ae88-7589-4ab2-b10c-dd50ebd526a0	1358
c5eb9407-caeb-4303-b383-6929aa94021c	1359
03647192-f55b-42b2-9a74-db28fcae8fd1	1360
49576e42-fbbd-4d73-968d-93c8dcf7f065	1361
e2c00c56-8365-4160-9f40-a64682917633	1362
157ea952-039b-4be3-8796-30edd11e8baa	1363
9f94e88e-cb13-48b2-8c3d-6ff1181aca80	1364
36e371e9-e76b-4b66-b813-e1d1af6d7128	1365
f04cc80e-0f59-45b8-aaf4-ac81035644e9	1366
8295ee00-0096-461d-95c7-c2263d2a4c6d	1367
b6cca708-1083-4bbb-8ba1-237d832088e4	1368
c648509e-9916-4c56-ab63-652a03da16dd	1369
adc23aa6-fb62-42e9-9d9f-227f13ab08f7	1370
7746d775-9550-4360-b8d5-c37bd448ce01	1371
028e1863-cab4-4a3d-9dd9-91c682c91005	1372
40fa3a53-cfef-4294-8aa7-b03f06e8277f	1373
50549203-9602-451c-b49f-ff031ba8635c	1374
7527f6c2-d762-4b88-b5e2-9244f1e34c46	1375
e9e9109e-5914-48c8-a7e6-a95dd94bd345	1376
7bf882ed-5246-4158-bcad-d4721cae7a4f	1377
078a9376-3c04-4280-b7d7-b20e158f345d	1378
ea25106f-3603-4b7e-8097-16e8288e5fc2	1379
ac2d1c91-3667-46aa-9fe7-170ca7fce9e2	1380
83e59f23-3b0b-4304-834d-5bcafd5df6d2	1381
ac70f34d-95fd-40ed-b436-f5402fb5ffb8	1382
2f38efa1-ac38-4a24-8f22-1660a55fba40	1383
4f9675d2-f6d5-486c-9b26-33dcca998500	1384
05ba0467-3a94-4f44-97c9-b8d7c0683a40	1385
dcad99e7-3c3e-4c78-bf8a-68203e17da48	1386
266c8fdc-c8d8-41ac-a940-9845d6ac8e68	1387
9f5a60dd-072d-4965-903b-1827e40ab18d	1388
088acc1e-6762-4350-8bd7-c8f6fb5178ec	1389
7cf44f9b-c702-4ed1-ba67-ee87aabd217d	1390
af480a50-843b-4377-a5f3-18c91db7edc3	1391
c33c2065-b1c3-4406-b066-d33a9e2ea71a	1392
bfad839c-ed95-4be6-bdf5-ae7578fb174e	1393
0e79c849-b321-48f3-8f61-e56e27ddbe2c	1394
4f29ecd7-21a5-4c03-b9ba-d0cfe9488f8c	1395
8ef27ebb-f741-4ddf-bf5d-61a6bb981eca	1396
4d3503b9-7f38-40e8-bd3c-9e776b378264	1397
aab74938-24ad-40b3-80e8-f6e891c35b45	1398
dab66853-28c8-44c7-975e-0fc073b0a2fa	1399
6573c7e7-e0b3-48ec-b828-a1b6f43bc370	1400
fad8967c-a327-4af5-a64a-d4de66ece652	1401
a4f4fa8a-48bd-4d26-b3b7-88e57e908ffe	1402
2284f210-0229-4f19-a64f-a811a7f114c9	1403
fb38d11f-a207-4534-8b1c-0f2801f9e2aa	1404
37ff534b-5ec5-4fc7-9969-06e3fdf88aa5	1405
73e5e69d-3554-40d8-8516-00cb38737a1c	1406
d1cc1796-d1b9-4161-87f3-c20af1a245a1	1407
96ca75af-d011-4cf0-aa92-3d48521ff615	1408
5aac874e-7c81-4713-8f9f-7897faa777d9	1409
5fa31d0b-23cd-4918-bf76-a3b3a2a58c0f	1410
2e80ba15-ec0f-4bd4-b263-7e0671f38255	1411
5fc21e44-d663-495a-b16a-7cc641af5deb	1412
12d5646a-b9e3-4510-ad37-5682c02a66ef	1413
f90e8b26-9e52-4669-a5c9-e28529c47894	1414
832a43c7-aa7d-439b-a6b4-4f1afa671c24	1415
c4a02c5c-a1d8-45d7-9e12-4a355b201a7b	1416
3a54bffa-2314-44a2-927b-60144119c780	1417
29c28ac3-27c5-4822-8eb6-0af89a3a7240	1418
550cb78b-4995-4873-baea-76ef265531f5	1419
188711ed-c99b-439c-844a-ca831f63a727	1420
a8863d65-6f1e-43b0-b480-7dd85fd8339e	1421
c7e90641-f441-4801-8e4a-d09e10f452b8	1422
f99f0359-df86-4f91-9f8a-e487b611e30c	1423
8fa5d80d-37e8-4133-9d5c-6bad446c63f0	1424
bb3cbea2-5ad4-4917-bc84-8a1975d40315	1425
92bb085a-2924-4479-b627-181a1835d2f5	1426
4e024037-14b7-4aea-99ad-c6ace63b9620	1427
3b02795b-bd2c-4aac-8f6c-e581514cc2d8	1428
34ea2ef9-c05c-427e-a26f-0bb35c7d6524	1429
c3009d7a-51ac-4c9c-888a-04f5c3c4be0c	1430
f2ae21fc-fdf0-4648-85bf-5defc8f379cf	1431
7d40d33b-35e7-422e-b688-ed61726df745	1432
846e89f6-6257-4371-a26d-de960a60bec5	1433
f21b4daf-f836-4d80-a854-97bd0add6fb0	1434
fbca5223-6808-49cd-aebe-300600f51077	1435
a5e831b0-12b2-40cf-9d85-313c10a84a6b	1436
51508c1f-8d07-4a00-9cf1-26c570fe7b78	1437
7ff86f63-f50b-45ca-8eb6-c391926e022d	1438
37da13d4-8bbc-41bb-9957-4d94de3d311e	1439
2d91fff5-460c-431b-a44c-21d345129a91	1440
7e28b184-44d2-4622-8d45-119d5906d44d	1441
d50548a0-3cfd-4d7a-964b-0aef6545d819	1442
92ee5562-3c1b-4e02-ac22-aae6261edac5	1443
9ef8042a-2528-4f5c-b7c1-5e72b1efe170	1444
33b3c323-77c2-417c-a5b4-af7e6a111cc9	1445
ef4db186-ff43-4708-a713-3ce1e05657a1	1446
c8327cc0-54f3-424f-a68d-000ee7289a41	1447
ccceb435-efd5-426a-bcdc-024262712525	1448
6593c2bc-9327-4adf-a8b2-b315e4f5c0bb	1449
ce9fda45-182a-499a-9cff-18515d7f260b	1450
3b39abeb-0064-4eed-9ddd-ee47a45c54cb	1451
3f09f9d0-a88a-41a0-8cd8-a6dbcff2c50d	1452
a380bfdd-ed24-4e61-a08b-37abb8b6ec7f	1453
6531928e-692e-45f8-a7c5-8050e4d0573f	1454
60dd41cf-8f9d-46d8-bc19-dc7e5acb24c8	1455
852665bd-7089-4119-a77d-251162346b4c	1456
d75d1f08-bbb8-4eae-9877-399ca9121197	1457
118bf512-9ce9-42a5-95e0-10359bb3e3ea	1458
431945b6-0754-480a-8634-3e8c2f8ccf27	1459
a4d62ced-2f87-488a-9c76-ab88ea7a2cbf	1460
f1fa0780-a922-4f0f-b43e-30331b520238	1461
5167695e-3a2a-4311-9990-b7e2d13686a2	1462
19516266-e5d9-4774-b749-812bb76a6559	1463
dde3d9b1-0e44-48bc-b0c9-d739b3570000	1464
aba64937-3334-4c65-90a1-4e6b9d4d7ada	1465
80b3cf5e-18fe-4c59-98c7-e5bb87210710	1466
a449973b-074b-4cf0-a4d6-f11fa2d1073f	1467
f1c8da15-b408-4149-b863-f1cbe9971f19	1468
98fb7792-01fa-4ed1-a15d-20077a47210f	1469
8a0e10a9-80c7-40e0-bf5b-89f1d57f9537	1470
6ade6e8f-2e84-4b90-88f0-17b623bb4165	1471
5ffb1041-7236-45d4-8523-60faf95946c6	1472
83b9cbe7-9857-49e2-ab8e-b57b01038103	1473
1d11e2a1-4531-4d61-a8c7-7b5c6a608fd2	1474
29762c82-bb92-4acd-b1fb-09cc4da250d2	1475
d6ed7887-a401-47a8-893c-34b967444d26	1476
50840ae7-d000-4858-8aac-bd776a12dafa	1477
295ad371-45d3-4370-8504-68c92ca2948d	1478
1dce970e-34bc-48b2-ab51-48d87544a4c2	1479
fc0fa262-6197-4c29-8e22-22f0e369856a	1480
0d8b0d50-e4cf-4da4-965d-f24c58ec3268	1481
5e7ccd92-6277-451a-aab9-1efd587c50f3	1482
be0cb2f2-71c3-4e95-a584-c19248951ff4	1483
85c9f617-08d4-478d-b00d-317d362e16f2	1484
7add01c9-2953-47cb-aae5-98d79d1281b4	1485
7010fbf2-cbfd-4625-b0ef-a7efb9285320	1486
31745282-b1ea-4d62-939f-226b14d68e7c	1487
ef954679-5ee7-4016-acef-7ac71f2fa3d8	1488
f74c7996-4c0b-4ebd-b1e7-219e21c41286	1489
82a5b152-ee60-4447-939a-dd5a91cd7c38	1490
a466c2a2-6517-42fb-a160-1087c3bafd9f	1491
51086134-0896-4c00-b54a-c5c37aeaf2bf	1492
a78ca453-3a53-4b19-8b2d-61b10dd45558	1493
afe409c2-57f1-45fe-9140-50cbccd88223	1494
821e11d6-cfec-44a7-9615-06a4e631c975	1495
84dc4f23-c0b8-4fe1-bbca-a3993ddc8fc2	1496
e61eedbd-3c87-4d26-a35f-e24e36a0302f	1497
3f5be744-e867-42fb-8913-5fd69e4099b5	1498
9e57e406-4fb1-40d0-bcd2-2aa1d6390c1d	1499
a57fb9e3-ac21-4c53-87f1-e3b25cb6944a	1500
14962b84-c46a-490b-b6a0-ee69c78b2291	1501
148ddea2-6839-4354-8e2c-5dfadf136b7f	1502
0febdcf7-4e1f-4661-9493-b40427de2c13	1503
b2a92fa4-ba29-431f-a9ea-08a2956e9b25	1504
298c6d13-4757-437d-a3a6-07d0b3255e5b	1505
8e0c435a-d7e0-43c4-a99d-808c6a47e1b4	1506
9f4551c6-1324-4ac5-b3fe-a5c5cfacd54d	1507
7a1eb805-2242-4daa-bd90-c1ed350e2e48	1508
9fadfba9-ecae-4383-a4d8-47b043cea19a	1509
8aa6013e-369a-4f85-a9ec-7334cb2480f4	1510
614e3804-7d34-41ba-857f-811bad7c2b7a	1511
02708fd6-0fe6-4738-a27d-0561ace8b4c6	1512
dad658a2-b312-4728-b180-ce8fff119db6	1513
c1d4f2ba-cf39-460c-9528-6b827d3417a1	1514
001ce2d7-c045-4343-b703-a4fc7dcee0a6	1515
c5539100-4631-42d2-9766-3157ed0a4035	1516
4f1949ab-fefd-4bf3-9317-814084c29cc0	1517
694b1fd8-0ba6-45bb-a359-d8a8fecaee46	1518
86ce7fc0-6bee-49b1-9cbf-10941485a1dc	1519
0581bfd7-fd4e-4986-8fbd-0f8570eca678	1520
362b8733-7ef7-4fc7-a264-7fdf54ea4f88	1521
e304fa8b-8de2-4089-b43b-bd24ca40800f	1522
4e8ef969-bc70-4382-a098-e4f2ade95e33	1523
e1e4d3dc-c36a-411b-a08f-805b2b7440c5	1524
e132d370-2a59-4437-8610-756df28a5a02	1525
2d91695d-a291-49d4-a028-2584edbf9bd6	1526
3477143a-7c28-42d9-be41-cb641ced3a1a	1527
e0af5e8b-403c-4059-bd83-5ae037b391b7	1528
b3365cc7-49b5-4a7f-b878-80487aad59c1	1529
336f2e14-b064-45c8-8b2a-01663a0bee64	1530
b476264b-dcdc-4cbf-bd40-9eddaf5a6942	1531
882d41ca-194d-405a-bfc5-b698ccfd77b4	1532
37a0943e-9638-48fe-9a56-7192d7efbbed	1533
05539fb8-b7a5-4012-97a9-5e27ddc031fb	1534
d5da1841-9bc8-4813-9f89-11098090148e	1535
4a39e5ea-6b75-498b-92c0-6cf107bfb759	1536
9904bde1-04a7-41cf-a2a3-d09a42445145	1537
9eace815-06f3-487c-bf3a-1a817e248056	1538
f304492a-0318-4806-b5f6-dd69dc020460	1539
2a81f398-647b-4580-b24c-d78b3103a27b	1540
d8b15d32-609e-44a6-bff1-65c4df53a9f1	1541
c3f99319-52c7-47f2-9631-10bc7cc8c589	1542
c376498a-cdf6-422b-9055-3fce84424402	1543
6c4d81f8-8a34-4cda-9a4b-538c539b50f4	1544
6ba2f6ce-50be-47df-b5a3-298ef032f476	1545
2f3532b3-febc-4ab2-8f97-fbeebbaa1fe7	1546
7583c8b8-cea2-4cac-beec-c1e2afe3df2a	1547
a44b17cc-bd51-4415-908f-97d39cf67b5d	1548
a323a052-956e-4cff-b133-8c2b14f50fad	1549
93c66937-ac49-4068-b378-a1d2a4d093a1	1550
1e0de31c-4957-4649-9aa3-7b0f1d9d2c84	1551
843384a8-2fb5-4d21-91d6-3f4b545fca7f	1552
978a36f7-85c6-44ca-a02e-7564e8fa8284	1553
f174152d-da33-46bd-8cb4-c8d24b834bf7	1554
d82ba5f4-da09-479a-ab18-4b1a122c4345	1555
234bab50-2f04-4d21-8f91-df93ef554855	1556
b3ba2385-032b-4c83-8a27-dff744a6b584	1557
385966f0-b912-4755-bad6-4780ebf3f4cd	1558
feadeb5d-3b94-46b6-b774-59d739e4568e	1559
aeb71bd8-447d-4415-8ea1-2b7d664f67e1	1560
a934e33f-b3cb-47dd-9638-f7f1f25fe162	1561
bf600e2b-dc2d-4839-a1be-6ebef4087cd0	1562
4ec2451d-ed0c-4273-b683-4c1312df25fd	1563
3dd5b199-2001-4c1b-a04a-02eddc1b9934	1564
e6791155-ec80-4a7a-b108-54481ff73ead	1565
c1aa2ec9-53e7-4d90-8d36-bac75832e986	1566
681bf706-8664-4658-ab1a-39e1d385fae2	1567
d19e6a92-6853-4a4f-a8a3-1bec2bda014f	1568
568203ae-c27b-4990-8997-09c0d5c0de77	1569
d10822a1-52d0-4aea-b5d0-ca022820d64b	1570
3bd08e76-bf53-4b16-82ee-63f95ca5cdae	1571
471e21ab-7a14-4190-a9d2-f95197616df4	1572
3dfb71a2-2e06-4a69-8839-3e1fc07e92ea	1573
ed801bdd-f057-41c0-94fb-76cb5676cd59	1574
026b096e-e024-42ab-82f3-107bddae77c2	1575
db739044-9d17-4ebf-afcc-99613a47ab4e	1576
a5b263e3-069f-46a2-9955-326d39392dd2	1577
1fb60b6c-0f4d-42b4-8a5e-de705ec76660	1578
dc789617-14b8-4cc1-a31b-50e4966dd6c0	1579
e799a5eb-3d11-4687-b1ae-9295b44d364a	1580
badcad23-b56d-4a90-b391-f6567776b5a5	1581
5a846143-71d7-435d-a6fa-692f68c2ce8f	1582
fac552dc-55e5-498c-818a-c278f1e02a75	1583
f563a1a9-069b-41ed-8b3b-e1b1a6f5b34b	1584
0c2d1de8-fc3a-4ca9-a90b-eea69a5968a5	1585
c0eee88b-47f2-4cd2-ac48-a045e902a432	1586
d5d477bc-97c5-410c-983b-ff541580566f	1587
6eb1f3f8-5c5a-41c2-a390-f397a2b824a3	1588
28da4778-94c2-4c44-a053-c96e1c366eb8	1589
8e8c7417-c905-46b1-b42a-5260b4274ed4	1590
197450cd-0124-4164-b723-3c22dd16494d	1591
85545102-7c29-4707-aea2-30ff55018df9	1592
b09ae88f-4156-4caa-b129-1cacb5e1632e	1593
26824a9b-fb6c-4b77-8cef-bf90177ac22c	1594
957a98a4-10a9-488a-9cb3-88fba8b91cd7	1595
5adb8b74-54b8-4700-836e-550b6a2a2f71	1596
1a3e7a10-72ed-4591-a363-c1e3bc92fc09	1597
36f35db0-bc09-43e7-8650-a123224943c7	1598
083e6209-4b8e-4f6d-9712-296ad436a4ad	1599
11eabe0c-2638-4808-92f9-1dbd9c453429	1600
b847568f-cd75-44c7-b87b-4f38a5a9f661	1601
77c167d2-4965-4421-830a-9815e4956475	1602
172aab84-4c01-4dc0-b2ad-e723033e10ec	1603
2140f324-55b5-4c09-87e6-d9b62c9b62ac	1604
14c0c282-e0c1-46fe-acd1-9a015ba721c5	1605
cf119120-7df5-47d7-9dec-49f8837a4e40	1606
8092b8b7-235e-4844-9f72-95a9d5a73dbf	1607
650bf385-6f6d-4992-a3b9-779d144920a4	1608
bc6be178-3933-44ad-88a7-fde1a160bc29	1609
8c0e714c-f10f-40f1-a684-81b31c003a58	1610
f37f26ea-6a9a-49b8-9614-bdad762f1ba6	1611
3c6a1239-9858-4ec6-8bf2-208fd2659c68	1612
31f86758-8b05-4570-88c7-bcdb1df96de9	1613
c47f0d71-a773-42a7-ba9a-6c1b1ccbd09c	1614
745a9a1c-14c9-4cc1-8b09-2749f2b7532e	1615
4dca4bb2-23ba-4103-97e6-5810311db33a	1616
735e3514-a8ae-401f-af3b-6300df1b8d2c	1617
d6729621-c4ad-40fa-bed8-35e145899f4c	1618
1ab67c63-535b-4f92-869b-a42d54c5e91d	1619
3231d12a-c42d-4977-b2a4-a6e4d87978e1	1620
28365249-f3fd-44db-8131-32cb170970c4	1621
dd90dbb1-296a-4675-84ae-4e1c613ca69d	1622
dc73bb40-b697-4df9-a2ec-0555bebdba75	1623
0d21b01f-21f2-419b-8d98-4158ba0c0aa4	1624
33f8d69f-5a01-4c44-a4ad-531b9c1f0d00	1625
34e56f20-ddda-48c9-a4bb-6bb12df57de0	1626
8e2188f5-c28b-4cf5-9f01-b3ed0ed2b00b	1627
4cc51547-88ae-49a2-bf7e-0ef65ee7a94c	1628
d2dc0bac-422e-47ae-a0fe-aa8d85b5117e	1629
f6c37c3a-ca23-4110-9bbe-d4e4593cc3a3	1630
baaf92f5-f2b2-4f51-9723-abed41a257f8	1631
07065c90-1519-4bd9-8259-9872f3c9a776	1632
cdcd53c9-f37c-48cc-b7e3-dfe34be22e92	1633
70cb4669-ad7a-4d5c-b99e-7582df393cc7	1634
d570bb31-b9ca-45a4-a2d9-11b186d9c159	1635
c0cd3de7-4654-482b-913b-6fd7dc4ce9a4	1636
80f0eccf-a8c4-4de7-bdab-1606777e223b	1637
a7be73b7-7a28-4098-af48-c57d387effcd	1638
00aab979-da36-4efd-9086-e409cda07f9c	1639
d2db1078-c170-4e22-b261-14f3ad60a690	1640
588dea29-eea3-456b-a815-3ee04f75c8e7	1641
98720123-fcec-47be-9e88-29a310fb2942	1642
c2d6a6fb-7999-4bb3-b2df-7d752fdf4e95	1643
97c30dea-ca61-4efe-be4c-3d56de7900db	1644
16b3f3fc-6c76-4fec-8f0b-9fa9a4ec8e91	1645
5eed131e-8f8f-4e97-a459-7ea8b0569b6a	1646
a7bdc71f-697a-45d9-92b2-a01fbbe50272	1647
fffc6a35-ae65-48be-bcc0-9d604e05665e	1648
83e71a21-caf7-4e48-8ff7-6512d51e88a3	1649
5c47ccd3-3f82-46b9-96b8-efdffc83f269	1650
77cceea7-91bb-4a4c-ae41-bc9c46c1ccb5	1651
cdaf7932-ab05-4f71-8721-104da6e6b8d0	1652
69837400-8e31-4949-aac2-00b46b4df126	1653
13176bb9-9a3a-48ae-b05d-75a0bb668d01	1654
f65498b7-5c06-4bb5-801d-885595fc8bcc	1655
f9b7f120-3c0d-4ada-bc14-95ad2550e9cf	1656
5d40e90c-2434-4dcb-a15a-6911c8426145	1657
851827d6-ae31-4093-a166-1420cac610a4	1658
28c5d97f-4321-4ef4-8ac2-d9d93b0eb16c	1659
b625448e-bf4a-41c3-a421-72ad46cdb831	1660
17d69e72-9cf2-496f-aa64-ba238de2087e	1661
a74f43e4-50c4-4b19-a2ce-c05ce9bccb03	1662
7cf05db3-24e7-4534-84bf-65006cd0cc82	1663
b071f9fa-14b0-4217-8e97-eb41da73f598	1664
4f4703c1-4b01-4bb6-af9d-32fcd1ea588e	1665
2819834e-4e08-47b0-a2c4-b7672318e8f0	1666
78605d0c-7454-456d-934c-51eb46122566	1667
734b8ad4-fe8f-4ebe-9f9b-6ab61f5e8d9f	1668
463a94f1-2713-40b1-9c88-dcc9c0170cae	1669
6e87f3be-7b56-46cf-9b1b-e2e5a23d98fa	1670
479e4e02-6e12-438b-8088-caabb69c489e	1671
4701b5c9-d1df-4d46-a6fa-8aa071e18b42	1672
13378d7f-b422-4477-8a88-b1f29a9ec487	1673
8f2fd4e8-517e-4bde-acf3-f8df518e7793	1674
dcd95aa4-f3ff-492d-a621-8518ada0f58b	1675
f5f22a9c-a00c-49f9-8123-329b632da79c	1676
57cb4257-9855-4a42-b1be-bfba1d9b520d	1677
0dd79a1d-021f-4159-8a7d-d9c107e52a9d	1678
b78346af-e3ce-4b36-a0d5-032414de8a27	1679
c59b76c5-5386-45b6-9203-6160fe6104d5	1680
8cb3aa4a-3b4c-48b8-be0a-e57010fc1430	1681
6ebf198f-fb35-4491-8630-048888cc2a44	1682
7eaec4e9-b900-4bcc-b106-934099982d85	1683
793b8f58-80ab-49b3-b5ae-d94034dab10c	1684
9386b36e-87f3-4716-a219-79a07a4e29cc	1685
aaf54938-7e35-4c7d-8e06-a5094c38cb78	1686
d69ee229-2f36-494c-b104-9ae0d8be506b	1687
395cc503-63b5-4a0b-a20a-604e3fcacea2	1688
917976a6-75b1-46af-b57b-71f13de20422	1689
696d8523-39a0-44e2-9add-afaa183a2f46	1690
17776099-2662-48e0-9a51-7e3cbe0930fa	1691
fe1a873d-2000-4789-a895-4187fe756203	1692
b343730d-a34e-44d5-9191-a83f00231716	1693
b10806de-2198-4313-af6a-13df4acb912f	1694
66cc244d-6f96-4668-a6e9-0f9cd5acc940	1695
c01557ad-d41e-4316-a285-605769e2ab3b	1696
f19ad155-d809-4770-ab8d-7579467d9f55	1697
0031bc7a-1b6f-4620-99db-5202405b0749	1698
6386ddff-0d13-4685-9f0a-a82bf022fb1c	1699
78661da3-894c-4947-a34b-fb7edf585d9b	1700
5be9fd70-a049-44e1-b121-2307d2dcbebd	1701
250c38d6-0353-4c22-a371-f305d908573c	1702
8d07f60f-b9f4-46c0-9c27-31de0fb9b671	1703
dec629c1-c5b8-4fa1-9bb2-eaf979550f41	1704
211ee5ca-67e3-4845-8313-6e6cbab95b1b	1705
aab5c954-cabe-432e-899e-1c4f99757327	1706
fa6c7999-ff65-486b-9e18-bcb59d6db2f0	1707
1ff10dff-7ac7-4e53-bc02-d5c3cbd8448b	1708
05a3bab1-c1e3-42c7-bde0-45f4af36b224	1709
f70ee0c3-8ce0-4ca6-9208-06b60bc69e27	1710
6d7b7cd4-254b-4c25-83f6-dd20f98ceacd	1711
634fe78e-fc6b-4b2a-ba83-c8c66e13a8aa	1712
e161330c-8c2a-4ccc-80c6-88d48f9d4095	1713
b3465cab-9628-447c-9897-2d18abab89d3	1714
17b53d9f-5c63-4a09-a593-dde4608e0db9	1715
b22b957a-47a9-4c09-86f5-e3c63afcd786	1716
2c7b3a60-86dd-4733-9c12-30b21b530280	1717
2b340ddd-1c54-407d-a62d-7b14b294378b	1718
cf998a99-5b7e-4342-b372-9c5d45c2ca62	1719
ca7ce20f-c735-4ad9-b664-d8d83b3c7948	1720
e77b7ecf-c417-4124-b255-a3a927bb604e	1721
84d06499-0643-46b8-9e1f-45f743a53f5e	1722
051439e5-478e-4c03-8bea-774ad0c28c12	1723
47c8f88b-987a-4b64-9175-2b1b57809727	1724
8e3fcd7d-bda1-4ca0-b987-b8528d2ee74e	1725
08d94fc8-c9cf-465f-b15f-f3f9378fcbf7	1726
b2c2d4fe-8c1e-44ec-8be6-ff500e105a90	1727
62173ce5-37ef-41b1-86cd-45401a8955fc	1728
481bf5f9-2e7c-4c44-b08a-05b32bc7c00d	1729
9f930ddf-be2f-4de5-a39f-7ae47305752e	1730
83a554c5-4fd3-4ec8-9dd5-15989850ea17	1731
0d9ff9c7-394e-4228-93aa-c4afd4765324	1732
6de1f94d-3d2e-40dd-a5e7-3170332a6a93	1733
d62842be-03d8-414b-a8d6-36f4b3b563ed	1734
dff0eebd-dbc3-4a60-aeee-842bde2c1372	1735
707622da-475f-48e1-905d-248718df6521	1736
a71ff439-53af-4160-ac7c-1ac072fe3d65	1737
fb4b94cc-e331-4cca-b5a2-29ac9aeeaf9f	1738
f98711e5-06f7-43ed-8239-da0f61a9c460	1739
b5a6ea29-3065-4869-ac66-a44002e55d4d	1740
211099c8-8e2b-4e96-aa5c-343939754176	1741
6508cf1d-4da2-4d71-81ec-0e072338991f	1742
6286e04b-7bc1-4f22-bca5-fdd34d1b0d93	1743
d3d83a98-4a2e-433c-903c-5b4c79ccb42e	1744
5e709ff3-170e-40ff-83ad-ecfb3030ad38	1745
d12b5853-71eb-41d9-8d18-a4259477848a	1746
fd2b6371-5b61-4068-8baa-9c333c97dfd7	1747
abc08d4f-4e3c-4b5a-b1e8-d324cd6a2f92	1748
3452655c-831e-4552-935a-729129df92da	1749
331fb5f2-5330-4e46-b5ef-e39c8fa6bbd0	1750
f3bcf7b3-be33-493b-8557-b201b3567828	1751
0ab1cff8-09c8-4009-b53c-ce7e1a73c1a5	1752
aaff7c7e-5793-4fa7-9a7c-9af3b45e8132	1753
f322d2b2-457c-4f15-824a-7ba03861a65a	1754
305bb1b7-4117-4e1e-9c6c-f952dae58e10	1755
4898b9ad-f564-4ff1-9046-b1a16dfd5200	1756
603c5f9f-492a-4f21-9d6f-1642a5dbea2d	1757
7f2a8098-50e3-451c-8696-c5d9f64f4762	1758
8434409e-baa9-4e12-b4aa-566a91c7d7cf	1759
31095622-5a1e-4f22-8ad1-b08eb6255f37	1760
1a120ec5-35b3-4f3e-aa49-7201550d9feb	1761
164f0d73-1234-4e2c-8743-d77bf2191051	1762
81435053-e1a2-48a4-adfd-e89f310c7b38	1763
228af6b5-f691-4ed2-a63b-10cc6fcc1144	1764
5b3d1c89-c602-417e-a3f3-c3c9397d8ac8	1765
18b3355b-71a9-40e0-b0a6-e922eddbb5cb	1766
40a5a225-3279-4d48-bca2-6059ed11b4fc	1767
ede96d89-515f-4b00-9635-2c5f5a1746fb	1768
2caa54a7-b08c-41da-b892-3a41abe778be	1769
0369e484-75b5-4199-9a8f-7b058dbb227a	1770
72ae540c-514f-4c05-b05d-e6297e0ce4da	1771
d4ad0149-d8ae-4105-8009-0221fce9ff35	1772
e1fae923-bf20-4d7b-89fb-38ecc0a8236b	1773
3b496254-6d46-46be-b7f2-1297e1e54622	1774
d5cc67b8-1cc4-453b-96e8-44487acdebea	1775
b7ddce8b-9e5c-46bd-9d33-41b134ce1a7f	1776
090dafe5-818c-4bba-9ebf-7e3a651a5c43	1777
258f34b3-e8c3-4621-937f-ffc5a3dc9918	1778
35a6a353-b186-4c13-a264-d18d5e2ce853	1779
357ead49-ffbe-4b1b-91f6-862abab355b1	1780
aaa436da-b331-4e58-a0fd-3d64d090c120	1781
86e2e2ad-6d1b-44fd-9463-b6683718a1cc	1782
a13c01e2-7739-4b25-af65-38e2fcb560e2	1783
7fb50287-029d-47cc-825a-235ca28024b2	1784
16f13f40-b8f8-42c5-a52a-cf3763002095	1785
b5bd9f88-962e-4730-84a7-795592ba42e8	1786
81b96954-da0d-4d8f-a7fa-cbc77ae88a34	1787
23d8426c-18c7-46e6-a51d-7395bd43c641	1788
c89ea689-c053-4d97-bada-8b81a6236f58	1789
1807480c-c81e-401a-8016-300758f51008	1790
a555a773-c6a9-456b-a33c-6d4da9bce18d	1791
51777bfe-9001-4e75-96f4-83e60796146d	1792
43b58c98-3779-4b04-9a23-1c95cca3a145	1793
3af06bc4-68ad-4cae-bb7a-7eeeb45e411f	1794
7752a11c-9d8b-4220-ac44-e4a04cc8471d	1795
632fa908-1fff-4446-a600-72fa41f76a20	1796
81739b1e-609d-4a63-beaa-4422ca5e278a	1797
a40de6bc-f955-4171-acb6-8fb5b938d4dc	1798
69ec6867-bda0-404b-bac4-338df8d73723	1799
992023a1-8ee8-4aab-8e84-7825546a2b01	1800
7b1cf87e-c54f-4abc-893d-90245a31900d	1801
e8eed2c6-269a-47c0-aed9-8517a304b02c	1802
4c5157ad-7832-4aec-9412-97aaa1a08ba6	1803
83def1ca-9d9d-436c-ba72-3e800256d7de	1804
6cd3b12e-c899-4f59-a770-c217954f247a	1805
49b34ba3-46a2-40af-b6c0-6f1fab93af8b	1806
887e2558-df97-4df7-8392-326e904462cc	1807
5e0ca89b-f5a6-4034-af31-17f10ff5a7d2	1808
275d1fca-22e8-46b9-85e6-c3523098a599	1809
d73596bb-a8f8-4aae-a323-d881f5245149	1810
a94a7155-c79d-4409-9fcf-220cb0e4dc3a	1811
7adaabfb-acfb-47bc-8c7c-59471c2f0db8	1812
563201cb-721c-4cfb-acca-c1ba69e3d1fb	1813
4666317d-b388-4c7f-9996-163d95c39fe6	1814
0019749d-ee29-4a5f-ab17-6bfa11deb969	1815
00ef5e52-582b-4d53-a03a-bbd5b3084197	1816
0278475c-f46f-40ed-a503-a6dce59ae0c3	1817
092b603f-eb4c-4958-b10e-02420de5885b	1818
dc4968ba-1fe0-43b9-bba0-81c09acd6326	1819
54a459f0-a2b9-4893-b931-657c4327ee00	1820
25c76eb2-a92d-4624-9e30-093fc16ed5eb	1821
70eb5d05-97b1-413c-8067-c58c29574f11	1822
c2a07c94-6fd8-41fb-9b36-d35f3b4b51cd	1823
de11b037-d880-40e0-8901-0397c768c457	1824
719490ec-2962-41b9-a54e-a4cc7b65c86c	1825
b3b5ceef-0d3e-4191-a621-5e97d6ed3d97	1826
3b6abeff-85bc-4415-b1f6-928b22c2ca34	1827
72b867e3-139a-44a4-b1ee-a311d648c4e6	1828
d8640adc-c6c2-465c-9a43-0f11d37ab5fd	1829
0b14526c-8d99-47ac-9c3e-0d62ad178dd5	1830
6efa29c6-9995-48e0-9eaf-3809464a39a7	1831
b8549efe-f4fd-4dc0-8ef1-226e9c400233	1832
adb6efd7-a812-46b8-aca0-5862f20f00a1	1833
9390a27f-d63d-43ac-a771-a0e0794fee61	1834
de0222a6-e1c4-403d-8b01-3f66d505061b	1835
586c06cd-b81b-4a55-bcfc-7ce8078907f0	1836
afe5e238-d248-4da4-87b7-e70dfab787f6	1837
f1509a8d-1a65-46e5-a9c3-c0d12253ce50	1838
ebfc1398-8d96-47e3-82c3-f782abcdb13d	1839
85af0709-95db-4fbc-801a-120e9f4766d0	1840
9df32318-47d5-4df7-bc68-3ed9e15eb0f6	1841
c7356af9-9ea6-4a78-a55b-c73775716312	1842
0860ed05-2e3a-4872-a44a-8e6d8a7e9696	1843
beb2e98c-0787-42e3-997b-f9d182ee850e	1844
b1bb12f2-cbfd-4ae3-b116-eb8a4e5ca617	1845
ce49b1f2-a903-46fc-8b84-b5699f019a06	1846
7dc8f5bd-9d0b-4087-9f73-dc164950bbd8	1847
ab4721e4-bc37-4bd2-be8c-8f1550152ad6	1848
4a1f7fe0-e509-4c4a-9fa1-9cf6c3ca891c	1849
183d6ef6-e161-47ff-9085-063c8b897e97	1850
42689657-cbec-4f66-a9ed-80f939ea23ed	1851
38f953ac-af97-40b1-b95c-ab35cc0d7a81	1852
012ef4f9-2d35-4000-86e5-bc761f87dab9	1853
e7c2d42e-b045-41b6-a391-88f4ea545185	1854
a90f2c40-85db-4f30-8b15-5b452a21d513	1855
9b16908a-a78c-45a7-8366-d2a41967f745	1856
0aa8294b-6332-4b65-b677-e3a1f8591d3b	1857
3cdb360e-d0a2-459f-92f6-f0f28e62127d	1858
1bbb60c9-6b1b-4bb1-a442-2b669436b50e	1859
34c63966-445c-4613-afe1-4f0e1e53ae9a	1860
efbdded5-ab91-4bb7-ba57-f36d7413eb70	1861
9efff43b-3b29-4082-824e-bc82f646f93d	1862
781d647c-1434-41e2-915e-24b4525eb57d	1863
22459cde-5212-4d97-aa8f-30f0b83eaff0	1864
28c1b7b7-355a-48b1-b2c4-75b8eb8080ef	1865
008a551c-926a-48ae-aabf-8527fbec8bc5	1866
07eb40a2-2914-439c-a01d-15a685b84ddf	1867
6c85f4c3-026c-4c16-9a7c-f546f42ed0fb	1868
26f94a6a-d60a-4bcc-a130-ce0e77122bd7	1869
c65442fb-4bc5-4fae-808d-d676bf2f4ff8	1870
0b59a279-54ef-4723-854e-a12b61e9581a	1871
e9c97fdb-9fa0-4955-9a6c-1c43e1ac3f64	1872
2bfce7d5-001d-4618-adc3-c57c30fb17e6	1873
846be3c9-5f94-46ab-97b9-531335dd3658	1874
3bcff06f-675a-451f-9075-99e8657047e8	1875
d39cf2eb-7b43-4c21-878c-3055312628f5	1876
fc61dd75-880b-44ba-9ba9-c7b643d33413	1877
8f92558c-2baa-4758-8c38-615519e9deda	1878
86a064f9-3ed4-4621-b29d-d05442c6b1ae	1879
cf3a09cd-6374-4050-8b70-b4de5bafd681	1880
30b39f11-2f7b-482c-b3b2-21fd5d30b556	1881
ef4d808a-2113-44c3-9b44-1b31f026ef1e	1882
335b6182-0da8-4dc6-a5ec-fe13f0f87e4b	1883
d4305549-6b4e-4a57-b24d-8af0743fe191	1884
2fb4db11-8349-47ab-b1a6-f04f011699ff	1885
7e3b3173-2c1f-42c0-8544-0e6d19bb181f	1886
6d072aa8-c851-49c5-92f9-cbca05f4bed9	1887
e664d1cd-23ab-48d5-b8fa-e98485daa5be	1888
8a723345-c62c-45ec-a45e-c1007f2981b4	1889
76fe6c77-7d7e-419b-96d1-b33d5721f6ce	1890
9a04dc8c-82f1-457a-a25a-3ff19e1b471e	1891
ca94595e-955a-495c-8ba1-25eebd9609a9	1892
4ba3563c-a27e-4bce-9e3e-5d6b4f1cde6d	1893
2a9ea5bf-fc08-4fbc-ab73-17afa7906a52	1894
39cf1c51-8e6a-4d7a-a1f5-9ea212e66699	1895
ff95eb47-41c4-4f7f-a104-cdc30f02e872	1896
c0f286bf-b427-4a0e-b5f5-f46ae900a486	1897
3a212655-d7d5-4570-9d31-4b7b1ef02629	1898
6b49dc39-cb6f-465f-980b-bc17a271da34	1899
bd3b1f63-946b-400f-acd1-cac0c1aa2115	1900
fa92553b-3cd5-4876-a7db-1d9dfcdf9fa9	1901
57843aed-c1c1-4f45-9859-478dd999bc18	1902
b22e6d10-fb31-42ac-9647-fb3c13e3c2d3	1903
86e736b4-93e2-40ff-9e1c-fb7c63fef5f6	1904
fcd5d016-ec51-493c-aee6-5933a8c905c9	1905
991b8af4-328a-4441-8dc5-f7af0c89af08	1906
b063c5ed-fc5e-4cd2-a3ee-e09d6f31a841	1907
1cf1db8f-06bc-4c02-a608-4fc7980bbfcc	1908
4e40b975-270b-4f97-b295-8db157f06a77	1909
c0a1179b-b14a-4d68-a3c1-1fdab16ed602	1910
74e8d712-b0d4-48dc-96ea-d866e483824a	1911
0e82233d-5be7-4663-9b0d-bc6ea76980b8	1912
195728d8-41c2-41d3-ba46-4da1f2126679	1913
ac7e838c-3d95-47c2-92a9-81767ad7c217	1914
f41490ce-fe39-435d-86c0-ab5ce098b423	1915
fb56cc34-2ab1-4621-ac18-9bf2895e5f4f	1916
a050d420-a1a1-478e-8863-9dca8cb5c61e	1917
f5cff7b2-b19d-4934-8525-b17248b30ab3	1918
1a1bc29f-f547-4905-b955-315fb4a38d12	1919
8dd98bdc-80ec-4e93-8509-2f46bafc09a7	1920
cc7d4686-ea02-45fd-956e-94c1a322558c	1921
2e547c75-36c1-49d0-984e-b14498c936f0	1922
3c911700-4bd0-4aba-8b38-adeff24130dc	1923
c507bf8f-2ac0-47e5-b7c6-4afd61a977e2	1924
2ff7f5c0-ae22-4922-be09-71474487cc9d	1925
6c1b8e36-0dfc-4741-9062-17b9e077f929	1926
c27cac8e-4c4a-48c0-a4ba-41399b9c176d	1927
612231ce-633b-4ebc-99bf-9b14e8d1cb74	1928
a4a3048f-3968-4848-9f53-94e3d4f88b53	1929
77049387-0580-4a3a-a05f-d12b5d6b5042	1930
9350241a-d698-4489-92bf-41794f383ff3	1931
527c65d1-9fdb-4482-8796-dde2980bd63a	1932
bd13909f-1c29-4c27-a874-d4aaf27c5b1a	1933
3701bcce-0fec-4c9b-9473-f8024d43cdd4	1934
535707ce-ad97-4b73-946e-9ca27869fd3c	1935
a670e05a-cea8-4b37-bce9-d82daf1a0fa4	1936
11bf566b-a73e-4e8c-ba82-83fdcddd0aed	1937
2eada8f8-056a-4093-bbc2-004909ce743b	1938
5e94030f-c3c7-4777-a5af-5ecfbfc37bba	1939
8e66ea2b-b57b-47d9-8df0-df4630aeb8e5	1940
fd429857-5ace-4609-ae54-1502c3bdac11	1941
905572f1-cb4f-4df7-bac7-75cf6c27e3ac	1942
85226286-349a-4046-8dcf-f75b32baa6b1	1943
c147b96e-3428-4604-9b6c-d931f980f684	1944
ba147ea0-60c4-4a40-9da6-0d5c2b2e7b03	1945
e9dd2193-aab2-4885-b249-6ae02fc4e974	1946
e6358374-5eea-4205-be22-382ed6df493c	1947
24786816-025f-49f4-9787-4945a3311f96	1948
d9241f5b-721a-4e08-a25a-acd83ed878cc	1949
86251efe-a373-4bca-89be-1c1751cb1515	1950
2ee6f445-005e-40dd-8bb8-474849216a38	1951
22fa6038-d14c-4aab-a057-d397132e9191	1952
2a09f8e7-1138-4030-96a3-fddfdf82127b	1953
bc880664-6751-4998-984d-ebdbff15d229	1954
ae0b2424-d4c5-4c54-82ac-fe3be5453270	1955
5fb22384-0dbc-4ad3-914e-96f3acc715b8	1956
db9cbc9e-65b6-4221-a847-75981feb1c6b	1957
9512eed7-a1a9-4e2f-8cac-c10d1448c1ce	1958
f569a00a-a5d4-4269-b383-e125a0b515a4	1959
7677be48-16e9-4c84-9365-a69dd6f2df55	1960
7a2e6b55-f149-4e74-be6a-30a1b1a387bb	1961
3af5a722-4e32-4a57-81a8-b5449c79504e	1962
ae79e6ff-72ce-4877-a0dc-dc2a5c1ad407	1963
97e56f62-9093-4f6e-bdec-204efae4517e	1964
c779e090-909f-4403-a90e-c1d08cdbb719	1965
1bc41dff-5397-4c53-bb50-469d2c277197	1966
656b39fb-979c-4c57-bb87-61d1a8eb38d1	1967
69158f97-4c07-4c4e-baf8-4e4ab1ed666e	1968
5153eb0e-b6dd-4882-a24a-7d464c153962	1969
f90575d1-abcb-42b3-ae32-1849312c26e6	1970
ff1f5b54-1db1-4f01-9344-313336a70a9b	1971
de72c05d-de4a-4c6c-ab91-df01b23cfd2c	1972
4236acde-2ce2-441c-a3d4-38d55f1b5474	1973
092ebee2-846d-4f81-849f-ce5f3931970e	1974
b52211f1-49a2-4cd2-8535-dd1ba37ea90b	1975
e9dfc148-d5f6-425e-b80b-f99ed2bd7c09	1976
7e870dd5-2667-454b-9fcf-a132dd8071f1	1977
f8f653b9-11d6-4f6b-adc1-4bfd146e7b7d	1978
bbd2ffd7-17f4-4506-8572-c1ea58c3f9a8	1979
b15ebd71-a252-417d-9e1c-3e6863da68f8	1980
6e4277d8-7b64-44a3-b823-13bd15114e22	1981
340c151c-4c19-48a8-92d9-3ce8e1da6264	1982
bd5280cb-5bbd-45c8-9891-a963692c1890	1983
4a60824c-be84-44c5-8632-c0c2b2ff145f	1984
ea0f2a37-7007-4217-a812-396227f5013a	1985
947911f8-60bc-44ab-9782-f97020f15b43	1986
28078a34-2f82-42e0-b68e-98ee5f814fc5	1987
d8d1b067-78bb-4db7-8f91-db2ff9a83ee5	1988
38f0dd4f-bcbb-4e7a-afae-a41a2bbf9d74	1989
11137c88-a9a2-4ffa-a97d-fb058c6d6ce2	1990
fe8ab7ee-c664-4d44-aec1-5b58ae937a5c	1991
8a7bed97-f080-4984-8db5-2ea5c82d8b33	1992
8978b223-7fec-46f7-9359-455ee0e278e2	1993
6e891631-d99c-4768-8bc2-5e5feb42881c	1994
1aded574-9e16-4648-861a-24fd6f1c309e	1995
6e9ac29b-798c-4af7-8d9e-55cdc72a999c	1996
9f492774-4cdb-4735-b299-5b6affafe4d4	1997
934c6bbc-3fc4-4d4a-9280-f02856da0e12	1998
3b648563-e7a1-4dd4-a31c-110efd5188ee	1999
944655bc-16b1-48d2-b4ff-f73654612fcf	2000
9190d123-55a4-483e-93aa-6ca5f6b24ade	2001
4753fcb7-9270-493a-974d-8daca4e49125	2002
56abaa47-0101-463b-b37e-e961136fec39	2003
bc5c1c45-927c-4002-8ea9-7011016345bc	2004
61ed9c9c-79eb-4e8f-8015-bd599ac0ab49	2005
bc5e2ad6-0a4a-4d90-b911-e9a7e6861727	2006
fa31e7d4-a03a-4110-98fc-f8826e95ec25	2007
584b72a4-45f7-46ce-b440-e9ee579d71c4	2008
938df0a0-c650-4cf8-9b23-5ad8a5cb4805	2009
14ed9dea-1bb0-4743-ba32-39674a71da89	2010
93ccd76c-3790-4435-a8bf-02bc26294b93	2011
2b64e811-cbcd-45f7-b29d-296444cad4f1	2012
75a97901-0051-4b67-a79b-9ebf2400d1d9	2013
35c81fab-bb3d-4198-a6bf-c9476054e6e6	2014
ed133bc8-a6f0-4ca4-ba3a-02dd843fe0e7	2015
45ec9b41-eeea-42da-8337-28c67a8d2934	2016
54a55229-e611-439f-928e-d89919ff9d29	2017
5a24bc1a-c093-4a82-84ed-8d7f2da0570d	2018
e0953daa-860f-4dc8-9f1a-b12587cdaf17	2019
e0975164-e68b-45d6-9854-d5d0ce84e671	2020
23b58ea2-1cc3-468a-9e76-5027e196e851	2021
b0fa8b31-87cb-43ad-9f15-179725c1e3b6	2022
75ef4186-ede2-429b-aff2-3069a8be1c27	2023
c2a02eb8-5cab-4f42-83f1-8e3233ac4106	2024
15f2bb82-bce4-44c9-863a-995ae9bde0b4	2025
2947dcd0-e65f-4293-af4b-3fe309e0dea0	2026
f10177e4-b7f7-4e63-92b6-c805c6cc54d6	2027
70153d91-26f8-464c-9bc8-d0428b965339	2028
8a27bc4d-3210-4748-a6a7-b42b768c1ec0	2029
985c5cc9-2dc1-49ac-8806-5b66586a2d58	2030
490db27e-d941-425a-abbd-2c2b3e03f5d1	2031
aeeeaab0-7262-4eef-aa80-198c98b2ba95	2032
fc555365-17a2-4820-84e8-400887aa3d6f	2033
0fb62639-4143-443b-8779-6867a1d08230	2034
887871f9-3df3-425c-a5b3-90c4d7862190	2035
0e50f06e-c107-4623-bcbf-7a8e0c30f033	2036
4535ef0a-1976-4a3c-b13e-d8903581d995	2037
463f056c-56bf-429d-b3a3-f8fe467c427d	2038
0c3b764b-c633-4270-a13c-b04a8705cf46	2039
0dc6a8e4-30d5-43a3-b3d2-98bdd8c43362	2040
d0e2adbb-6b1c-4631-aa42-32462fdc2493	2041
8e2af0e5-1c53-4fc0-9067-9ef114bdd3dd	2042
5bb2a9c8-3505-4c45-9717-19f0f8f35425	2043
f16d25c6-556f-42f9-b648-5f48a8f96ec2	2044
eb34176f-adbc-4ff8-b96f-5040e941ca91	2045
37b82095-355f-4f1f-b82e-d84fe29cfdbb	2046
93c1606c-28ef-4955-ae75-331a0975608d	2047
1fc54353-dcd0-47b1-bb59-7bd2974df829	2048
98087dc1-ca0a-44cc-9d3a-94c8e67a2e1a	2049
596ffa74-3d08-44ef-b113-765d43d12738	2050
7cf0ea9d-86b9-4dad-ba9e-2355a64899ea	2051
359aa76f-2480-48c7-b7ad-2c285cc1f657	2052
5e857ebe-88f3-4aab-9534-6728c305e427	2053
16e1fb95-6d1c-45a3-aad8-d3bcd7e06aac	2054
35f866dc-c061-48ba-8157-cf2e0eac4857	2055
7f36c2ba-a338-402f-861f-390229bfae04	2056
f59c5520-5f46-4d2c-b2c4-822eabf53419	2057
dd3f655b-7bf6-4fe1-9360-3de5d842e9d2	2058
de07bdca-5e3d-4f27-a9db-e396141eac66	2059
050bd499-feba-4321-93d7-27b96a60d504	2060
7eb99a58-5ea9-4082-b176-bd990d406358	2061
212faddb-cd09-4fbc-9336-3ed7cadfba68	2062
05fe8f73-f094-4c8f-a7ad-889f0c6c5a9a	2063
8ac9e35c-e92d-4030-99ef-ba4127b1555c	2064
961e5f55-cfe5-4605-965d-028a40242e7e	2065
e4d05411-9a3d-452e-8b0e-a55b86b7cf85	2066
c4ef06c6-b6f6-48d2-ab5a-f33c30bd3275	2067
a41ac10f-0a56-4672-9161-b83f9b223559	2068
45585e03-7f9a-4bd6-b529-37a61cd85801	2069
d5714b4c-9bf9-424e-9c0b-78599be1d954	2070
a663d7d0-754b-40e2-9ea3-3c6c39fd5937	2071
ca2b5bce-01cb-4847-bea6-52a9fee31033	2072
f1b1cf71-bd35-4e99-8624-24a6e15f133a	2073
60752459-01cb-48ed-9ac4-09d8e2b6aa37	2074
ce29fa89-8aed-4f7b-8b3e-a34d0c9ed0c6	2075
515b236c-cce1-4dc2-aedd-50de7b1736e2	2076
e4e27e13-cb4e-4c96-baee-5513355f08be	2077
4849dbcf-4192-434c-825b-077c9057c119	2078
2c629b8c-d751-4131-b785-5690bb5e0fd7	2079
33356218-efb2-44a8-9012-1f6e10ac9d69	2080
cb0078e6-e694-4674-9c76-6d39dc9beb4b	2081
47126927-4687-4f92-8639-c7fc88239f7a	2082
9bc0a9a2-e909-488b-ac31-d0ddd88ab1b0	2083
f22e793d-9a7e-4ec9-9d86-7a8528688abd	2084
fd9c10fd-dc64-4fef-be42-fcc80ef1ff32	2085
68ec1b08-3c2e-40b3-b0af-8f323743fdff	2086
7f260b9c-bea7-469b-9ba8-0daec7d2c85c	2087
bde9bb95-6eb9-4b9e-a09a-f61302c50552	2088
0f8bd5a7-c915-4e00-a035-fe3969e9a9b1	2089
65041e06-83d2-4987-ae52-c17a915fc82a	2090
698e74c1-dfb4-4cce-8fd7-2bbb086af2ef	2091
2d227ed0-0136-49d5-b2e0-97ea1e17bb83	2092
eb5c8564-927d-414d-b152-c7b48a2c9d8b	2093
86c20d59-4cd7-4814-b6b7-e371c1016097	2094
aca2f168-fec7-459e-a91e-3f5cd504189b	2095
aa0aa230-6bbc-4a3c-913e-05f71ba35884	2096
7ea6bbcf-73b5-4f61-9c36-3f601a1954ad	2097
59daa33b-98b4-49f6-aac2-af86621c7721	2098
76daa477-e119-458a-968d-1a44cf717dc3	2099
f1ce0a98-fed9-4337-b817-398720ff6bd8	2100
61fa39cf-e1ef-48ce-82a4-f82355af0aaf	2101
b6ab8d01-0cb3-4515-bc05-d928397e7429	2102
53a4de34-35ca-4ad0-aa4b-67382435ed69	2103
0e2bd3f3-0a64-42e3-beb0-11f8955b45b6	2104
59a2e877-0571-40c3-a405-2e52b170fa2c	2105
142dd7b6-6466-4839-84f6-0edfaaff0d97	2106
8f5c6093-27ba-402d-b092-4157c93a4104	2107
5f58803e-8c4c-478e-8b51-477f38483ede	2108
890f2a9a-6488-409c-8684-d28b283b5b80	2109
05dffdbe-dc6e-4c8d-a075-50a09c4cb45c	2110
6f0c596e-c5e6-4bae-87c2-4c69cb3d4067	2111
c860af48-e9c1-49cd-b441-8d18e9f522f2	2112
a270b68f-6bb5-41ba-ae7f-7b501e4797a5	2113
aff5ddd6-f315-4187-8522-25bf11a0f91e	2114
cd1adab0-4b41-45dc-83ef-8ffd2f60d06e	2115
fcdeb957-b420-4249-a092-946b537a00ca	2116
722992a2-a898-48d0-ae32-57dbe9357ae5	2117
10bf95b6-30e3-44f1-817f-45762cdc0de0	2118
b26b4b58-10b6-42e9-ba80-b1addd4b0adf	2119
8e4cde77-0057-4cba-8ebb-906db97034a7	2120
fa3b1319-9f65-41b4-a8ba-6436d8c42e12	2121
31510913-37f0-46b3-a426-959a8b3078b5	2122
2db9d3bf-c1da-45a9-a635-e19bdc3c1add	2123
0e763b87-f3cd-4a63-986f-bebc4189f1f0	2124
369fbad4-6fa4-4dae-9842-a69826cd359d	2125
0b38c1ed-d8ce-4847-9d58-c10f7a0bf50b	2126
5c210861-2ce2-4be3-9307-bbcfc361cc01	2127
7843d8ef-73e9-4851-94f1-5559180d8251	2128
76c9a186-75bd-436a-85c0-823e3efddb7f	2129
a8806b5c-3ee0-4277-94d3-1a5427a7707c	2130
266bb893-1566-4921-9e28-85769acdecd2	2131
9827118f-6484-414f-8f26-7a55b6c428ff	2132
777a21a8-0d0f-4cf3-86b4-65bc0eba5649	2133
d700b3f5-45af-4d02-95ed-57d301bda93e	2134
231475d8-fddb-4d7d-aad9-287e59e4b4ba	2135
7095f4e4-1f60-4098-a4ad-8fc451a8ee76	2136
32cfbaf8-87aa-466b-9c1a-331ad9075ea2	2137
b7c3af7b-1379-4125-8a64-95f3e1fb3546	2138
226918f6-3de1-4445-b562-9e39051998ac	2139
1b3e92d4-1c68-412d-a92d-1172f24f7de3	2140
e3b6507c-bbd4-43ae-82b6-9ac4d38768ef	2141
1329faaf-799f-44e2-91f9-87fe52f17afd	2142
364e1151-40f0-476d-a437-8fc6427262e8	2143
0509a681-a362-4800-9075-656041dccdbd	2144
c34c332c-69ea-46fd-8b7f-95a2bd06f2c0	2145
8c32bb01-58a3-453b-8050-8c0620edb0e5	2146
fd0e3da0-5c32-4881-a7cc-7dfa58e265cf	2147
012e3432-71d3-4317-9ce5-b60cb6cdc38f	2148
80ccfede-c258-4575-a7ad-c982e9932e0f	2149
afeb541c-b962-42d2-b0be-8b9c14d13ca6	2150
e0036453-ce34-4095-af40-8c70ee07cef1	2151
6dffb567-0397-4912-9afc-b2f75414d059	2152
ce19a7e1-8c47-4dc6-9492-ef907ddc6514	2153
f0c8f75f-8736-4b1d-b312-9349fcff321d	2154
ec2a35eb-e7e7-40bf-9c0c-1593a12e0cd3	2155
fc6214b3-6d82-4803-be74-01ece1723e42	2156
56685d90-981e-4768-a9e9-488de5ecef9c	2157
ccd4879c-5e88-4385-b131-bf65296bf245	2158
fd0f1d5f-5d8c-4fcd-9d3c-0c9f20cddc08	2159
82b1f5fd-cd31-41a9-b5d4-7e33f0eb9751	2160
c9b00c4c-44ff-47be-9fc8-5764b45cc7a3	2161
276cfa71-caa8-4bf4-b522-39a8086e7c6b	2162
aa266ac7-d919-4132-982e-76cbd95591a7	2163
c1741e51-aa6b-43db-af02-e0901a49db49	2164
48112560-68a6-462f-8408-ff2c0ffeab74	2165
bb9b2f6f-0cdd-45e2-88b2-e04c13c3d4f6	2166
909880dc-435e-4626-986c-4040836e52ae	2167
304cdd9d-a04e-4eb2-865c-980a553a0efd	2168
0d82f0cd-107a-403f-a726-ac7287cbea65	2169
7145ed99-fcff-4148-af73-04847d3d23f6	2170
f86d80f3-3d2e-4450-9b0c-638152e93df3	2171
f47fc54d-b334-4321-8218-00c5b11d4dd1	2172
1c3919b2-43ca-4a4a-935d-9d50135ec0ef	2173
6aa94697-6e30-43ab-8499-d8b2d3cdad40	2174
e3bcf587-a354-4723-a2d3-1c679d6571ea	2175
a3352eff-cde0-4f15-b44a-6f5c3e9cf079	2176
f58561ff-1c86-4a65-870a-80cf5439e199	2177
848262ad-408e-469a-a7bb-13ef82622b7f	2178
078aa2fd-997c-4bb7-93fd-e9d1db34d4d9	2179
dd760531-7bd3-4053-9968-5bc3e646ff2a	2180
d9c0e413-d845-477f-994c-b12cb4077127	2181
5365f55c-b1e1-48f9-b09f-078f7a14cb1f	2182
93aaa233-6b5f-41bf-bfe8-70cf1552c218	2183
746737be-e792-42bb-b18c-fb46d7935d7a	2184
0ffb6573-a98e-412e-aa01-0a580e9d8b06	2185
f1c7af4a-66b6-43c7-a02d-ca16b877b565	2186
be39fc72-da2a-4864-8ed2-d181cb714af1	2187
9fac4087-8201-4b74-a619-e77b1602aaf4	2188
e54be6b7-5c26-4b47-bb3f-c137429b9b55	2189
5b32946a-4c08-4a75-b1b1-60700470671f	2190
b41b38d4-ef3e-4f37-8c75-cfe9af999696	2191
4dbdc50c-62db-4a2a-8df9-7c92bd13ca3b	2192
29730ee3-e1c7-4e28-9ccd-3a0e6b0e8103	2193
48ab8311-c4ad-43b5-8a70-d9accb903f56	2194
57961a97-3796-4bf7-9f02-a985a8979ae9	2195
ad737fe7-0b69-44f8-937e-67f436cff02d	2196
3f2a12e9-6398-42fd-b257-2f6abd4aa5fc	2197
5ccb7bf1-4e5d-44fe-94fe-a15eeffa2335	2198
3eece87b-4e2f-4774-91cd-a7ed5fb0510e	2199
4e8d6561-5821-45d7-9d7e-ca4d9b35b1a8	2200
023d64c9-93db-4a20-8c5c-2efa1a53481a	2201
d0cb81c0-017a-433d-af3f-86bdb273a8f0	2202
e7cf7ff9-ed2f-4315-aca8-bcbd3b2bfa71	2203
467f69b6-8d6d-4d2c-bfad-e89adf2806ff	2204
a686e009-3cee-4718-83e5-b1dcf36c970f	2205
951d2103-9c7d-4849-ae60-88bf6aa4790b	2206
d9a2f1e6-6429-41ce-9d32-9a66188fb39c	2207
e675295a-1efe-4247-aa3b-53b78d0cdffc	2208
535afeda-2538-435d-9dd1-5e10be586774	2209
a42d3fd5-55de-4206-86c3-4fbb5404018f	2210
081a4a4d-9b6a-4382-8baa-c1b6481c2c70	2211
72ae6caf-4f9f-407e-8c70-8cd195df955c	2212
5c2841dc-ad37-46b4-bd45-257cd06e5f96	2213
5182c1d9-c7d2-4dad-afa0-ccfeada921a8	2214
9b09674c-c950-4265-aa4a-4232adfc064c	2215
a3c97561-1be9-47f9-a74e-5877b2b7c52c	2216
8456e9f7-debf-4579-a86c-33a325a35d2d	2217
906cbb69-b793-463a-832d-b5bf850f01a2	2218
2d65f84e-fbce-41ef-8db4-838590f5913c	2219
7b0a63b2-b8e8-490e-b724-1d30cb5edfe3	2220
2a85ecff-41e9-4be1-aca6-c87054a4c334	2221
ed0c90ee-4cc0-4928-8f61-93dbd7869eb9	2222
1582a5b8-538e-45e7-9ae4-4099439a0e79	2223
4cbbf0d6-6c78-4e3d-ab25-91b13603cf7c	2224
02ceff75-7363-493e-a78d-912dc86c7460	2225
00764bd8-9974-412e-a374-1915c31f0070	2226
c3649208-0ebe-449b-b1d7-4bd6c560f109	2227
01f4fb92-6bf0-4de5-83dc-3fe194e763bf	2228
1801bd47-46ae-49ff-bfcd-6e01b562d880	2229
56e576a2-b7c9-4c59-abad-4085a0deacb9	2230
16063ce0-a93e-41c7-82f9-bdd83066a7fd	2231
32301b5a-a2eb-4575-a070-cc661feb003c	2232
a96d82a0-cdca-40bf-b4c8-3d7ec178d85b	2233
ed2ac1e9-d51d-4eff-a2c2-85e81abd6360	2234
ac241ded-3430-4f42-8451-f78667cc2f52	2235
8d274abf-23f7-48bf-bc88-0756948a79a2	2236
007dbf51-6ee0-4038-8e90-94a954e25ca3	2237
b9a03afb-649f-4cf2-8c01-efa07710bc7c	2238
5483e1c0-14ca-4ec4-9b03-c4e987420e4e	2239
38c5cdab-5d6d-43d1-85b0-dac41bde186e	2240
87ebbe67-3910-4521-a418-4fe53eb912b7	2241
3b1c66fb-98ad-417f-b01e-49baf37f06a3	2242
c8c1036a-d22a-4fbc-936f-432bef116b67	2243
64b94289-9474-4d43-8c93-918ccc1920d1	2244
3fbbb18b-e4aa-47e0-9135-84f02298519b	2245
b7ff7d70-0a1c-43a2-ac00-5b4ef3007adb	2246
2c7dcadf-60cd-4e5b-8147-a352fd3408c7	2247
44cf60cd-4ca0-424b-ba87-b05c4808d9cc	2248
fb5f6b0a-8854-45f5-854c-560cb2f347ad	2249
d15721d8-56b4-453d-b506-fc915b14cba2	2250
b5da400c-9a62-4686-b6fe-91518e57ce5d	2251
60b03ae1-3bae-43f1-a27d-4e078e18552f	2252
7252abc2-dfc8-4aa6-889f-2d168b265403	2253
0cdb0359-5698-487d-9aae-a25fb4dcdc4d	2254
56516113-3373-47e4-acfb-a14846730f08	2255
004e5eed-e267-46ea-b504-54526f1f377d	2256
97e3f316-ec68-47f2-b870-bb4bd0a61f08	2257
cf384395-7989-4d78-8fb1-8e9e1b6a712e	2258
183e636e-d41c-43fe-a428-8a034eb20c7b	2259
77f049ad-f469-4ad1-8283-7a2606a6722e	2260
f1999057-4be4-40f5-bfc9-c33b362a94e5	2261
72c536dc-7137-4477-a521-567eeb840fa8	2262
0cda9358-1def-49aa-a0ff-10320f40522f	2263
dbbc47a5-1338-4830-9298-a8d0b11c0a46	2264
fcc0e623-435b-4a46-b9b3-73823e22e1ec	2265
38c7a3b2-17fb-4166-b964-4e445d69efdd	2266
23d9d74d-c95e-46a6-be26-a6075c49747a	2267
b3d6ae73-8c0c-4227-a069-5ee3a77301e6	2268
cf042013-3edd-46c4-9b0e-a62faac98d0b	2269
8a3e1c4f-59a8-457a-826c-fe961419a8ae	2270
920febb2-ea05-4339-8a08-17294e60c736	2271
4458d70d-c215-4f06-beea-ebd448dad6ac	2272
d352f5dd-3023-4565-a7bb-52396bf8821d	2273
17995d1c-5b3c-4ee9-98f5-105ee3b4ada1	2274
95c2339b-8277-49a6-9aaf-08d8eeeaa0be	2275
5222714d-21ee-4061-87f7-c749f1586790	2276
b59ac58d-036e-4bba-8112-c32a34c4575b	2277
e8bee5d1-a3a5-4c1a-ada4-f1ca22101e84	2278
90cc2464-234e-4da0-b39b-576f36e633bc	2279
c6c538ec-a3ca-43f0-8d73-6e88582de31f	2280
6080fe70-84e9-43ae-98b7-94b4c4d6b5c3	2281
a16371b9-7d36-497a-a9d4-42b0a0440c5e	2282
e5f2a453-68b5-48b0-85c4-9ec317dee0b0	2283
86b24e8f-a4d9-4c84-83ee-fde0d14ad9fa	2284
172e1f1a-504d-4488-b053-6344ba63e6d0	2285
7319c7fd-396c-4a3c-bd02-eeff759b4c2d	2286
0d0d8c3d-1ad4-4494-979d-987a2151a828	2287
84fd990d-7889-406c-845c-5af0cfb7c4a5	2288
71209364-b25c-4d02-a7cb-f24ec18e0fae	2289
4ac4e32b-bd18-402e-adad-ae00e72f8d85	2290
d7f95537-2b48-403d-9ac2-f1fc7aad0960	2291
fce5eb9a-95a7-4a54-b9e4-fe1b036fbe57	2292
a99d0050-7a05-40dd-9e83-a44e15604dfd	2293
6faa7ca7-0d99-4a5e-bfa6-1fd5037520c6	2294
7289d10d-d8d2-41ff-8308-c56ec9346e07	2295
6ae51665-8261-4ae5-883f-1899651ad31b	2296
68c6926c-03e0-4afc-9f54-2190b2c8d468	2297
3ddc1fe4-0abb-4af0-9392-e36720386842	2298
88afd639-e4bd-4abd-b396-2c2d18e3157e	2299
cbd827e1-4e38-427e-a436-642683433732	2300
7f783b40-1685-4603-b2ce-16c52ba82d8e	2301
9d97b077-b28d-4ba8-a3d9-c71926e3b2b6	2302
822c67fc-ab63-42ad-b27a-66039e37fe00	2303
08d86aab-8e58-4d9f-90e4-cfc3d2f0b867	2304
c4283624-ff9e-447a-83bb-4225a73f77e6	2305
cc60d937-e80b-4c66-8aa2-e89cb57c8b08	2306
06f9c474-0547-40fc-be3d-1ae6ce38abd7	2307
d3fb1614-78fd-4555-9c68-f8b25add2de7	2308
57fca0e2-f9ad-4ae6-af9d-6a6f50cbcd5f	2309
b264fc6e-bebc-47c2-a519-1ce8cb53279c	2310
57111f1f-9829-45ea-bb4e-a5aba37cd1d1	2311
adc0f033-95c2-4e0b-87bc-c23ed3f26ce6	2312
9ccfbc94-a4f4-42f7-b6f5-d903ab77cccb	2313
92a42e82-b36f-4308-82c1-68bad2e03c89	2314
96e2e78e-1e22-45b5-af33-7d79a91ee308	2315
e28dbf43-a2d9-4651-908f-1879ad67d30e	2316
4c01333f-e8e8-43bd-9923-8de83ef6f63d	2317
299c1b0d-d6c9-4bf6-b72e-fe66bad6ec15	2318
d5c9ee75-5711-469f-b671-669dcde5c9bf	2319
ffbfc446-f717-4c63-9103-587defe6cf8a	2320
51b7f46f-6c0f-46f2-9496-08c9ec2624d4	2321
95f5b748-d370-47fe-85bd-0af2dc450bc0	2322
24762087-34ce-4f65-b743-7d8402cf30dd	2323
e821a756-487f-4931-a02f-27cf11cec7bf	2324
7cec4a03-0a83-4308-856a-afb8aa5db0fc	2325
b8efe8ac-45db-4a71-bb51-c1503986172f	2326
0f3515b0-75c9-46c9-b26c-4cd05d26eae7	2327
d9c90718-d54d-4ccf-a92e-37a5415ce299	2328
b45ea9f4-d0a1-45e1-b3a8-bf4fe509b8d0	2329
2d87db27-099d-45db-bd7c-ec95146e42c3	2330
570d5c36-dbb7-4f21-94f4-8331a998ffae	2331
9a22fc7b-ad7f-4c70-9e0f-4d40cd7562cd	2332
34e10b51-b5c6-4bc1-b70e-f05f141eda1e	2333
86200eea-a1b0-4209-9f58-f05aacd9da0f	2334
7509421d-1074-442f-be8f-b526167afcb3	2335
64cdc08f-ba6f-41fe-94be-452dc6d5108e	2336
33237971-3157-4da5-8e7f-1494e9a85521	2337
3fc945b4-bbb8-408a-8c2f-d636441b5dfe	2338
6e650a01-6489-4dc8-85e1-8ec809dd72a2	2339
a587390a-db69-4ba9-9d7b-3afa13aefc6a	2340
72d7d717-0837-4f2a-9641-d0f9fdd3acf7	2341
06ae569e-0b5b-4cd7-aded-98c3ad743ca3	2342
05517043-ff78-4988-9c22-88c68588ebb9	2343
14f388de-2532-469d-ae92-1c6453e9f39d	2344
5aca3051-afa2-4f5c-9974-cc9418482a58	2345
536a68e9-049b-4d9f-a0d1-2630c92acc4b	2346
9b58672a-e68e-4972-956e-a8985a165a1f	2347
41a52c92-753f-4da4-bd9d-a01186cbbf6a	2348
3020fb04-9795-412f-8474-bf6d2ac6d29c	2349
51823891-6035-4d6c-a007-b70a86747023	2350
4bf9b00d-5f32-4b6f-badb-ad7bda086cb9	2351
881c5eec-ab10-4523-98cc-0abf43900065	2352
278fe007-ee33-410c-be59-eabb4b87b68f	2353
b55a7c9f-5a25-4a70-86ab-9dc07ff8dc10	2354
a1684a49-feaa-4150-b758-d9412fc59f12	2355
fbaba2b0-3a6f-41b1-9ecd-f89c1a666e99	2356
e6211cf7-272f-4431-bbd3-40c081b992d4	2357
5f8dfb7a-3cf6-47a1-a361-eb3b187f09f6	2358
2f0baf2a-bfa7-4116-8c75-8240aed74553	2359
50a45c3d-b54b-4fd5-bb83-5046e4ff6813	2360
d45641da-371c-430e-8907-6086590ab282	2361
79178be2-1614-40c7-908f-f1a68094faf9	2362
655b3e5b-09e4-45dd-941c-6fa3fc12521b	2363
9e53f84d-ef44-4c16-9677-5fd4d78cbd7d	2364
e13d2935-8c42-4c0a-96d7-654062acf106	2365
5dcdb5eb-cb72-4e6e-9e63-b7bace604965	2366
e787de5d-49e2-4b1f-9bde-1fd3a671b971	2367
2944824d-4c26-476f-a981-be849081942f	2368
bfd5aec5-62a2-4560-a316-7c46c17babda	2369
fbcd7b29-455f-49e6-9c4f-8249d20a055e	2370
c571d0d0-c47f-4e51-8a13-a3ec81a6e296	2371
52b9e109-44a0-45eb-a197-226c4abab232	2372
bf659d74-0b61-488c-8a7d-594f43bed9e0	2373
37c61bf2-5fb1-47ae-9605-80025d956958	2374
57f89cad-d2ef-48df-9119-8287b106716a	2375
0ea427c8-07d4-4f9c-92c6-bc4e8241799a	2376
ccc7485d-52b8-4d11-820e-5fabe43ccf20	2377
e3434cc7-d348-491a-9dc8-325af3d9086d	2378
bf35e4fb-d6d9-42aa-a60e-822960444c6e	2379
9639cd52-c351-4a17-9797-58880e95a7ef	2380
ed6a6455-d7b3-4257-833d-e07dca9e5c9d	2381
fcfa9543-e113-4ef9-9ef6-455ba4cbe7af	2382
1a74972b-82b9-49ba-9dcf-ca7cdaee4fa5	2383
d41a6875-b626-4c0f-89a1-aecb643d29ff	2384
cba77ba2-862d-4cee-a8f6-d3f9daf7211c	2385
6f2f87e7-3ce9-4f1c-81dd-6f068a78cf26	2386
0202af38-ac32-48d0-a546-87caaef2dee2	2387
ac53c83c-c969-477f-9564-769e1ed80519	2388
d201e6c0-103d-4a9a-9969-909bd421ddad	2389
d67d1a21-6e45-4dd6-aef0-0191ba3796e0	2390
3c3c2903-2107-4f79-aadc-319c118f35ba	2391
70248960-cb53-4ea4-943a-edb18f7d336f	2392
1eeaf46d-4991-4e95-8068-927627ccfc18	2393
2865f3f1-837b-41de-8fe2-43db57fe9a1f	2394
c6122fee-089f-41c4-a34f-e5f7e5607b05	2395
4d5447d7-c61c-4120-ba1b-d7f471d385b9	2396
22dc19af-d085-4c9b-adfb-22ec256251f1	2397
ca891d65-d9b0-4258-89f7-e6ba29d83767	2398
6da0515e-a27d-449d-84cc-00713c38a140	2399
00eeed6b-5897-4359-8347-b8cd28375331	2400
1e1de8e1-c0b8-462c-9365-f84bc73e9799	2401
ac15222f-fb8a-4d2b-b4da-bde1c19f0a9f	2402
41f4d85a-0bd7-4602-a3e3-8c47f36efb0a	2403
aeb7af5b-fef8-479d-b5b4-f9b3c4fb95d4	2404
f96de591-5dae-41da-855b-eb387d88d7d4	2405
ddfa5ecf-fa16-4941-9573-a7897424d33b	2406
08dbc17c-a723-4d04-a7b3-8739c1895dd9	2407
9c17713b-14f7-47ee-b0ba-87802d186aab	2408
6b335658-22c8-485d-93de-0bc29a1d0349	2409
b616d6f0-ec1f-4c69-8a79-12a97ece7372	2410
608cce09-a3fc-4063-b51e-7d7b6a86fd9c	2411
0f6e80ef-1972-4dee-8896-dc9955f1beeb	2412
171cbc8f-8ab3-4aec-9916-f0bdbe26bb79	2413
40ec273c-85dd-487c-8935-ccbc7d866119	2414
7845ff6d-8c9d-43d8-a563-bcf4206ceb6a	2415
26f07661-e115-471d-a930-206f5c89d17c	2416
50698127-f6f4-4c0c-8010-db98c21100e1	2417
ea5a35dc-edc1-43d2-9665-9eb8730e8e6c	2418
028505e2-3cfb-477d-b58d-5c2cfebe85c8	2419
a506f761-2c22-4b2f-8a94-bd748c2c8f75	2420
2a5a3b60-d468-4b62-a28f-9c410ad3f71d	2421
b10db9ad-b4c3-47f3-a7a4-37864b134f65	2422
b0799818-22cb-4564-8e68-3c410d0722ee	2423
87a73cf0-ebdf-483d-8b5a-3db1e5e72122	2424
f3430779-bbec-437b-944d-1fbf45d2e786	2425
c48ff56b-0a0e-453c-be56-741d47c33056	2426
8eae1e0a-1696-4532-9e3c-0a072217ef4c	2427
2c4dae8c-e591-49e0-9c5a-62b310a15788	2428
107d0c22-d051-4d98-8206-4e14de02132a	2429
21666405-49f8-44f6-94bb-e064f202f7ba	2430
e795e03d-b5d5-4a5f-834d-162cfb308a2c	2431
ca5b38c2-f39d-45a4-ad3d-daf4448846ef	2432
5af2629b-36de-486c-ad50-a89a28ff050f	2433
b0122194-c49a-46a1-ade7-84d1d76bd8e9	2434
ffa28768-ecda-42c6-ac49-6ce5c7d33043	2435
d6ae4b23-965f-485a-b2c2-66c43ffaef20	2436
32f2d6bd-c22b-42cf-a7bc-0c4b48cd2bcb	2437
40ee7c92-f44a-4d14-9aee-f87244465ee4	2438
4b0be624-6b87-47e8-bbf0-588a2c6c0439	2439
9ebffe22-c6e0-49bc-a6c2-f79a97bc38b3	2440
82ad256f-8036-4318-98cb-e9b1e36c39e6	2441
16f11bc1-9a25-46f0-b2d4-0c2b1ebdd16f	2442
c45474e1-8c83-41eb-b200-962c863c8a2b	2443
a4e2650b-938b-4b72-95bc-6e229cd34601	2444
83dbba12-0841-4616-9150-03806df9bab8	2445
10f89195-3af1-46f5-aa36-504aa3309f5a	2446
f63f2884-56d3-47f3-8a7e-72c324758730	2447
4dbeae7a-6906-4d85-95df-2b51b4a5d113	2448
c1e5344e-1bff-4727-9417-a4f55e41b5ff	2449
9a2afb1e-504c-443e-acff-6c40ce75b1a1	2450
f3d8c154-208d-4efa-b52d-7e9f16adcdae	2451
4ac60dc3-8e50-4c70-be0e-4a4a1298f7ba	2452
67468e38-0c90-4318-b2d2-0c18b7b1e144	2453
4d483147-c871-48c4-8470-85e5a66381c5	2454
4dfadf48-e15b-4fc2-a800-2b68702a72d5	2455
b4d32cff-f19e-455f-86c4-f347d824ca61	2456
675c1c5e-5625-4a5e-97a2-b02aab5db2fc	2457
f86f1f07-d182-45ce-ae93-ef610880ca72	2458
18c1e06b-fe76-4802-b070-53a2f6b707bd	2459
6fbd2cfb-5f9c-497c-8e06-3c6668367681	2460
73b8dddb-ec29-4d11-b449-d97fde73f07b	2461
0f0da09c-3940-4cb5-879f-4cea28907810	2462
e4cfb284-9ab1-47f0-a725-082f84275a16	2463
dcb03ce3-67a5-4eb3-b2d1-2a12d93a38f3	2464
a4ecb516-f23b-420e-af40-7c3996589087	2465
60a23fda-a440-4ab9-a344-7dfdd2ed341a	2466
39b22a9e-59dd-412b-ac3c-0725c807c72b	2467
8876c0be-ccff-4d46-aa91-7f935a3b3b6b	2468
ef6e2e49-aa93-41bd-89b0-8c7d2f260a83	2469
5b7b9817-f937-48a6-b194-cb2b7e4084a3	2470
ff9deaae-da4f-42b7-a19e-36fedd3fc706	2471
6cbe1e63-5895-4168-ac7e-f0d2836ba0c1	2472
4336a134-d091-4e54-9967-c7c433db6d4e	2473
4756395c-57ed-4a63-afb2-01117f14dff6	2474
81c8653f-a227-4341-a2a7-d906fb450060	2475
7952b266-9fd4-4a09-a324-7dc84f11b5fc	2476
2c7e21ad-9b16-42df-9f9b-d583ce70a88a	2477
3a9f3479-4f0c-4355-8ccd-c9ed5cd01586	2478
4f48167c-29b8-4bde-a749-6803ce0a3922	2479
0aad6b52-fd93-4ea4-9c5d-1f66e1bc9f0a	2480
9fdaa16b-a6c4-4831-b87c-bc9ca8ce7eaa	2481
679a4fa1-f7f3-44ca-b440-ad6fb163b10d	2482
ad0ecd8b-805e-406e-82cb-5b00c3a3a29e	2483
1d543e07-d0d2-4834-a8db-d65c50c2a856	2484
a78276fb-18f7-43be-8b73-5a5bc690ca54	2485
e25216bf-b0ac-4bd3-bc5a-1f82a7d0274f	2486
e42680f7-e439-4666-9c2c-536c2b3c6db3	2487
75af9d25-cf32-49c0-9192-60bd8e9784e6	2488
d6a3eeec-cde0-4c10-89b2-93e0bd5f34e6	2489
72d3dc3f-3984-42b9-89de-42d6eeb1abf3	2490
a9fcd5fd-6ee3-4ee0-bd5e-c457517d1836	2491
5e8da504-c75b-4bf5-9dfc-119057c1a9c0	2492
bbd80354-597e-4d53-94e4-92b3a7cb8f2c	2493
f4d5cc07-3bc9-4836-9b15-88a08359bc63	2494
deeea939-7f89-4762-b09f-79269cd70d3b	2495
984f8239-8fe1-4683-9c54-10ffb14439e9	2496
a8e935c6-3fcc-414c-900c-77e8170e7e7c	2497
6fddcfc3-20b6-48d0-87ba-8211eca3420c	2498
328068c9-ee60-408e-8c24-b1dc1ae08b94	2499
29eb4497-0bd8-4126-abdf-d8007326ee8b	2500
21e3292e-dac8-4609-b57d-402f926aa41f	2501
960eb93f-e73c-4df8-864d-08a06c2dcc11	2502
a5585acd-9b65-49a7-a63b-3cc4ee18846e	2503
10c8a5ad-4329-475a-a550-ff3c9cf19599	2504
153c9281-268f-4cf3-8938-f5a4593e5df4	2505
bfd085b8-0bbf-46b3-8ab9-193bca5c85e7	2506
2f877714-727d-490b-94fb-a8d32ee4cea5	2507
1dcc8968-f2cd-441c-beda-6270f70f2863	2508
e9571c17-817f-4d34-ae3f-0c7a96f822c1	2509
edbaa513-b8d3-4e8f-b81f-ef640b8ad128	2510
8e9516ba-f417-47dd-a8a5-8998b94553f8	2511
bc5e6e42-73ba-44fa-a41e-3379402f0429	2512
4bd95eea-b9f6-4d70-a36c-cfea77431553	2513
a9126556-f555-4920-9617-6e013f8228a7	2514
ef0344c6-e24d-4fd3-be7e-c4eb9f62be2d	2515
340cbd2f-a20d-4b99-86d2-1621e8f2d828	2516
bfcc6d75-a6a5-4bc6-8282-47aec8531818	2517
43554fe6-840b-4f61-b54b-8168398cb1e7	2518
cb2972b9-29d1-4d47-b5a8-51e1035a6003	2519
d4019e11-c719-4338-9198-4c03da0cfb6f	2520
db3c0a20-bf05-4b30-ac22-f294aea24172	2521
92d37892-6186-4459-9cc1-f0dde57652d0	2522
b109e75a-89d9-4fb2-843c-c0418b755d4c	2523
3248ed2d-bada-41b5-a7b6-ac88faa1f1ac	2524
b82ce4a1-04a8-4299-97d8-5866c9b619b2	2525
31930c85-3e0e-488e-8407-46a0d73fa816	2526
88679ca2-2080-4cea-8669-41ab4b8d865d	2527
acf6c776-d0f6-4239-b5a2-a45a613ffa52	2528
faabb55d-3c9e-4c23-8779-732ac2ee2c0d	2529
3e30aebd-0557-4cfd-8fb9-3945afa5d72b	2530
f5426431-f490-4678-ad44-a75c71097bb4	2531
2a141b9a-d109-4f4d-8085-781e7b194bca	2532
6e67c3cc-5e38-44a3-be96-d2a6446ded5b	2533
8533e145-f555-4660-bcde-5092835f440e	2534
765774a0-2060-469b-8b7d-612eea48579b	2535
4bd939ac-c99f-4ffc-97a8-dcf74155a52f	2536
54d76201-3b30-4722-978f-2abdd62e88dd	2537
3fa7095b-4447-465e-a784-14b07789d7a1	2538
a9044915-8be3-4c7e-b11f-9e2d2ea0a91e	2539
e7a8e086-16df-44a7-91e4-640986bcff72	2540
820263ae-ab51-426d-85e9-bed5a74f00e1	2541
8b2350de-b682-4fe7-ad8f-4508d7b6c697	2542
7e482754-d3f6-49e5-b351-235849754e26	2543
aaf09f31-bb5c-43e5-9f54-bb6554c33a71	2544
6fea1339-260c-40fe-bb7a-ace5c8438955	2545
4b1a830b-0a1f-42e5-b8d5-1d6743912e99	2546
3ca0ef91-3297-4ef8-a99a-1c1a54dc8ac7	2547
78ea5ea1-3c4d-4b7e-ac5d-68900319ebe2	2548
149e6720-4e4a-41a4-afca-6d29083fc091	2549
582fee78-d934-4603-9f5c-1729e0ca36b7	2550
f3bf61f8-97d4-4e52-a73d-2ddbbe8196c8	2551
3b221a54-54b9-435c-a7f3-5cf8e2ce9fb2	2552
a6bfadac-d028-4bda-a5b2-e1468f556569	2553
eb2432e6-8d97-41b0-beba-b36e77ddc5b8	2554
350bce49-c21b-4137-b50a-0766ded07e4d	2555
9abb82ae-4bbb-4460-bf56-0aff131ae963	2556
194eeda1-e662-43bc-b9be-32fc1afecc8b	2557
eeacb319-8d4c-48e0-80a0-944e71c375bf	2558
f2eef649-a6d5-4114-afba-e50ab26254d2	2559
a0b8cb9e-7532-45fe-a74c-30e7c4009a39	2560
781167d7-b9e5-48ea-9f66-67c4a6739562	2561
315fa94f-3bb5-43db-a28e-406a83e9805c	2562
2ad3b5c0-85aa-4acd-8680-a90ac100133b	2563
f6d27ed9-e67f-4dde-8c3e-8d6feda8e37e	2564
42884e27-dfb8-453d-990f-2ffd90bc2d1a	2565
6f81a7dc-be31-4498-ae95-6d994ffec614	2566
a5ee1ebe-a645-45d2-8319-d101fe62e581	2567
54b0584e-4e5e-4976-80d4-eea7a82a7213	2568
bc1c8f3f-6f36-4086-a470-87ed813dd429	2569
bac316b8-e971-403d-a5e4-f81fa6a4efbb	2570
04c464f3-cdae-4b43-9d0e-e972316f6b1e	2571
ceafdf2f-bc18-4b99-8c71-d1834b0065c3	2572
f57e14e4-b030-467c-b202-539453f504ec	2573
cdc00f5c-5e99-4b64-98f3-5eabda3636cf	2574
13df2a46-f72f-40e7-aa63-26fcf62c7048	2575
6b966946-5274-4e3d-aabb-7563814d805f	2576
9cfc77b2-7d54-4795-97cb-4042f44ac3a0	2577
57805d77-f947-4851-b7fb-78baad154451	2578
386b19c6-a3d2-414a-bef2-c178572b1cbe	2579
cfe572bf-840f-4bed-934a-f69f4b1e90d4	2580
846cdb90-81a6-4c05-a7dc-9dd075f0db9e	2581
734f6784-413d-4779-a81b-1a10f5e2a1a3	2582
c1380b12-3909-47d8-a5fd-d20e76123310	2583
17b3b9ac-50d2-45a8-9319-1a7ffba14a14	2584
756af95c-8793-4546-a93f-f3581b5b1c8d	2585
2ff63f00-0954-4b14-9007-e19b822fc8b2	2586
05851234-4e8f-4cc8-b682-a55c23277d9c	2587
8427ea7b-717e-4834-97f1-57a4c29351c3	2588
3bd76ebe-c7dc-47bd-a8af-9e46d2a4f782	2589
df360f0d-44bf-44c4-9b60-38d4fc13996a	2590
57e79d57-b795-475e-9fa2-5dd9d5513b8c	2591
b2274e6d-10e8-4068-9dd2-eb55d4a144b5	2592
0e85eb79-1c05-44ba-827c-7b259a3d941a	2593
b7ba42de-12d3-4767-b7c3-aff86e60830d	2594
88a4cd4e-5dee-4153-8462-0d5e43c75f47	2595
c4237bd8-b11a-4f22-b0b7-29beca7daab9	2596
bbc5b66b-d037-4f26-aecf-0b129e7f876a	2597
663f8232-8c46-4851-803f-a91d31593b14	2598
1b6ce503-df5f-45d5-86cf-54740c30042f	2599
6cb79cb2-9087-44d4-828b-5c6fdff2c957	2600
2256228e-8253-45ad-974e-39ae914c5586	2601
e86ab653-bec8-46f3-b4b6-a1a866919ef6	2602
e919b253-da5b-4aae-a444-6a368376a2d6	2603
0b76f632-25fa-4681-9862-86499c28afd3	2604
c17f08f4-2542-46fb-97f3-3202d60c225a	2605
10b7b68c-390d-469a-915b-40bac704f288	2606
e5add03e-93c4-4f5a-9ffd-ec93f24d8c5e	2607
6977ec07-9d54-4151-b5ef-f4697afc9aee	2608
38b511a2-76fa-4a1e-9b7a-e2a6efa6399b	2609
5ccb9a53-092d-4806-b337-470a582893d7	2610
9d4c4835-c71a-4647-a4fc-263e26832cd0	2611
e8374874-4178-4869-b92e-fef6bf30dc04	2612
837555ba-012e-45f1-9a9c-9628da13ee54	2613
3ba68671-e3b5-4263-81dc-76b16b29bbc6	2614
1de1b2e2-2881-4e7e-bf75-60de23f1ed4b	2615
9a3bf45c-347d-4630-894d-7cf3e8e0b632	2616
4738a4cf-1220-4b21-ab64-ed446a816cc4	2617
15a30428-87c4-455b-b7e8-71013237fea0	2618
43732dda-0963-4bf6-bc09-c657d44be875	2619
519dd32e-8f30-4380-8826-7aa99169e1bb	2620
c130b0fb-5dce-449d-9f40-1437f889f7fe	2621
0e43fe9d-c472-4b62-be9e-55f971a023e1	2622
fa19a8b6-e7f4-40d4-af15-7a7c41ac7d8f	2623
e69c8ccb-25b1-4c4a-89c6-8fdad1172951	2624
2ceb4e66-4eaa-4dba-ad3a-30df3b742557	2625
a98da524-e565-4d89-b729-17d5a5fe75e0	2626
26860648-1c93-4849-bc52-a8541ec88219	2627
e94357c5-815c-424d-80d4-968ec02d6d05	2628
8aefc2cd-c441-4a2a-912f-ae2b9717a865	2629
0af78501-5647-4c18-9a0d-66ac8789e13b	2630
52f34f97-084d-4cb2-94c6-aa384041e022	2631
f8a9a911-47de-49fe-ba96-7e5b5f08b7d0	2632
79953455-521f-4fcf-981d-e38f83601dfa	2633
36bfa85f-737b-41db-a8fc-b8825850ffc3	2634
5b4237d9-d8e9-462b-a76d-558522a5871c	2635
1c3e52cd-c0c5-4220-85d9-ebdb6a26d056	2636
bd513de0-e42f-425e-ae46-817d7bc5fb1c	2637
a9efbdd9-8839-4a92-948b-433c708d5eb4	2638
cf140a4a-2c8b-4b69-a81d-59472187a7de	2639
2b1c601f-4c4c-4654-959e-2d243a4d4eab	2640
39e1e020-2790-4ce6-83ca-f3a931926bd6	2641
29f3e1bf-aec1-4d0a-9ef3-0cb95e8a3699	2642
25869023-8509-4926-aefd-1f84c188cf3d	2643
e000d76b-afff-4286-a5fd-7ea6405cb80f	2644
63a6fae8-d39e-4de6-bfd4-9bcbf489a565	2645
42d42c04-7698-4b2e-9c9e-6b5ec5e36feb	2646
95692409-79fa-407c-beff-996d630f03f7	2647
64b664c3-60a9-4880-8908-bfd3308c1c85	2648
2bad20e7-61c8-4aa1-afcc-ca6f060ccb71	2649
44e1a837-cc5e-433f-874d-913296b57120	2650
ab4725b8-7a2f-429a-a55a-3dde07c9acea	2651
7cdb1751-4cf3-4e47-b13a-41dcf72a2dc6	2652
a0e49ec6-e222-4628-84c1-65df7e26272f	2653
6d152109-c447-446d-9a06-3621c920bebd	2654
c754774d-d3ea-4216-9486-368c04b1bbe7	2655
a1f28c75-e6aa-4d63-9b01-3be42c599fab	2656
a78ef19a-5fba-46fd-b50e-ff95a45693aa	2657
adae038f-f39b-4ed3-bca8-dd1044a60f7c	2658
a4ab8a1d-2f6a-4387-beb7-eb5b164c4714	2659
9478e346-7c52-4780-9555-3d1577f0b905	2660
acb31795-164b-49b5-b50e-1422bbf13898	2661
70a692bb-dbd3-440a-af7b-c82e5e1389b2	2662
3b14b1a7-2235-4fcf-a718-383beb79e856	2663
33235ed4-d5bd-42cd-b77c-de646c36c8c6	2664
3d5c6889-2471-43c4-b853-08fc5fda810a	2665
c9329809-8510-45b9-9202-5640398ddaee	2666
6290b769-173d-49d1-990e-660a4e333877	2667
804adff4-9f7b-49d9-9585-6c73fb33e5aa	2668
7e2cf7cc-211e-4588-9069-b3126a29d1b1	2669
7dceb9fe-9c4f-41d8-8528-4c6bf529f919	2670
e92547b5-a134-4149-af9a-c944af9e476f	2671
6f9937e2-11a3-40f5-a607-3750584685c9	2672
ff428f12-1c80-4437-bfff-0e9af6ff94c9	2673
be976b44-a297-425c-be6a-a648418b3161	2674
78dd6e93-9463-40b4-ab97-6a0a86e24083	2675
3a13b4b9-00cf-4b4c-bc6b-8101190d3c8c	2676
f208f09e-b5b3-4b06-87cd-f7230fae17e3	2677
a0212d20-b2f8-42d6-b367-6bd9ab11ac27	2678
beaecc2d-20c7-4221-8fd2-682c82f0faab	2679
657ec972-3ab1-48a8-b472-1f1c210aaf17	2680
c826bda4-4f4f-4746-81ba-5f66ac9c95e5	2681
cca49e52-1f1e-4c16-9e40-fedebcea065e	2682
80f02418-d29d-4d49-b278-d659b6d4a98e	2683
1646c8fd-d950-4978-b944-0c7597a7837a	2684
2f2c85b9-135d-4830-a925-ee7548332f70	2685
606bf117-494f-4864-891f-09d63ff6aa4b	2686
01612542-01ec-4fc4-a9ad-b6a6e33f11d7	2687
613260c3-d620-4645-94cd-33cd55f29b1e	2688
8ac5bea6-3a62-4e28-9df7-03f24d4c06fc	2689
21763d94-f834-4a18-88b9-c82bc028a344	2690
4580d83b-093e-4241-91fb-2dd71f5f1f3f	2691
37c78aeb-d196-42b5-b991-6afb4fc9bc2e	2692
d34fddf0-ea6f-4df9-87a2-6a7b0bf94b0c	2693
4bd19b19-4ef4-42e0-ac5c-a21f709d248b	2694
e1e05cce-3922-44e1-8f20-015abe5e309d	2695
9f525d0b-3911-4c83-b0d1-e90aa1fd2d14	2696
d1325d68-44b4-40ad-865c-d8ede32dc18a	2697
6c8a5af8-2e91-430e-9423-2b350a14de46	2698
4ab3a783-8e11-48e9-85fa-3db18f11e64f	2699
efb99b60-690c-4568-bdf1-759a132f5398	2700
62470569-9793-49ad-adea-39a788bb6728	2701
9bbbca84-c6a4-44ac-87b6-d7e8e7930bb1	2702
3a3b3e5d-2d28-4108-875e-30686d2710e8	2703
21f1b21f-b286-4a45-8944-694b82f08b5a	2704
99d7b49c-c18e-4a11-bf3e-b71710938df6	2705
f160ef28-881d-41fb-a3df-7b0df24267a0	2706
3f575ecd-627d-4f08-a89f-abd46d469c7e	2707
3e2d3add-c56b-449b-aee2-45fd3f364b99	2708
cbccb21f-96e0-4f76-8e4a-ebae988bc1bd	2709
721cb9f9-9a4e-48c4-be33-0a3b5884349a	2710
e9e0b6d6-e2bb-42e5-993a-3aa69a4ec67d	2711
87ac7e25-f278-47a0-b109-5eb131dc96b6	2712
763e1b10-0e76-4e4e-8ea6-b883171c7829	2713
8846e4ff-0c19-4af2-872b-7a8dc7497f68	2714
e9a64ec8-afc6-4aff-aa1f-34fdd3448b7d	2715
c3d14b41-a48d-488f-bfed-ce0597bb0b1f	2716
1a681dad-cb15-43be-9d0f-4a807badff9f	2717
c6488dd8-0d4e-4035-bbbb-11719d2f41cd	2718
2f604768-438e-4539-a31e-e97f51b4d52d	2719
ecb5dec2-d9dd-428a-884d-74c9dd7c113a	2720
f4c967a4-7591-4bba-8237-82e171a2fa7f	2721
e3d2dca1-9773-469b-8e17-91812f2669c0	2722
115eda90-a9f4-4437-9e4d-513daa0d5f35	2723
608c9da7-d3ef-4661-828b-24bb6ae20cd6	2724
f43f343e-1629-4bdc-a921-6c5f971809f8	2725
4ab20a44-3df1-48bc-9cc1-d130ef2179d4	2726
bbefa044-a5b7-42d7-98a0-9335504917a7	2727
e297ecdf-64ec-4e34-899d-80380f5b0c2a	2728
c42ec991-7cb6-43a7-96d3-41852036f7f7	2729
fc83a851-d7c8-4646-b984-46e8e1a56dfc	2730
f1b525b4-ddd0-4d39-85b2-d8fa26a7f279	2731
520c81bd-e7b4-45c1-bd8f-976eba5b39e1	2732
1397d045-1603-41fc-80b9-712c18360145	2733
2f3f8fb1-e5dc-4548-9601-fada0485e561	2734
d188e4cd-d187-4df2-8516-6ff8dfd3735c	2735
77d21c13-846f-4f48-9546-873949eff6ae	2736
3e8b6fc8-5fdd-45d4-afda-88717efd80d2	2737
b916a410-ee27-4f15-92ce-1ce2b60e7697	2738
cfb1c147-1046-4921-9c53-d3a226ebdb0b	2739
fd15c842-515a-4157-8c37-2b54c86390bc	2740
44f8fb1b-b2e9-474a-b5fd-9f2266670459	2741
4763e116-5ba5-4ad2-b2b6-95c3179e6904	2742
97417292-3fb0-40ea-8837-5540cfb4de71	2743
ef2d4a1c-195e-41f4-839e-bdfd3f85adc3	2744
c2e2144d-d6c5-47d0-a4b4-aa859de5e0b4	2745
d25fa5a6-92bf-46a3-8bf7-31149b62eb84	2746
c43c7134-5d6f-4bfa-8275-b4012ae97c46	2747
00b952be-6c97-4880-84f9-06de584b491b	2748
675ec992-a8e4-41f8-b28b-1aad0c8a9ad1	2749
60ec2ff0-d58a-4319-9d8a-2142ad5bf48a	2750
39c1e474-647e-42ef-a157-fcfb30c2c2ff	2751
68f1175b-592b-4f28-ab1c-85c7a438c636	2752
d4e75c13-d1e9-4c48-86a0-9c854e1d88f7	2753
dbc59d71-6d29-4563-ba89-a60bab1c0f40	2754
70378383-e5ff-4e08-8770-820e5c602b6e	2755
61604b45-8a91-4e33-a1b6-45d7b1fec4e5	2756
90910a44-7579-4730-9499-0546159fe4e3	2757
f3c95ad4-215b-4519-8660-84c9f467da05	2758
87e58b4e-465c-4d8b-bfee-9c49ca8b7358	2759
ac82cb46-f2b2-4f99-9cfa-d0c322a4ba16	2760
0b7b1183-8ad2-44c0-8858-05b0d53742c3	2761
68950696-ee9a-49b2-a8c2-d1d6c19355cc	2762
b978a42e-0b15-4987-9434-8805370f3f83	2763
ec88cdc3-0517-4951-b5ef-7323e7316db0	2764
79255a50-40df-447f-9612-2cf669080196	2765
c83907ee-8b5a-4547-8f68-96572243ea7f	2766
7a3b3f80-04b8-4968-b432-fbcd3f350716	2767
c8a1771b-4526-4183-b066-120676990d74	2768
8ca01f46-53ac-4af2-8516-55a909c0905e	2769
779353f3-6401-4cda-a8a2-6fd3ec9bc11b	2770
e0fc22ed-6fff-4161-8ff7-a568cdbe7850	2771
f035837e-4117-438d-a524-cacf43500e68	2772
cc546218-cc08-4ae9-9592-ac1596c1470d	2773
2212458a-763b-4fc0-906d-69d0f6d1aa9d	2774
4387b544-e4d0-4f18-b74e-d4a5ba1582ab	2775
d5c5c11b-153d-4f28-9525-db5ec1bfe0ad	2776
42995787-59e7-46fa-9d4f-d9bb68d27521	2777
168465cb-cafc-4650-a7aa-03dff8ffc6a6	2778
c6d2cbdf-30e7-4233-a1b4-e892f116ada1	2779
52203489-c14f-4e60-8aa4-4691da1c974f	2780
f5d56157-c5fe-490f-bf91-8d200e7f9b5f	2781
29880b84-1d4e-46a7-af82-b8d4bd5e9bbd	2782
3f542031-b054-454d-b57b-812fa2a81b11	2783
7696c8a8-f971-4b8a-820e-b8bd922bfa57	2784
12327d75-47d5-45d9-84c2-3760b9210c17	2785
07deede6-db1d-4ede-b19e-5d46df592841	2786
b04d9207-306c-42db-8b6a-c94d49b4b08a	2787
27be5424-ca7c-45e9-bd85-9f4cbc7a41c7	2788
f82f3a3e-29c2-42ca-b589-bc5dc210fa9e	2789
a57e5515-555a-42d6-a92a-465deac3fdd1	2790
aaf92b5a-199c-4b1b-969d-7a915ffb6f0f	2791
af1122a8-e2f0-4534-8ce1-919d1edba1d9	2792
67e27cda-9194-4102-b4c4-2962aeba2875	2793
8255db36-4902-4cf6-8612-0f2b4288bc9a	2794
d75f97e2-ed2e-4909-ab65-535f13446f86	2795
f4ad883e-9a92-45ed-a540-a49c2d1c36dd	2796
45be8e20-3c3c-4e78-98f0-b5bdecf2f703	2797
490bde43-5edb-4a93-b3b3-7a0465fd8909	2798
492c18bc-ffbe-43b1-a22a-9bb801216b96	2799
98ea66a0-4195-4ee9-9dfa-ed45b97d3af3	2800
6fd077ad-3430-4940-a584-9dabf66698c1	2801
002b5362-3c48-4b7a-a1bb-5059306797c5	2802
92bb6421-ce32-448f-8b6c-70992fb4e8c4	2803
c790898c-8e86-470c-88de-3d2c7560db10	2804
9a6880e7-5795-4ed3-8c58-7fef968aaa61	2805
fa6b3377-e287-4d9c-947b-4df412c0ff0f	2806
e7b7abee-48ed-48f9-8ede-12629a44641b	2807
bbcc9824-31c0-4c70-a7af-d24090ea161e	2808
cbcac997-3a1c-4676-8769-449c82b3de5c	2809
d97ddf85-3933-48b6-8ae0-b681415b8a9b	2810
b6a68914-baec-4178-8871-f6c2f9936a3a	2811
bc68928b-fbb5-4aac-baae-52ba49202372	2812
ab5f1b53-dabe-444a-a8fe-116cde87f709	2813
076caf66-1bb1-4486-8f46-910c83441eab	2814
9abff216-e204-4dbc-9849-d1dbe1fbbda8	2815
6f0c4783-3c5c-4fd9-bb3d-25bfe3c0b89d	2816
73571028-9318-4090-ab36-c111974e195b	2817
b199e343-e7f2-4840-8111-6cdb62945025	2818
67bd5ee8-fa4e-401b-a940-5fefff6fee5e	2819
e343ad82-b386-4d2e-8322-a773e5a31f2e	2820
4ebc33b1-ae37-4556-9a7d-86e9eee33d03	2821
e6a83406-15db-4cb5-85d0-f56e4c2a5a01	2822
65283c7e-a5cf-4e4a-ab01-8e478081c500	2823
f54fc7c3-3a40-4f26-83cf-328d9b097e93	2824
4a5c8526-f8ec-43f1-97af-49722ad88394	2825
0182474b-8a1d-46d0-9d0f-e6df353335ea	2826
b5997eef-2516-491a-a10e-5cee842bbcdc	2827
18dc6bd7-9caa-4c2d-a2fc-e9546ebda6a4	2828
e25ae62f-847a-4360-9378-58dc49b803dd	2829
6afcc957-d742-41c6-ad0b-31b2f1967353	2830
65cc77e1-45cf-4c2a-958c-c7cca472970c	2831
dfecf546-e7ec-46d4-8372-c1e7864ec406	2832
231ff972-4e8e-4157-95e2-12f963cb478c	2833
0d360231-f492-46ac-baf0-4f84ac6e8b17	2834
b9a06530-1241-4162-836f-7b8e79deaa58	2835
688178e7-2308-4e8c-8e6d-66a025f895fb	2836
a7409219-a681-4072-adb2-5285106ce6f2	2837
c43bb0d6-94d7-410f-80fb-e5a243b18d23	2838
777bfd31-0c54-49b9-b057-c1fa742cdcf1	2839
bba6e208-a089-431e-9a52-177d0ba6b4dc	2840
d53dfc45-47ad-4fb1-91b4-562fa927d5d8	2841
95c86ac2-8551-4302-853b-57aa1c128b43	2842
a70b63fd-cae7-4a5f-b338-b18343f3ee2f	2843
3890981b-0ca4-454d-a839-4f8df9490283	2844
8f6ade41-0e4d-477c-9ef7-42591fed1133	2845
16a42379-c7bb-4498-8dd3-6ff67b5b10c6	2846
2393d266-0c77-434e-a3d9-86408af14d80	2847
cd08ab5e-a823-4985-975d-3a3438b9b5d5	2848
0ee7e64d-90ca-406b-b59a-3e551c556dbe	2849
72f7495f-d40f-4c96-93bb-7fe1c9b23cbb	2850
1e1fe156-5320-417a-8d35-eb0710b51190	2851
8a5dff84-c79f-4898-9e15-e100c53ebb58	2852
d1a0301e-1167-42e8-bf89-c7835e0d3485	2853
54b9e0ad-a043-4eb3-8b0d-86fe89768f79	2854
4015f3f8-2711-41de-b80b-4fee07373b12	2855
1f83b844-4391-4476-8e4f-e0c4da36fcd7	2856
bff75706-d1c4-4615-8595-8e22a61c9b2c	2857
909726d2-f03d-4d93-a600-3f0686d39c3a	2858
b5d9218a-6829-41ba-ad73-7639f5157124	2859
badf56da-2dfd-4263-b627-e93c62d47a94	2860
d35e1026-638b-4c92-b53e-43cfc0172e86	2861
62c2cd94-30a8-43ed-9d06-8f689111c69c	2862
80116df1-71e3-474b-9c9b-08da2f92b778	2863
1377df3e-21f5-4767-b47e-eda819da068b	2864
30bb645e-7b3c-412c-8310-a117c5769f5a	2865
2402e21f-f02b-4c0f-aed3-173e8d265780	2866
4d9c3ade-ba9a-47ad-80bd-9f9e84b4abe1	2867
42c14c80-bd17-47e4-9bb2-a35897638c4d	2868
29f6333a-b4c8-4416-8fdf-598bcef1122a	2869
90f32cb5-6aa2-4750-bee5-47c3a703214d	2870
e598d30e-4ce1-402e-94a7-6f44779da6b7	2871
5fab218a-a6e7-4317-9e5b-f68ff4d68166	2872
6999f790-25f4-44a3-b745-1e3e01fde0f5	2873
eaefd603-84c1-4db4-a72b-0cb718a0cc07	2874
d51f3a15-12a2-41a0-acfa-33b5eae71164	2875
a25053e5-06b6-40df-8f0f-e8819d62585d	2876
58177b75-d725-45e1-9b35-df18f1fd15c2	2877
2b6f3780-6fb6-42c2-95bb-5e080772e38c	2878
8fcac535-8f39-44b6-be5e-61e80b4b3d63	2879
9a4c746f-8ae7-47a1-8292-937ec6792e7a	2880
35718ac2-0681-4270-9e16-ad37f9dc6583	2881
96c1edac-1011-4cb8-882c-27248de35071	2882
a7378d57-a9a5-408a-80e0-a14d7203df77	2883
0eb89e0b-adee-4175-b1f0-55a3531937be	2884
bd5d07eb-dcb8-4d11-b873-908401e92ee4	2885
475ae7a5-07de-46a8-a88d-4322259aafa9	2886
1a93096e-62a6-4c6f-8f78-72e752c0d6f0	2887
f74ae14c-845a-4c00-9a84-b0c8dd24ef2c	2888
16916aca-031d-4ff9-9017-2bad309898fa	2889
afd5199f-6688-4f68-8bed-deb7179dd732	2890
1a02453e-5f86-4220-abd6-1d889d2fa517	2891
fce925cd-ed10-4518-8713-6f20d146e4fb	2892
efebc0f3-4ec1-4f83-a3a6-43570ec0b2f8	2893
31e9c35b-2675-4632-8596-f9bd9286f6c8	2894
794481ae-4488-4913-bfe4-f6be2fdd1c7c	2895
1665cbdf-ba41-4b15-a521-a4a0e90b6050	2896
3584d6f6-62a5-4453-995c-66a7d6bd7a62	2897
b92a78c0-ee14-42e3-9c02-479512c79ccc	2898
dbe58c0a-423e-45b0-a64b-3f59e284fdb4	2899
286022ee-3c4b-4e03-8aa9-457c8a315bdc	2900
25a757f1-9fbe-4c52-be2e-1a5294fb25b9	2901
f08765e5-70a9-4e43-bae0-987302a598d2	2902
45b3b313-0ec2-455b-b2fb-858bb4faac10	2903
150e799b-3244-45d9-a6cb-5a3e8c33d430	2904
b3ee790e-d8f7-40a4-b5f4-5d6694fb20f4	2905
3997d4a6-c2bd-4191-8406-eb07f0abb5d2	2906
92db820a-9863-47d0-801e-34f909f93480	2907
55704c38-224f-4b75-b29f-d43653f8bc9a	2908
e7516564-6f1e-4adc-a245-e481d56c2d9b	2909
f1df0431-9250-4ec8-95d8-f19ce7cf7fb6	2910
9f066e90-a04e-447e-a878-01d8a1bb4bea	2911
7771a68c-ef6a-400f-978d-64050d45a54c	2912
f72131c1-b677-4324-84c0-9f5991fe4a4e	2913
f6785e67-fda7-4dfd-b21b-4657094a1d0c	2914
207c2d32-c90b-4a3d-aa67-d958dd18cef4	2915
ab12633b-696e-461a-ac43-f68a26355fa5	2916
cf20a6c7-822b-4c54-9600-c75bee6a296c	2917
35e991b9-abf7-41dc-ab0e-0ca947463808	2918
8b0b1402-88f7-4eda-a857-f07f134d9a85	2919
b8d2e1cd-1062-40ba-bd9c-d5f964631f1d	2920
6ba775f4-c25f-4f34-94b4-8dc3a1c854d9	2921
bae34b81-9abd-416e-a720-fedc359df775	2922
fe617aa6-30f7-4f44-9f68-cef458e5e510	2923
9ef1d76d-5f1d-4398-b4ed-05afb3172f26	2924
10eb06ab-0695-4057-97a5-bea9eeb6fb6d	2925
3ab0923d-5db7-43ab-a4bb-1d3d84592b97	2926
78357d35-1c85-41c3-b134-37dbca97dd65	2927
c509cddf-aa6a-4fbb-8df3-52556dcedfb0	2928
1e3c9033-7eb3-4543-af92-5e8c9b778318	2929
a4115de8-b48e-4275-84b3-c8c03be4d1d4	2930
7930f64d-afe8-4ef8-8656-8ce2f25d9e86	2931
022c85ab-eeed-479c-9679-a0e4b5a6a338	2932
610404f9-26bd-4be2-8697-f916495f14a4	2933
5b076062-e2a2-4fa4-82d4-6fcc32fefa0e	2934
923f0d4f-cf22-4465-9edb-8e8313a878bb	2935
d44d63b8-3da4-4f7d-aba1-a05ba8941b44	2936
2b03e696-edc0-478c-b6b7-b9d6ba9c3c98	2937
f38b352a-7191-4528-980a-a0bc5b5d8aa2	2938
5af94151-9549-4259-97b0-16c348d82f91	2939
4aec87a5-f33e-4bd6-89f2-0c96188c8372	2940
6bedf676-3e23-46ef-a008-720ded2b9a06	2941
89aeaa91-f01b-4390-9346-a481f7fa6cdf	2942
9457a08d-a2d0-4f2d-9876-b8870612d54f	2943
82a9761d-4939-4d70-9406-20c5680f67ad	2944
98e4bf9e-9e33-4f07-9962-f7c1c2d773ba	2945
c3ee2b9c-d315-41c3-b55a-3c1c2b29addf	2946
88e223e2-3322-4c66-b7a1-d7772e287443	2947
b0fe3cb8-028c-4fe3-820f-f1d19345c015	2948
024bea6e-e250-4348-9e69-2dfcad38442e	2949
e3347fbd-2595-480e-926d-278566debf9d	2950
5c42c9cf-5833-41d8-b600-177e70894046	2951
7fcf5e6c-e12b-4353-8ec8-2ef613b99b9e	2952
0f8d8bae-f387-4c36-9635-24769351f7d5	2953
84ae0c65-3b91-455f-a205-5acdefd943b8	2954
034147e1-0acd-4a3a-9fcf-aa310cb41707	2955
c9227eab-add4-42cd-be8f-1bcb5566daa9	2956
04fa6faa-6b42-4c7a-b1db-9aa20b7e4853	2957
08b736bb-1c82-40b4-8b0b-49e2182a067a	2958
7f0c013d-e31c-4cfe-9a58-d13bd90d325f	2959
dc21d171-7204-4759-9fd0-77d031aeb40c	2960
a65f4f19-9f4c-4a44-906f-87aa4ceee900	2961
6170be54-7462-4673-becf-4e1be1653164	2962
243e0e47-6f5d-43be-864f-f51095a33919	2963
cbdc4c77-cb4c-4a86-bd24-9fd6b1fb7ddb	2964
9f01b9ea-162d-47f5-93b1-3f6a3aeb4b24	2965
95303251-46d5-4239-89c8-eaf0b0947a11	2966
0452a81f-537a-403d-a8bc-ab7921439bcb	2967
fa8dd489-17e2-4d18-a195-d92fcc871d61	2968
83e72d2b-501e-4715-9bdf-8e6ffca42881	2969
38b6fae0-dd60-47c2-8f46-cf5023d23664	2970
ea075268-e5ea-40f7-b9c3-68b039218a88	2971
b8a92c4e-9f24-4ed5-9c0b-c353e19c01cd	2972
63f2d055-940f-4868-9a73-234d9a465bb0	2973
bfb9fdf6-743f-47fb-a87e-ea75833e714b	2974
dc391b48-6fd5-4fab-8426-11bfacd7336a	2975
d1551eec-60e6-4fb0-91e2-b437a3d6e8c6	2976
3a369807-6de5-42ea-bbaa-37524ad6989c	2977
3a0e0103-9123-4449-9f2a-86bbbea2e9db	2978
1ab3b258-213c-4094-80ae-34d36701b5a6	2979
87461424-712f-4b44-b58d-55b549929b59	2980
c12fed3f-b7b3-4b5a-86a5-76fcfaa30e34	2981
0181f745-7f48-4065-9089-f42810b52149	2982
7a86ff6f-cdfc-4ac3-97ca-6a48b8d1b8cd	2983
9d84c2f2-9389-4b3b-801a-1c71a9403f36	2984
87220a16-c8f0-4d68-a58e-1bae5c67c7d2	2985
f77252fa-89da-4cad-91d2-3f19cb8cf4dc	2986
36eae729-eb71-4ab0-82f8-9bef3255d881	2987
a1962353-5e4e-408b-91fe-571652e952f8	2988
3ff72a59-f39d-411d-9f93-2d4a86413013	2989
80c51cf5-a39c-43d6-a833-da55778d6088	2990
d3883e2f-691d-48eb-92a6-770c1dcd98d9	2991
314e1c25-dde7-4e4d-b2f4-0a7b9f7c56dc	2992
fbe69047-e53a-40d6-bb5e-ff622aa52a2e	2993
81ea2ba0-705b-4869-8010-04d63444e8c4	2994
7acc6c97-2654-4ffa-945f-daeabaa8e5ae	2995
60ef8ddb-7676-4056-a357-9a8c228d03a6	2996
25f54bb7-c393-44e4-8e26-e4f4cd7aa61c	2997
b4921a31-4f42-4cef-ac81-824c6260c910	2998
881ca31a-d5f3-4406-a683-feec2e51fc47	2999
756cf672-d4ae-4470-a3af-a43d776a211d	3000
c4e3394a-5dc8-4f89-a704-1c5218ebfc54	3001
3c3d3ad8-3935-4c00-affb-768563916f36	3002
5bf64d94-efd9-4334-96fd-e6197b0b02b8	3003
a47ed6d5-480e-428c-8ce9-d7a6a571e857	3004
825836b9-af8b-4449-b078-d51fad0db73e	3005
91d471a1-7639-4a70-baa4-a9e063fb4e83	3006
15f835dc-ee52-4b74-b889-113678f54119	3007
415e30a0-116b-4a4f-8cbf-8d0f6406bbab	3008
30e0c009-8dbf-4cee-9e02-ccd84d1b455c	3009
23a32153-7314-4359-a5cd-9e584fe83504	3010
e471b63c-c3b5-4f62-a971-cd0b2273838f	3011
bbcf65ec-b49a-4612-a767-c1062fba84f8	3012
a33ecf1b-a4ed-43e4-b6ab-26623b40cfad	3013
5dd561f7-7264-42cb-a3b2-bddeb750eb39	3014
66f0dcaa-1680-4ef3-9b63-8b2ac24d0b58	3015
82dc508a-dbda-4954-aedc-28895edfa42e	3016
2f2452af-89a6-405d-8aea-016387bae013	3017
69012395-346c-425a-960a-531beb661398	3018
a6623d39-2d8e-4f70-8242-0a9553b91e50	3019
fb50889c-ffa3-46e4-9780-785826316c44	3020
22fec580-f9fc-4baf-b8b1-3bab79be8ec8	3021
1f064e2d-aa55-4631-8f62-e2c14bbe1f4e	3022
b22d45dd-deae-4663-a782-542db02e25cf	3023
d84c4e93-9c5f-45ab-a4ba-bd79d037eb31	3024
2ff49515-1701-4bac-a53a-04345893f3f3	3025
0f11d99e-88ba-48d2-b652-4ebe04c52d11	3026
efaeffe6-b34b-44bb-b017-93c848a0cd27	3027
0c502791-4ee9-4c5f-9696-0602b721ff3b	3028
d1714baa-2174-4233-8272-f537bfa9fbba	3029
64d62f45-e001-40a1-a055-c3545fcc14de	3030
f26c72d3-e52c-467b-b651-679c73d8e1a7	3031
ccce2053-7007-4c36-b1e7-f8fcf5023a12	3032
1092ae23-d118-420a-a570-719aa2dc86c9	3033
083b3a38-13c6-428f-9e02-6c306afa5761	3034
86139012-695b-42f4-98f1-1f353f7230b4	3035
6872de97-e58b-4eb1-81de-a2ddf0a05f04	3036
a9055d04-92ee-4c6c-80ac-e2ea7be06bf1	3037
fa927f59-d443-418a-b741-e557208aaf09	3038
9499a0a3-61af-41a3-bbdf-9fdfda142778	3039
d98c8149-0c01-4151-93e1-48fdc3d5027f	3040
8ab7f591-0506-4f6f-9cfa-293d5aab15e3	3041
86e3f0dd-7746-4a57-81d4-d700639042f9	3042
4c730f5d-a27c-49fc-b505-23c2c61a6840	3043
0220a594-56a1-47ca-8288-001ead3a3546	3044
44e14e88-b17a-44d8-9e94-f3afa977239b	3045
7cd2d860-c6d7-4be2-af50-57c51ee45687	3046
8d443437-d8ac-4fb4-8cfa-7af19f1ea6ce	3047
4b6aeeb8-db17-4d67-a9cb-2d3f8b841971	3048
6caf09f5-2f01-4f76-bcc7-6207930c56c6	3049
1bc2d696-c0e2-480d-87ed-17b2a82d7983	3050
eabf49d4-30cc-4ab6-a0e9-9d23b72c9c9a	3051
1ea2c08f-323c-4207-9af1-e2fb8588f08e	3052
abe2669a-a612-4bf6-9193-bb4f4b8a9088	3053
ffb18e19-64a4-4a65-b4ce-979e00c3c69d	3054
83f1cb07-1745-48e6-8576-428604e67aa8	3055
3648db01-b29d-4ab9-835c-83f6a5068fe4	3056
14f6c0c4-1c8b-4789-a1c0-678483ae01a8	3057
5dc8a187-443d-4fb2-a0fc-209ef241b9ce	3058
8db9ae5b-4412-434a-aedd-dc2bb316c355	3059
1ecbc7e5-6e33-4062-997d-abc550dd63e6	3060
4f416ed7-dda2-45de-a6f1-b986e861cf4b	3061
03098741-08b3-4dd7-b3f6-1b0bfa2c879c	3062
33c5f321-37b5-4c8e-8eff-a8a6a5ac2e44	3063
348f3a5f-5112-4d72-b33b-11c60b4f9af2	3064
94219793-a46b-4c39-9397-e05ad633f32d	3065
14714316-e9eb-41d8-9b07-2bf74b3b7b3e	3066
35d8c40f-6c73-447f-9dc0-2e90d2aa38cc	3067
64c5adad-55eb-45b1-87ca-13bd14440216	3068
74171cb6-1ff8-42bd-be8a-96660c22e3e0	3069
8522b9b6-b295-48d7-9a10-8618fb80beb8	3070
29776960-786c-4086-8079-ef5b83a0054c	3071
41aa2734-ec86-4197-a074-d44886e7da8d	3072
2e7347dd-3177-4062-b4e9-8f682cbdaf7f	3073
1385a609-a462-44f4-b043-dda6269824f2	3074
e472c434-9eb9-41d3-b493-0d2f115faed2	3075
9960700d-2017-40bd-b2d4-1d365d668c81	3076
d8915e13-d67a-4aa0-9c0b-1f126af951af	3077
fd3c3f9f-a471-498e-ab3a-940ac20b6bbd	3078
cedd2cc6-c77f-4104-b333-0547b29e0b71	3079
f1106b17-dcbb-45f6-b938-199ccfab50cc	3080
b8c5cc4f-239f-4e02-b46f-b040b77c2030	3081
2adb429d-e39c-467b-b175-3f40440ff630	3082
5a94b7a6-b12f-422f-9817-8c13e87f6369	3083
b1168a9c-a946-4a5c-a005-62fc632dfa0c	3084
efa2c11a-1a35-4b60-bc1b-66d37de88511	3085
f3c3803a-3149-467a-a816-c667146f3bed	3086
a1d77dd4-8728-4a47-bdfa-9663d791139c	3087
00950dec-8f3a-4a17-9717-e7872a954d8b	3088
2b8ec839-58bd-4304-82af-17ff693d0c0d	3089
43e2b545-3e4a-4fd7-a773-8daafa610570	3090
39e82ca1-733e-4203-a00f-c6a70a371625	3091
fee81c95-d9f0-4c3a-b616-c0b48918b29d	3092
1b483425-4f02-4599-a31c-9b5c132e0a7a	3093
1270af14-9c17-4400-8ebb-3f0ac40dcfb0	3094
e68f711c-f0ba-4e5d-bc59-dad57afeb27c	3095
81b07a2a-cdf0-4c5e-a68c-8d910e1f0ea6	3096
fc01cdec-f2e3-4d43-a1f7-7945ca43618c	3097
1043a3a9-6722-4cdb-a28a-6acbad217b38	3098
4883523d-fc0e-4d0d-802c-91379e767083	3099
ee90d1b3-a4e2-4d18-9092-111d856e7e7a	3100
a6840558-285b-43a9-8d7e-99badfb1a08f	3101
8b8b33a3-0a11-48b4-8f5a-aaa79f4282a8	3102
1cae523b-fbf3-4312-a5c9-e569a6d4bd74	3103
2aca01cc-256e-4a0d-b337-2be263ef9302	3104
4024e553-6dd7-426c-9ff4-323b17a01063	3105
811900b2-68fc-4d41-8bad-69b7a1f4d628	3106
83e9c775-84ea-4cf6-abdf-b9ffa8c3d060	3107
f19f8bf2-9d18-4fb5-a184-e76bef751ead	3108
0efaa6e3-3ef1-4481-bc01-aa3d5901dbdc	3109
5cf54b1a-831f-4cfc-b946-41131c463fc1	3110
a8beae63-ebc7-49fe-95c7-676bf02bb434	3111
0afd3d98-b4fd-41e0-953a-84c29a9965c1	3112
40842674-a794-4580-a0f5-e43d5b600729	3113
406f1b42-0c9e-4427-aeb7-02f78e188ec4	3114
0c751690-c784-4a4f-b1e4-c1de27d47581	3115
51f5f29e-ffc2-4c99-927b-f80259d32a04	3116
0e34ee8b-ac1f-4c95-aba7-856cca40ffb2	3117
04af2581-6692-4f14-a7fe-151a36f20368	3118
9e414497-23b7-4ab7-9ec6-8ea9864c9e87	3119
129b3493-f913-432b-a3c0-a2547bb26c41	3120
07a85e96-bb72-4930-b41d-24853f4a4ede	3121
06b6f280-8787-4a3d-8ab6-c6487b465320	3122
d14ab1ae-0400-4345-9f5b-6083110a5c7a	3123
d2ff6b6b-fc30-48dc-8952-06f9d8fc64f8	3124
131fda77-140a-49e6-86ea-2e6f8d815080	3125
d260c14e-2ef1-4d3d-8739-70d517efac8a	3126
e659c09d-8ec1-43d8-ab3f-72630b926157	3127
5b687684-ad34-4a9f-b425-0e7aa81fbd38	3128
c43e35b8-8234-408b-9a25-07f2fcbeb317	3129
8974da95-e631-45aa-8fd7-aa0c2795f997	3130
e631bb92-3e2b-43e3-a2cb-b605e2fb53bd	3131
c7caf86a-cf4d-41d3-b68a-eaeab80da4b8	3132
20326ee3-ac4b-4325-9258-98648fd2c5c6	3133
3cc3942d-bbfc-446d-a8f4-f0e1e238ca86	3134
d2ad8774-9173-4970-8427-06b04df201c1	3135
8dcd04e4-7695-4d80-bae9-1d7d680a38ef	3136
82dd3f5d-4c36-4dbe-981d-6845c91445f8	3137
b539e453-c4fe-47e3-8a07-8517eac74429	3138
db3d7002-d9e8-4803-82c4-d85dad3f29bb	3139
815a0279-558c-4522-ac3b-6a1e259e95b5	3140
d7e9b9e7-8ac3-4be4-85c8-64601d68261c	3141
8c9b336e-acc8-4e20-9195-6ed0634da9fc	3142
31aa8446-3dbf-4d22-9504-0f1bd58bf785	3143
d7a3a832-05bf-4aae-a3f7-572e298ce88d	3144
39f6dcf9-ade7-4dbd-ab8e-b0e83c167d30	3145
83fbfa8e-616d-4da8-b8f7-aee37ec399f7	3146
48871254-4891-44dc-b238-8d41a17ca3bc	3147
a996b5bd-db99-4257-b036-336f63448aa2	3148
41984dda-1f0e-436d-88d1-decb8d787122	3149
ae720a02-629e-4e9b-98e7-d1f637bd5a49	3150
daeea3e4-d2de-4ef4-a5c0-a90bf227c705	3151
18037a87-4a4c-4949-8bef-1291720420b7	3152
611700cf-27f0-4dc9-ae80-c513a767853e	3153
5e05d900-51e0-4dda-81e2-f4c0bd7ed5e6	3154
bc01f01c-a401-40d8-9472-b377ac33af05	3155
ba971bf0-8316-4d0d-820b-57f4882c497f	3156
c3a4cc76-343e-453c-863f-88b53cd48934	3157
44914b98-ac07-4a8f-8b25-efebceb3a735	3158
2189f0ca-a063-4c33-8f48-1dd12c6ef6b6	3159
f7ea1e79-21bf-4dc9-a427-d2c43f5aadd0	3160
94b7a39b-f3cc-4796-90dd-b1786a62877e	3161
496da466-68e9-4cbb-9e86-cbb57eda861a	3162
48b7ec64-c8d0-4783-92f8-c26d89dace0d	3163
dcaa4f81-bfb7-44eb-8594-4e74f004b6e4	3164
53d4b39d-5a73-499a-8b80-24c7d88b3c2c	3165
fa5d4d6f-bfca-4412-869e-def05b4974bb	3166
b38225b8-8e5f-42aa-bcdc-7bae5b5bdab3	3167
6ec73176-6ea6-49d3-87e8-35b5fe6813f5	3168
05072650-4b05-4e8b-83d0-dba2576e306a	3169
bf4143da-9b14-4ae8-8787-2a1dfe610a76	3170
63e8d6f9-e247-45c9-aaf2-e079cddbdd54	3171
a56af598-5f9c-4dd7-9ca2-111ede0b99f2	3172
361b282b-c7ac-4c50-a115-cf54e9e788f7	3173
7e62de5d-1cc6-4779-a588-8923cf9fe09d	3174
a35237a0-4f47-40a6-b6f3-1e786db23402	3175
9b127d23-f877-4541-83cd-44f46393dfb7	3176
779498bb-07cc-4b02-a48e-04203099aeb4	3177
89618a45-ff4a-4e5f-942e-3ef93c8c555c	3178
7b88d629-5885-41c0-9096-f21cec310692	3179
005bc8ce-7abb-4552-8472-7f7368f099f9	3180
5ef86134-499f-4ee1-9385-68bd55fb7ae4	3181
342e72d6-e350-42c4-814a-3fe1801e65f5	3182
61b99cc4-06cd-4ad5-9bac-950b2daef9cc	3183
377ca1eb-83c2-40da-81fd-eb81e922a585	3184
4a41bce5-f225-4e0e-91d8-bf49ebbd83c2	3185
6fc69ec6-3e59-4ff7-849d-b5da932abe4d	3186
08850745-2054-4af6-833a-dde3f031eaa5	3187
5927990e-34bb-493f-b5da-b7b28d43698f	3188
5c8cb181-38fe-4300-8153-650b2ed0258f	3189
f37c537b-3557-4031-bfd6-ab63ced32854	3190
e20a361c-89e2-466d-ab04-2fd271524d69	3191
b616019a-810c-4b05-a558-ad8406f225ff	3192
a0955511-1324-4e9b-834f-e1e140502850	3193
1da6a029-6a19-41de-a7f9-e6f90f627225	3194
14c5a3a3-f5ed-4978-99af-486010e3a007	3195
2b6514cd-d424-45fe-ab85-bd8719f4492d	3196
5a28f8c2-31fb-4047-ae57-c5c326989262	3197
cc5b8e90-07fd-416d-bd90-8a524b29d1f7	3198
bc883961-64d4-46b3-8b1c-64009854291c	3199
c28a2f8f-60c9-4964-94ff-f0700e5a77a5	3200
8e68819d-71be-4e7d-b41d-f1df81b01d3f	3201
c2d743f1-0fa8-4255-9b29-474da2491e0d	3202
cfd3727e-7162-4e6a-a3f7-a59343ee6b8d	3203
517566c5-3d43-4a81-8f78-9a78f3209e09	3204
4d94cf89-7757-4385-9049-52b7c3509e5f	3205
1b0b533e-9a62-4a95-9c68-f2e140dde9da	3206
56cfad62-b029-4f15-bbc0-3dfd97d15b9b	3207
cf1894f6-f80a-4edc-ad32-6d32bede1438	3208
67d6773b-f927-493a-ae48-b5ad7c522291	3209
e389160d-6d98-4657-9a75-9229b41621bc	3210
7c20f558-d664-42bd-b6f1-81acf9dbb72d	3211
ba550d0e-adac-4864-b88b-407cab5e76af	3212
879a449d-506a-422c-9fb8-8af01d3d04ae	3213
9d78c6da-a415-4e1d-a55d-5e37b3bbc65d	3214
7570a0dd-5a67-401b-b19a-261eee01a284	3215
155d00ee-6484-4ab8-b1e6-6c9c878b6bad	3216
2e700147-56a3-416b-a95d-381ea42f947f	3217
5a797e16-f69a-4957-820f-1152ec19d236	3218
aff48c86-899b-490f-b5e4-39e80d43465c	3219
e90d9bba-c386-478e-ae84-c54fb07a34df	3220
12ff8858-bfcb-4812-a8dd-7e9debf0cbee	3221
25a5763e-a6e1-4491-8a89-fdc00f0697dc	3222
557d74b4-11ca-4ec2-b167-e4e327eea1b0	3223
d1353a0c-26fb-4318-a116-defde9c7c9ad	3224
1c78ab62-db33-4433-8d0b-7c8dcf1849c2	3225
b3add87c-f814-48c4-a8a5-f0a6f7ead7c1	3226
20bfcc6f-a23f-4b75-90c8-43e89e4a7477	3227
d4807769-d346-4aeb-a4af-029181ecb6fb	3228
31aa6f87-8d00-4ae9-a5cc-6d7eeea109d2	3229
ad79836d-9849-44df-8789-180bbc823f3c	3230
69d9cb53-5b8f-41b0-ac84-49eabea535b2	3231
41ff7032-f14b-4cf8-acf3-54b545927f8d	3232
5c6acb91-4b9b-4245-b92f-e817295c4ed0	3233
d8df96ae-8fcf-4997-b3e6-e5d1aaf0f69e	3234
614b892d-4f1a-4d1a-b382-dcc17ee159bc	3235
23b2cc78-7595-4630-bebb-a349a4f25262	3236
fd1a2d9d-9bb6-44de-83a3-41560658aba9	3237
3eb72791-6322-466b-87d3-24d74901eb2d	3238
58ddfd87-9b01-491f-9efa-d1dd1f00d52a	3239
2437980f-513a-44fc-80f1-b90d9d7fcf8f	3240
6a726ac6-019e-455c-8bbb-571a77bed52e	3241
a16e47f5-aa54-47fe-87e4-bb8af91a9fdd	3242
a2361c7d-ddb6-41c1-a9a0-be09fbbb8d21	3243
2925aac9-5474-4030-b8a3-4151107010b2	3244
a7dbf74d-8bae-4c2a-9987-508a125add76	3245
9e2d3f58-0653-4007-bcb7-1746fcdd9363	3246
695e75b5-c6db-43ee-abeb-2f3e50d96c3e	3247
bf5d655a-04e6-46db-9147-f80926706fb7	3248
ecbfb0f0-7aef-4493-8341-a054c4bb23dd	3249
96064c1a-fef0-47f8-912b-98322c24af41	3250
0671576e-244f-4b16-b168-6f860c967329	3251
de9a19b3-531b-4df3-ae90-4763fe282946	3252
6e0c7c0e-cba5-4c2c-a652-38f71ef5785d	3253
b7ec4c54-1f93-4bf2-957f-7b9921ab84ea	3254
625564a5-dece-4d8c-b93a-1a3e88f14d5c	3255
2c05faf7-5cc8-4476-9daa-d177ad75cd34	3256
d82e9996-c689-41ef-9fa8-97ff9e7634c7	3257
bf0caafc-2b20-4e07-ab85-87e14ff430ce	3258
50eec634-7c42-41ee-9b1f-b41d9ca28b26	3259
8ebd161e-f45e-41b9-8019-fcbd094c327f	3260
3da3e7e1-e817-47e8-8624-635df4aedbe6	3261
b84a2115-ebc8-4a22-b787-e8f72783ebe1	3262
df074f34-26fc-45fa-adf3-d19836dde2ec	3263
7d093650-89be-4108-842b-ba7f5367504b	3264
2d5583be-aafd-41ec-addd-df85913855ef	3265
5f264b87-d5f6-487d-aa3e-ae4c5f0c6fc9	3266
479497d4-e7c2-4e78-972e-56e78fac3995	3267
8980d0fa-abb9-4b50-9ab3-ad441a34854d	3268
20aa23e3-3532-42ca-acf6-e8c2e9df2688	3269
dcbb8de7-6574-4c14-a7c0-d2f6a1670fc9	3270
2eba111c-f7b9-4119-811f-9753669072af	3271
89e4aade-fc77-4a18-8d0c-3554cc9b8c54	3272
154688d3-be1c-4110-9536-b7c9a2e63eba	3273
166ef05e-53f7-44b8-a5d5-3944c188e12d	3274
7f76b176-6f20-4845-85a4-5d616e421734	3275
6c95654d-3a0e-4a33-82f9-e989d39ed88c	3276
1d219532-3976-4ba0-9b92-3448fd85ba78	3277
5ff2b813-ced5-4e1a-8b8d-408f681a0748	3278
ad82dd72-0df3-4a09-8d7a-1af9c9e80522	3279
ae933d70-b1c7-4628-8631-9aa71a2c1b0e	3280
4e6a53e1-e27e-4cf0-9f6e-b51fc0335d0a	3281
643c8748-f3fd-4aeb-8bda-072d896e13c3	3282
8b5baebe-afdc-49f0-aaf7-85f555a68c51	3283
8e74d54f-42f3-463c-8fa9-16f4fb0ec0a4	3284
1932f5b6-0b7b-4050-b1df-833ca89e5f44	3285
c341d757-5389-4536-8028-8992ff213e72	3286
17fbada3-6dac-42f3-8a6c-8c1c1484f730	3287
b779cbb0-9901-4527-b566-b073903aa909	3288
057aa66c-cf6e-499d-bda8-5adc47ad4197	3289
79dc561a-5e4f-459d-804a-13b7fc0e303b	3290
7520c1b4-59fe-4874-8a5f-6d4e6e36e98d	3291
6a2ca1ac-408d-49b0-a7f6-cd608f2f684f	3292
0b3ee6cd-a2df-4144-adf9-7807ee7ecc4f	3293
1c772a14-d1bd-48ab-8ed7-cae697ce1557	3294
7daac7f9-8fcc-485f-a14f-f8091d98cf25	3295
05106775-5d45-4131-aecc-1177f813ba11	3296
235f642f-a66f-40fb-a585-13d05ecaee47	3297
d347406f-839d-4423-9a28-188939282afa	3298
5fa32de5-1541-4e52-b80a-cd7f43320d4a	3299
831094a1-8295-459d-bc64-ed25e6cc1192	3300
298909e4-ebcb-47b8-95e9-cc53b087fc65	3301
4ac2b91a-1320-4763-a0c8-83400d33bbae	3302
424f2349-f719-46c0-ab39-abbb4364d95f	3303
b9cec49e-07dc-4133-ad67-1787cceb5421	3304
7ebc552b-71b2-47b7-9dc8-31ef08e20aec	3305
7389b838-9bd1-46d3-b514-95e0df255a52	3306
d9951785-7906-4daf-9a60-21753bf64aa9	3307
811511dd-804f-49c8-988b-ce97a91f479c	3308
666a28b1-c8b6-4f32-94f0-d3153567cf37	3309
bc996bd1-b69a-4b7e-a6e9-e292ee86d373	3310
8e67406d-de61-4e6b-a2a1-5a3725484527	3311
bc154a90-890b-409e-b850-53ca299ab0d6	3312
202936c9-063b-492a-a20e-cc15ce97aaa1	3313
2cce570a-2a0b-46fa-ad23-7daccae26f87	3314
ae69d81f-552d-4013-8dfc-4778d8f38742	3315
c7423e0c-ab3e-4ab4-be10-cdff5a9d3062	3316
53b636c0-c87b-4522-8871-dfd1b9f04290	3317
721ba852-8255-429b-9dd9-aaa61508fe4f	3318
214ffc4e-0b3c-4be1-970f-90893365f3b4	3319
89ad4ac3-39f7-470e-963a-56509c546377	3320
b1003bf1-25b8-41f4-a783-36060f987913	3321
98b1796d-a888-4a69-9c2a-86bfff3156f1	3322
3979eee5-c72a-4b0a-9191-a0243881250a	3323
9c070e4f-28c1-4b98-b371-d8514c31ba55	3324
5e85f4f1-a491-4e63-9103-6065c5e997d4	3325
2ba31cc4-df9e-4c21-9dbc-bb8fa9af424f	3326
553d8166-27b0-49fe-b8e4-89a984e2c375	3327
5629ca87-9086-48c4-8dc4-b4a966c45067	3328
7ff0daea-a97b-4b25-992e-071b4ad5116b	3329
b4411d5d-2130-49f2-b075-8e727333f192	3330
0065f4cc-cf21-43c2-ad52-92716a579547	3331
bbd79854-df54-4c1b-b7d6-cf7eea2d0afb	3332
cbcd4d49-e892-4fc6-a313-35f275a153d2	3333
e26fa4b0-ea73-4a33-a745-44077a0d5a59	3334
fda523fb-e4f3-4b02-835e-5e4ad3cad01f	3335
a1ed5e33-22ff-4e7d-a457-42f4309e135f	3336
4603ee86-4f73-471e-8fc7-4a26549ed119	3337
e431014b-4256-4434-bf8a-1ef381a7150c	3338
ddfd9b2f-186e-4b2c-ad09-01aa5380c225	3339
57c1e5ea-e08f-413a-bcb1-f4e4b675bead	3340
b53bed16-3fef-49de-9a62-d954cf5446bc	3341
67bb73ee-e70c-4bfd-9bf1-e7a09768f9a9	3342
3ab20833-bea6-4972-9e83-14599e3666a1	3343
24db1a43-a59f-4015-ae37-d52f1907c8f7	3344
23c28813-14ff-48fd-9c83-ffab31f26273	3345
f400aa79-e028-4d15-9554-69fce01091fd	3346
0cf0583a-fcfd-4f07-b573-95273ec4bdb5	3347
a0601ca1-ba4e-4d55-a1ba-40f2a4438ed0	3348
28537bf2-22c5-4840-91fc-fcb98e8c7379	3349
52bb713d-b0c9-4bf6-9f58-392388d5cc11	3350
408b2a33-d229-46a5-a361-0667bc616e34	3351
2de9f057-67d8-429d-b899-759be13131a9	3352
93a1aab7-bdbc-4334-bcf6-6889f7a2682a	3353
52ee72de-e3d1-4429-9e39-d6bfedfe7295	3354
db36a76f-4cdf-43ac-8cd0-5e48092d2bae	3355
76bee0a6-10fc-416c-a8fd-d9c91ee9642c	3356
e271a513-7f16-412d-aef5-373b9374f0d1	3357
d8c730dd-4a24-4bea-9980-32cb232e94ba	3358
03424c93-e5f9-438a-ab9f-2e71440e2b26	3359
59745a87-e2d6-4892-9847-5c07b2708d6b	3360
25b509ef-48ad-461b-a0bc-94cdddb8c919	3361
071ab0f1-ac3f-48f6-9ee6-11b72eb73e57	3362
9fe4e32c-f2fa-4c06-877e-b827e95c587b	3363
010da87a-5467-4ffa-953b-30091cd591de	3364
2d1829d9-ff1b-4000-b6c6-41d2cfbf3e52	3365
842e1b63-9a2f-4964-801c-8bb9326585f9	3366
2bbc4f2b-2f59-46a9-8ed1-e66717ef8fde	3367
2d106e1b-7718-4f52-ad02-48a0f571bc35	3368
2246a5d3-a9c2-4f5d-a20b-972301773d8c	3369
87fb1e5a-6ed4-4683-949c-f70fa5eba1d1	3370
6ec79457-b06b-4e3b-83f9-9b26fc7a99bc	3371
b4dae7d4-4776-405e-a32a-f2e9ec7b8b4d	3372
04f730ea-5699-496b-83ec-c0d5db434b7c	3373
a377902f-595f-4389-aecf-a2c98111293b	3374
45d21b70-e139-4ff9-b487-3c003fa7af0b	3375
4fbc55bb-61be-4eb7-b4b4-c08c68b4e060	3376
f76e4bb5-842c-4ece-961b-4c162ad3bb47	3377
c1f5d7c6-1bce-45f1-bb80-f9c74bb9c740	3378
ecbe0f51-b540-498e-907d-bfaf2fdb75b0	3379
ea6b7199-901d-4c0e-8242-6d7bc2bf62b7	3380
a4dd0e77-83b8-4e92-89b7-effb0e47fd8c	3381
6e437c13-304a-4b5e-afd0-ec9540c96c9d	3382
38411d0a-5636-46ba-befb-67cca6f4b9c7	3383
8c332797-2784-45a7-9b5c-3b86f07a03de	3384
28438dd9-6244-4627-aa42-f9749c4fde08	3385
a31a5e0c-d37a-41a8-90d5-9e256a47d83b	3386
505cc7ac-b92c-46dd-94f2-e22b18fdcf57	3387
ba9afaf0-ef3a-42a6-afe0-f924193629bb	3388
76e9341b-ce5e-4eb7-8734-4cede9c7a993	3389
94dbfe2e-ca48-4e08-a5a8-e1e74136c63d	3390
609e7afd-3552-4102-9501-7611858ea320	3391
9034f787-3e79-44fe-89c1-8a082d556eec	3392
b544133a-b262-451e-84b6-7bea2e61ce60	3393
461ca54e-083b-43f3-b329-9434e71cb385	3394
72609007-4227-4bdd-a993-1e92df52527a	3395
0506bf37-90d7-4654-9585-b4800dc945d5	3396
d747ba37-3af2-414b-80e8-49607d63d1a4	3397
c71abd83-9d66-4c7b-9f0d-c9c36e85a955	3398
ee421ee4-f861-405d-8730-29cb512dfdbd	3399
8b6f809d-a078-4042-81aa-659c79c8f4c2	3400
de83e64c-f278-4840-94ac-7cb04e874843	3401
5a79e923-b2ef-45fd-bc48-9beebdb21e78	3402
48db8d53-98c7-4ec8-8d49-00a89ebad8d4	3403
7314b02b-4264-4c81-b79d-9e5a702e6270	3404
5315c1a1-3667-488c-bbe4-f231e336b69a	3405
8d18b680-368c-4649-a5e3-85e0c2dd6fc2	3406
04aafe35-ad89-48ef-ada6-f95e5a6b8934	3407
7a8ffc38-4437-4368-8a4a-cc25fbc766b0	3408
10a9ff92-9637-4498-afea-7044b2ab0dc0	3409
dbd1b11b-0ab2-4afd-8264-c2909237b6fb	3410
17e7742f-5c30-43d5-9c3d-ce7c844d6595	3411
d0f61299-9caa-4e6b-8b10-2839de120b27	3412
315856f7-2f28-4fb7-b2ac-cc019749da1d	3413
6c81c5d0-5159-4be8-b774-aa8397ed5a93	3414
9068a4af-a495-4d82-b6f3-b195f358e16d	3415
a6b90dc0-e22e-44e1-890b-87900bd9aca6	3416
ceef10f5-324d-4a04-8db7-1a4181e19ab3	3417
32090ac9-6e46-47c5-b9ce-69c504a4a7bc	3418
5cab4a1f-9797-42eb-9346-f5f375262a4a	3419
486af4f0-a79b-468f-be73-527cd4caf6ea	3420
5ecc3f72-20a6-47a0-8dc5-fb0b3dadeea0	3421
cd3f07e8-7047-418c-a325-d2028ee1b8a0	3422
07cc14fb-4784-4a25-804b-2686ed5ef52c	3423
a6a4c910-2b22-4a6f-aebe-805b176c47b8	3424
d2299099-e617-46dd-b013-ba0b4c72bc63	3425
7c09d8af-895a-4337-bb46-b4b6dcabff10	3426
4e954b02-fae2-4bd7-9547-e055a6ac0527	3427
e0b267df-9e16-4fd3-abb2-b47e61e7a2aa	3428
c8fc1732-d191-4a29-a33a-410f98eff13b	3429
daf84e36-f78e-4c94-a032-6aed138c0d34	3430
fc4568b6-cbe3-4a3d-8409-28510c19e3e2	3431
83735edd-f2a3-41d0-a31d-652bc3cadb3e	3432
8e75d270-4d53-4a4a-bc14-e3ace37ebd4e	3433
925228de-bbe5-4c7b-b76f-78e382ec9148	3434
5251b5a0-3e3b-4d07-a152-585009575310	3435
8a6ccf62-b8fa-46d7-87df-f2dd14e6280d	3436
5f6ab597-f57a-40da-be9e-adad48708203	3437
76716b81-e361-427e-a931-19373388387d	3438
85823097-9e6c-4876-a04a-8a761a477992	3439
c2e49f7a-cd6f-48ca-8596-b03614ea4fe8	3440
e6424fa5-08d3-41c6-96f3-8549f733708c	3441
5c51f07c-21b6-4829-a488-c22b66e934b1	3442
a8ebde98-7e91-46c7-992c-90039ba42017	3443
807b64cd-585e-4433-95ac-b06842574bfa	3444
ae681605-2801-4120-9a48-e18752042306	3445
728c7868-2276-4763-80c9-0d30a246bdab	3446
29b7fa6e-2933-4ef7-93c2-51cd538d09b5	3447
3599a39e-4e10-4cb5-90d4-c8a015ebc73b	3448
9f870653-72b0-4c6d-8c59-439a95963e09	3449
3df040ee-2b8b-446b-937a-3f86f4b2cabf	3450
7e6f166b-af4d-4168-84e6-dfc938be87c2	3451
e8f7e519-4f64-4a2e-9892-b4a706a63c39	3452
a554bfb7-390e-4720-b8c6-3ff08e2a08d6	3453
9dcca4a2-2e05-4f94-9a02-cb97b1beed56	3454
ecf89d69-b832-4194-bddf-ce4459d2bd3b	3455
a53f5eed-f9f1-4cf1-9994-4c9374904790	3456
31f49c01-b8e0-40ba-b1aa-3754f6fa78d5	3457
73faa89a-ee00-4e40-b68e-80e4891dbc45	3458
e01c3376-15fa-40d7-b747-5f219bdefdd7	3459
44632683-c340-44de-a65d-328212559f91	3460
6cb5d1ca-03ce-4656-92f5-bf35f53d1582	3461
6ff5f720-9fcd-434c-8a62-dc9dd123bde7	3462
5de30e06-ded0-4925-b86e-fe2a49c3557b	3463
7881998c-e00a-4d80-89c9-42515450c0ee	3464
1131e5da-dfdf-46c9-b6ff-b7ac552c2a3c	3465
2339bc21-aa92-4850-86f0-4bb9433910c8	3466
d0f7f125-5403-4f2e-b7b7-2ba8ef43836e	3467
c616aef1-e21f-46f8-864f-b7bad96f41b2	3468
74134743-106c-47a6-bb8d-5c9efde7818c	3469
c118bc97-11a7-41dc-a55e-48c3bcf22ac2	3470
61653550-fd9b-4401-8248-44f2d064d384	3471
d5c437bc-59be-4e43-9fa6-928fc2e9961b	3472
c73d651d-87c9-4c5e-8abb-4ec9c4077241	3473
95162abf-5128-4c88-ae79-5cd6f5f81a9f	3474
0f4e6cc8-8a38-4741-b344-9d388def0060	3475
98357236-bbbc-4f01-8be5-841f26763f4d	3476
a2eed440-6894-44d2-ae9b-d6a3748d139e	3477
2a117324-6049-41b3-ac8b-77755a8876d6	3478
31722656-e14d-4f3f-8ecb-27cba9ce3a15	3479
98a35a4d-a845-4282-bc7c-5679f2bb9bd2	3480
06382766-3bf9-43f1-a10f-26d43196ad08	3481
88cd5fb4-f922-420b-9279-3d400817965e	3482
f9776598-2689-41db-98d3-829f5510021c	3483
d46b0f4b-ae00-4800-903e-674d3e6018c7	3484
91e3c213-51d0-47f1-bafa-0951e31c20c4	3485
f5aca88c-e3c1-4bc2-af33-68a9a9f7b56a	3486
697801d1-68b2-4413-a7e4-0ef507d21cc1	3487
03f93de6-6d62-4710-bcc7-9b3d7c3d95f5	3488
2c7c8ec1-b18e-40a2-8ce9-53c3fc4f70fd	3489
1a29b6f0-7016-4b56-863c-84b55541edbe	3490
cbaafb20-eb74-421a-85f1-2bb6341aad23	3491
03c2e506-e8bb-4bd6-9693-5aa97c8eea1c	3492
19e818e4-0bbe-41fc-9589-c444b4165bf1	3493
b665b768-0d83-4363-950c-31ed39317c15	3494
eb3f70ce-f226-428f-8d7f-046c8dbfd98f	3495
870aaacf-ef15-4633-856b-212a1054377e	3496
1bf10bf6-f9cf-460a-afd1-81a9b1b0128d	3497
c95d5fb3-03d4-4b5e-93da-a57bd7e26db0	3498
60dd8303-5ee8-4c99-a19c-009e07c17aeb	3499
db612997-f11e-424d-8b41-cf410a433656	3500
48f24031-f0fa-48fe-b057-1fed2db77e66	3501
9f9953f0-68bb-4ce3-aace-2f44c87f0aa3	3502
71348eeb-0c15-4718-b0ca-5775f78ad5f8	3503
73fd884f-c4df-4852-9f4a-13057d0a3ebd	3504
8fabba82-e0d8-47e1-b97d-b865e3f1185e	3505
3c34ad84-7628-459e-949d-c27e2ae73231	3506
6faf0844-7fe3-4021-9ffe-e0ecccd517ec	3507
250b7089-69e4-43b2-bae3-a83d9f6d71bb	3508
29ed4a49-fb99-4a5c-8713-609cabe6f34a	3509
58a53082-a629-4ff1-a44d-7492d6f6e8fb	3510
a7412cd0-e0b8-4fa1-8d24-75bb92a84946	3511
7f5dde96-1573-4491-9673-f03fe7c5caaa	3512
fca94d64-9ada-4264-9373-4158e2f7c7e7	3513
7bdf4633-c336-4f19-bd23-3208865baacd	3514
d558f844-4db0-4bc3-ba22-49ad2ca2722e	3515
9f2524e1-cda1-4304-941e-ebb448d32a16	3516
092ca127-2e07-4cbd-9cba-e412b4ddddd9	3517
2c2a80cf-193d-4be6-992e-311428085474	3518
39c1c3b0-e38d-4bce-9114-2c58588b253d	3519
87b9b3b8-ab93-426c-a200-4012d667a626	3520
0b6d1684-94af-41f9-8db0-2ca6cf8293a3	3521
d8f9a4bd-ec27-4e29-8b3e-b8bdb62f950e	3522
f3b8e107-abe8-4743-b6a3-4a4ee995e71f	3523
aaddb5e3-f8a5-4a9d-8674-f885112ecf0e	3524
9df31471-e54e-43ba-bbe8-38fd94c63dbb	3525
fdc6b967-0af2-416b-b328-30d1c1fcfeb6	3526
2452bb8a-6c1c-4108-ad9e-91ef88d900c1	3527
2c654643-cdbd-4634-be26-c4d1a90cfabd	3528
169c0d1b-fcb8-4a43-9097-829aa7b39205	3529
844fb875-9540-4600-b305-d00f17f60fa6	3530
fee51696-2a98-4a1f-a90a-7946db71c96d	3531
d5d5ba92-4bd4-4975-9806-99339eed3046	3532
76079f5d-0166-48bc-8a8c-1998e1e316e2	3533
acef318f-bdd4-485d-b7e9-313e58e646fa	3534
b62ecfe7-b2e6-4d40-b7d2-8f12d3f51ed6	3535
49d68d0c-cfe4-4adb-abe5-64cb50671070	3536
41a94033-8b12-4c60-a22c-38c78801e363	3537
661e20c8-3d82-4da2-94a2-97d9e11691c0	3538
eea8a864-fcda-4602-9569-38ab446decd6	3539
7756e3dc-f44c-4678-a7bc-d1b31204a963	3540
7a0f02e0-0ab8-4a62-9e14-c6925cfaed07	3541
f7df5df4-4dfa-459d-972b-1ba051c15ddc	3542
763cf642-45ad-42ed-a1c3-e977eaa3b260	3543
53578264-7436-437b-87a0-3b034a3661f0	3544
db403e3d-4753-45d6-8fcb-94db03e882e1	3545
eb872766-98f6-453d-883f-2ae908a18315	3546
ef656595-bbe8-4386-8953-be8df9f54472	3547
99fe4613-84ec-4f48-bb4f-f036880ed2ac	3548
378c0556-fce5-4c1a-8360-5c48ca3e26c5	3549
68025033-de1b-42f5-8a21-bedfb8895dda	3550
9727e632-c228-47f8-a7ae-398df94f00c7	3551
e6e688f7-7f7f-4b3e-9af6-926d97c03b53	3552
c76b85c5-56eb-4b05-9d48-da395e56796a	3553
b1c76fbc-2ce7-4437-bc7b-2f03b9a73157	3554
73577e86-4da8-4d76-949d-34c757e053be	3555
4de3cfed-b459-42bd-bfbb-7a843fbc73df	3556
60feda7a-9247-48fe-8892-79f9a7d0d503	3557
d8f63b51-73e0-4f65-8bd3-bcfe6892fb0e	3558
d0676301-7ffc-4ff6-8b38-f8aeb8553115	3559
ea78d0cf-1c99-443f-a4dc-4db90f3e1c47	3560
e940d7a3-01d0-468c-86ea-5dc4d89dcf80	3561
53382f53-cce6-4035-a7f0-a35e9f0c1215	3562
55821c25-bd47-4f67-baf8-17ccd2cf1c86	3563
73c46e29-a6f1-4900-bee8-f9e2662535cb	3564
db92a151-1ac2-438b-bc43-b82e149ddd50	3565
5ecee847-839a-4b9e-aae1-0e3b5dcea2ea	3566
41c7e87d-ded0-4a8e-954f-635970042521	3567
a4a3ecce-7ee9-4599-940a-49be61c2fee9	3568
3d8d3d22-5a0e-4b23-ae56-78abcc2c3f8f	3569
06e59c30-5e21-4318-96e8-7a5f7e309af1	3570
719db6b1-0d91-458c-8d18-875ec44105bf	3571
233ab6b9-51bd-4b8c-8d79-3845d2b65435	3572
3b7c93ab-40a5-4745-ab6b-eaafed2308bb	3573
b2d1207f-bc0e-4228-9d29-874973960f04	3574
1ec9e8c9-258f-4080-9c80-8d0f75102372	3575
5bd41e0a-9d6c-46bf-8198-befd7a90eb49	3576
782e7abe-94f7-4eaa-b602-ea57b5b0d9c1	3577
401c3991-b76b-499d-8082-9f2df958ef78	3578
01e708f5-bb89-44b5-84db-df544cff636d	3579
21267448-e8aa-40f5-90cb-f9ef26ccc009	3580
2e044523-e7a8-4167-99b4-f835b88ff712	3581
97ebb1b4-1d9c-4303-bb60-074c993e2d53	3582
5a8cc407-7efb-4e94-9637-d5896395e754	3583
ab75b65a-0a14-4f41-a9fe-307779556e17	3584
4d8650ba-b4ed-4307-a6c8-368eb646210b	3585
afbb9b08-8d51-4df5-b8a3-d2c5a8b86f35	3586
1a99cc88-aea3-4fe3-96b9-20791667f65f	3587
6907d8f2-70fd-4e8c-94d6-ce005fddba05	3588
286ec4c2-b5ca-4f85-b331-280a6d73dd14	3589
a6f8d42d-d3ff-4268-8d39-ee01341733bb	3590
6080c60a-6e87-44a6-a1e1-e5ff3a613818	3591
4a0308e2-6b10-4cd9-9551-c7613c09dc17	3592
48df54af-a70c-4ba1-8489-33688c001ac1	3593
3ee27b5e-26ce-45ea-ab6c-2beb6cc68f3d	3594
3fb49f5a-fdc0-4789-9c84-22b38b3f3cb5	3595
b7a0fec6-a9d5-4d3c-90ab-5b3438a24eaf	3596
9ae15d11-1ec5-4369-ae51-e0a81e5b5ac5	3597
5c8bbb44-f824-482a-bf48-64dd405ce71f	3598
6f28b158-4d1a-4f31-9339-7f381e3c4ee1	3599
2feb192c-2363-46d6-b476-1c88a25cb294	3600
4c56405d-ba8e-4283-99c3-1dc95bdd50e7	3601
e9787dd2-5857-4b51-8e59-a190a54820fc	3602
02031e5c-f9ab-4b4e-bc08-a61ea11a455d	3603
f8f1220b-1661-42c3-beea-d59e8e00b993	3604
ce886f30-8b8f-4cc8-b854-3749291350fd	3605
41593aa1-dda6-4a5a-af87-0eebf93e3775	3606
91d06612-5c1e-4278-b40b-b6ce22dc9bb4	3607
86e8e21a-d29f-47d2-bbf0-e079f7044e71	3608
69b50aed-f122-4c45-aba9-863043f5b513	3609
faca5707-ce1a-4276-a5bc-a4061bfb33d2	3610
f9908eb1-30ac-4fc9-929c-81fe2dcf2266	3611
166bc1cb-a2b7-412d-bcd5-5f439d2cf5f1	3612
3bcc8af0-4335-4bb0-83ba-d0ce67ae6114	3613
1584532a-62ed-4cbe-ad95-6def0af7df35	3614
42201355-08b7-43b6-a7b8-866f612e1600	3615
ae362950-090f-4686-82da-9d22a5f88f2e	3616
cbaf677b-4f80-4663-8c2c-9197ec9d214a	3617
ff3a293a-76d1-49a7-a5c5-fede02e7e648	3618
d4a8e74d-0315-42b5-9fcd-3ee1ded14f26	3619
a6bf1276-9150-40fc-a94e-6b14f377fe3d	3620
e60e1f0b-1e8c-45e7-9d4a-222db9cb34f7	3621
23f527e1-74ae-4f7c-94f3-4a5d5f379c51	3622
ea469bff-c355-4259-97a8-f14806191bb4	3623
f2aa3d25-8237-483b-ae41-bf15e5e348bd	3624
3285dc48-9505-469d-ad8a-bdf2d3dba632	3625
16cb5325-3458-4845-b8d6-5933a2ec3166	3626
bc91f8af-a6e5-46f3-b239-b5b1c390e535	3627
944402e1-7e5b-49c0-9b31-f5959233e744	3628
34b69232-264f-419d-ad62-47d362e2c308	3629
84e4c923-0b83-49d3-9a89-a71a3339edcb	3630
edffc348-5d61-4782-ac0b-8cb698810fbe	3631
44119570-4d53-46e7-a447-bd18608c28d8	3632
75d4f194-969c-4538-b789-742f3eb3d02c	3633
ccda046a-2674-4f7d-97e6-f23d6c156432	3634
45b675bb-83f5-40e9-bbd4-a597fd9fc6c8	3635
c4efd92a-5692-41d5-91bb-b23d4b75e735	3636
d70416d3-c006-4a8b-aebd-91a4f198591f	3637
104d65cc-ac4e-4351-b62d-32438c84259f	3638
29070ba5-c3df-41d9-bed0-8e2f1e1c22ad	3639
a5dbe358-13c1-42f8-872f-f63a551fcf93	3640
b1fb6a18-1626-4011-80fb-eaf83dfebcb6	3641
b66771cc-45fa-4a32-b14f-5337d7223d7a	3642
792cec6c-2b5a-4076-beb5-669125ae58a2	3643
d928936d-d889-4b1a-a114-00d80febf5d4	3644
f6dfc44d-5da4-4ed1-949b-32715630dff4	3645
b1b9d5cc-7975-43e5-960e-670583da7bc8	3646
37e3dd97-73f9-4c69-b50d-0c0e3c47c40c	3647
1b21301f-f27d-4223-89c2-4cd0fc996696	3648
e3ed2c87-1f67-4982-b2c0-27370f0d8ae4	3649
75a881d8-80de-4f60-b56a-4eaaa29530d9	3650
5ec872b7-0645-4d9a-b067-bda029238df8	3651
97fc5a1d-f2f3-4aa5-ab5c-309c921d3810	3652
b9068fde-91c8-48bf-8655-8d74c24ef4c5	3653
095b2041-4975-4ba3-a92e-53fa3459107f	3654
4c9f194e-6235-475a-bf7b-2fd54a0879ec	3655
9854d99f-d954-4c0f-9ae5-58a0cdd885f5	3656
8a7ca8b0-d23c-4eff-8fe9-6220ba5c9c76	3657
0fa623ce-9d1a-4b14-b6a3-19c79317a22f	3658
fe404dd9-09b2-4ac8-a0e5-8da1c4027061	3659
d85e95a3-07c7-4c04-a411-234290615113	3660
09037f07-42bc-46ac-a1ee-37f834451fee	3661
c09c8263-40ef-4352-8031-e438b1ce68fc	3662
233fc3f3-6de2-465c-985e-e721dbabbace	3663
46693641-1e2e-4aae-80ed-6b28170de63a	3664
dfebd6c0-dae7-4cc8-a8e9-0dbaa382209f	3665
b5b89643-c488-4f39-a302-25cab31084a5	3666
5eaf11c4-12bf-4545-929b-76f2e03ca208	3667
3a13549a-9578-4547-9308-4167816c51df	3668
31d2041c-985d-48f7-b6e2-2a70cdf14853	3669
697e7111-5630-4c77-83f3-39821bacc61a	3670
a2be74f5-0735-46f7-a295-7e41aab30029	3671
74f2add6-e8b6-4323-a21b-443600379d16	3672
b614843c-bec3-421f-9af1-03169cdd4b63	3673
11c6b106-1c1f-429d-8407-b1ee155d7f72	3674
cfbc0924-0035-4d6c-8197-f024653af823	3675
900e9144-019d-4043-86cb-ec0e127c39d0	3676
be540c02-7898-4b79-9acc-c8122c7d9e83	3677
4d3b710b-a5f0-4772-97db-f09e47fbc6d8	3678
9b8d6e2c-2b4e-4924-82ae-226b4e701f6b	3679
1390d663-2f56-4b41-9f75-f45ba489250b	3680
b05af404-b129-4c9e-9606-01baa53e05f9	3681
2869c510-2679-4a3f-bf15-e5e8b49f2f28	3682
2e885bfb-1f59-49cf-8d51-e743445e1b48	3683
07934e8f-f079-4645-a984-4a529504d79c	3684
bf307de0-a1c5-4cd9-b7e5-aa6d8aede3fb	3685
37e9d7b2-7779-41b2-b2eb-3685351caad3	3686
bdacc37b-8633-4bf8-9dd5-4662ee651aec	3687
dd4458c8-6728-4a44-980c-48107fa72bb8	3688
a5931809-d6c4-42cb-9256-c2ff82415f1e	3689
66fce392-d89d-4eaa-a346-c50aa1021f00	3690
7883500c-ea74-4960-8cf7-0335ecd390d5	3691
f874ea71-ab00-478b-a09a-d63a3e6e1677	3692
1239d1bc-cc09-43e0-bcd0-374f60346138	3693
604f273a-d3c1-4b5b-ab83-99541f9368ea	3694
0817869a-0671-412c-b28c-2ad14dddb078	3695
21576876-104b-401f-8607-0a9f0a190052	3696
7ec4a553-73e5-4c0d-a071-a82b83a309e6	3697
439a29ad-f4ef-4857-a7cd-3d4a551056c8	3698
d82e9822-521a-4e20-bb22-9e944374cd40	3699
013c8e5b-d72a-4cd3-8dee-6c64d6125823	3700
cbfd7f01-87c3-44bf-a3a2-fe4dbff20ad2	3701
c70d12a2-24fe-4f83-a6e6-57d84f8efb51	3702
4e60a56a-514a-4a19-a3cc-49927c96b3cb	3703
87199477-b0df-4ead-84ee-9b54b4abfc3d	3704
eefd7c1e-abcf-4ccc-ba60-0fd435c9061f	3705
7db6aae5-6644-4513-9bfc-ca2e79d4469c	3706
a8be3422-d905-42c9-90b6-90ee45e3e938	3707
7e57d8a2-e6eb-48dd-8e50-ff7eaa412ccb	3708
d2b50525-1111-4906-aab6-4553f035f679	3709
5221de81-b3cb-48d6-8e60-7c04b5daf02a	3710
a147eefb-0e07-432d-bd1f-8edf7679a7da	3711
83bae41e-e95e-4540-8dfa-2254563858dc	3712
24c0aaf3-4ac2-4f9a-9ce6-a1545a96f017	3713
09d878d8-bc2e-4d04-b4aa-57ab614f93ab	3714
f1bedf1f-4445-4651-9c35-f4a3f3860a13	3715
8b12db5d-54a9-4014-9fa8-d646ac291361	3716
e1d521ea-5b97-4981-987c-ba988b2a87d7	3717
8fb6c00f-61d8-4f27-98f9-53e1ba481626	3718
351d8bdf-33a1-45e2-8c04-c85fad20da55	3719
aaaca27e-cbb4-42d8-91be-57e902120817	3720
b4a479aa-4384-4acf-88b0-dee9188faeb5	3721
af6c7228-bcc2-42a5-9129-42071bacd43e	3722
5968383c-11c1-4c5b-ada0-504a38cec8e7	3723
ddc7e73b-2872-45fe-81e3-4f643607a42c	3724
430c128b-9559-4a9e-8d18-43240ee67f74	3725
0bfe360b-4abf-4750-962c-981cc5bfc4cf	3726
21f1aded-cb5d-4221-acb5-dfb8e45ca6b4	3727
366b86a0-74b2-4fcb-ba79-637258299dbb	3728
04dd1f61-c21b-4d6a-b110-55b3c1309fa0	3729
98298c40-5977-4fa2-9085-db36ee51b90b	3730
e024a3ca-c78e-459a-9a98-8029f49b5a5f	3731
8f2422ab-0ec6-4c92-80c4-afe9622fab32	3732
113e0972-077f-423b-9b5f-3cc8a5bafa0f	3733
d7fd44c7-2642-479f-b302-5892de24f545	3734
49302df8-9e4f-42ed-8a9c-5d6f8d6cb83c	3735
80fe34d0-6b4f-4ccd-81c3-281ab37f0451	3736
5298bbcb-7330-49bf-a780-2d757f10a20a	3737
e22d2f66-881e-41ca-9356-544697ee5f90	3738
71fc5761-1ad7-4756-85ed-291d55bc677e	3739
0609c172-8605-490c-9494-e1019803e817	3740
cf97f8c4-f287-4c0c-a07e-6ca2fdd8e8c2	3741
33c2a158-a788-44e5-81ab-142d544a165b	3742
702d2b90-eef0-4354-b2c4-6366eba92b7f	3743
826b488f-5164-45ca-abc4-ab11b3c321eb	3744
c7437df4-6fac-4c89-99ae-f8640f268222	3745
75f47650-8a52-494a-8334-c5279bc6db09	3746
a60ca9de-acd1-4452-be33-e5b4f0564757	3747
1b779267-6629-4a25-bbd6-0fe8f37f32a7	3748
883ece23-2779-4091-b527-62eb07ee79d4	3749
89cbe6ac-80af-421b-9276-cf373a1480c3	3750
be50643c-0377-4968-b48c-47e06b2e2a3b	3751
6514cffa-fbe0-4965-ad88-e998ead8a82a	3752
ea524cc6-191a-4c05-ab88-3bb5c0880ca5	3753
58724240-bdfc-4301-aea9-06c1138233dd	3754
1b5189d8-28fd-4c97-a04a-37c49b1ccfa6	3755
0c3319f3-d4c9-48d4-ba4c-deb7cd3c125b	3756
e135d690-9c53-4333-8f11-98aec8c9f434	3757
b21ef19b-c6aa-4775-90d3-3cc3e067ce6d	3758
e6f8912b-7df9-4aae-b551-2cd03dc29588	3759
e56a7641-f03e-43b9-b91b-052e2321653b	3760
c16fbb7e-57b1-462c-97c5-bd0e11248765	3761
7289f08a-0788-4214-af74-ad10d7c6ae05	3762
a406a684-7c88-442b-836d-3b9b67bbc91d	3763
f2fb0ff0-5679-42ec-a55c-15109ce6e320	3764
e188a520-9cb7-4f73-a3d7-2f70c6538e92	3765
f27042c2-3a42-4529-876c-3aa0b4fd53fe	3766
611f1230-7c2b-4610-b9e6-5a4fcb6e3cc7	3767
a2588b38-6532-4186-b0c8-9aff306d56f5	3768
043324ca-100d-48ce-8c7c-fd015afc103b	3769
b2c36d47-e5e3-4ac8-a967-10e0265d3fff	3770
5c96def1-68a5-4aa3-8f71-3ae427a33eb4	3771
4fcb7864-42dd-4dcf-b269-6da0d9042956	3772
9689aa5a-4471-4fb4-9721-07cecda0fa9f	3773
07f6d469-38f3-46da-9cfa-2f532422b84e	3774
f8eee368-dfe3-4e01-ad1b-9b306a6afb23	3775
8ffcd7d7-6293-4fbf-b0f6-46aef9ce9f69	3776
e40d316c-85f5-42b3-9034-5ecbc38e3285	3777
6c8fd0be-d961-454c-aee0-4366a6dbc993	3778
07ea84a5-34aa-4766-b6d4-e9462a6220c2	3779
e5257dc5-1edd-4fca-b7e6-1158e00522c8	3780
5c864a6f-146e-4225-986d-3295ce90f784	3781
9e0e2b01-41db-4008-bd8b-988977d6019a	3782
28c07254-aeae-42ad-beea-67f59c3c8baf	3783
16346cf4-4d2b-40ec-8393-0fc7296d92fe	3784
576134a6-9f1f-4bfa-af04-4848195849ca	3785
882af819-887e-4691-a4af-b14613058942	3786
d1947987-9614-49ae-bd36-8000e6b6f7d0	3787
a50a1afa-23eb-4ba6-9faf-5dec260898ca	3788
e7ee5f13-baf5-4a87-b58b-f871c137d4f5	3789
6bc658ea-005f-486b-8f94-33a2e40f7a72	3790
ddcfbdcf-cf8d-4776-8a69-10f39376b5a2	3791
b4375768-3c8b-46e7-b578-c920ccfe725f	3792
302ae60e-4c6f-444b-9a1f-8aa5f3aed57e	3793
9941a936-196a-4a62-ae53-a69cbc33f20e	3794
ba503a17-848c-4773-aa58-208f4163124f	3795
bf2e15d0-4b77-469e-bfb4-f8414415baca	3796
ff9ef2ef-73a6-496c-8528-4b12b21afbfd	3797
535f06f0-7ea2-41a4-a967-743b25558805	3798
dc0d05ce-2f47-4962-b4fa-8631a0a51987	3799
e7fbc24b-744b-4ad3-96bb-685f78d9ef09	3800
8411d1f6-0f7a-4e9b-9745-a474780cd5b7	3801
22995eba-1238-4b4f-a937-ac2c5767ab9f	3802
af75ebe4-3ab1-423d-a499-2a6f9d011ce2	3803
20ff3303-4fe2-4a47-a1b6-291e26aa3438	3804
f319b57a-a494-40f6-a467-3d196d3484e6	3805
449e44cb-bcae-4c48-a1af-5d8df0f81456	3806
315bd083-892b-4e76-a9f0-91a7408168fc	3807
3ac482b8-1494-4071-a0e9-f192f9d2c2b0	3808
60889737-6f73-415e-ba20-5040498512b4	3809
e83144dd-bb95-49fe-b1dd-00bab25cca9e	3810
d8c220a3-d9e9-4d8b-96c9-e0f58aa93310	3811
09091934-c67a-43f3-9ca6-eeda1450f545	3812
7fa7fc04-1011-4876-8095-ecd232edea87	3813
78af8512-afb2-4aa2-b6a2-8cccf1fb2685	3814
9b707faa-500f-4ea8-a433-40e0b328a57d	3815
b79a3909-7611-4b89-ab5a-5609c4aaacae	3816
f6a8c215-8e5d-4def-94e2-3c0dff2f1463	3817
319b1175-ced9-438f-986b-9239c3edd92d	3818
d33bd173-296e-4497-a1f5-dd7234ee5a9d	3819
5fcd6db8-979c-42e3-99a6-fd8302f82a9d	3820
2f04ad1f-9f97-41d0-a09c-59c40dfe9cd1	3821
21985b14-1b0d-44fe-b357-310b29bba510	3822
31e7b30b-f960-408f-908b-c8e277308eab	3823
2655d45e-1cfd-4397-ae1c-18d29f4022a5	3824
42390878-f117-4182-98b8-5522c25a029c	3825
7247dd7b-51c5-4567-b3fb-bae84ebe5645	3826
86443348-fd26-48cf-bd13-7ea7fa27505c	3827
23994c03-de9d-4766-8505-854decf28d41	3828
4f9541e2-1a8c-4303-a87a-7dbe0d80a6be	3829
21fe991f-c3ed-4381-8f1c-954cb076d9a2	3830
3f77449d-48e4-4ceb-b869-69af48da877b	3831
17d126de-97b6-458b-8b19-7615c19a0a79	3832
4bd477e1-0144-4e2f-910a-829aa539b6b8	3833
67e344da-ec54-4e26-b2a4-8351d744a14c	3834
5efaf9af-0c14-4935-b00c-f11890711513	3835
692e367d-2846-442d-b13d-1177c3681c65	3836
61ac244d-3201-4c43-a234-f99d7166400e	3837
bbe94033-40e5-4350-abe6-ac5af4c24079	3838
a0387b9b-236d-475f-8846-b2dea4af1112	3839
f6beabda-c961-4642-850a-efa2d8d48a73	3840
b4065fe7-a1b0-46d9-ae7f-ae0f80c7975a	3841
6bb12589-36ea-433c-9473-09a6c90f1781	3842
9b851076-e896-4b90-9ffb-7f4c62ff39d7	3843
f015ab60-7a95-4097-b6a2-a7fad2efd185	3844
b3835fda-8dfc-4f1d-8804-f79c89993bf0	3845
95de09ab-3142-4798-9c70-c2e8e1d7374d	3846
f6de436d-83c3-4bae-818f-0eede941df81	3847
b5fb0f1a-2cd4-4759-9d80-648643f70c43	3848
baf5c39f-9225-4d4f-a683-3cf465aa39fa	3849
db377c15-8bec-4b59-ae37-e971d79d019c	3850
2176a230-eee0-4a42-9d6d-1b69acf855a8	3851
658f8795-2e39-40aa-9b5a-5050573f5cb3	3852
b3ae82c2-e60b-4551-a76d-6620f1b456aa	3853
88527d26-7496-47c5-8358-ebdb1868a90f	3854
24eb1c26-63b4-4f63-b5ef-27061220ab23	3855
24d2505b-388c-46cc-8a64-48223ea6d78d	3856
03cfec4a-9885-444c-9e74-5fbab5861106	3857
76a5a114-ed6a-4eb6-8a81-ad5768d4b41c	3858
f91e3a88-24ee-4563-8963-fab73d2765ed	3859
e6fae4d5-2a94-433d-b046-e34d7d136429	3860
d374d29c-8ed0-44f2-8cda-f5f4e792637e	3861
62b61409-d13e-4281-9e3f-06941c2c5f5f	3862
3678bc88-5564-4682-a264-2075eaaaaab3	3863
f71ddad2-502d-4507-906c-b286e90ccd98	3864
c50e52e1-01f4-494d-b1ef-376fe3581d90	3865
53588060-c3bb-4c30-bb60-462e5b8aa270	3866
c3161cf7-cab1-4409-9b1f-876561dd7716	3867
13487087-6297-467e-a96a-56ae35c5002e	3868
3897cf7f-9aac-4eef-aacb-ca0accdee9a2	3869
c8ecc10a-8403-4702-a941-3ad9cde97839	3870
b58ac34f-e412-4316-8ad3-a721ce598ac3	3871
a223958d-5c56-4b2c-a30a-87e357bc121b	3872
e927aaaa-323e-4f90-952d-b420212191b2	3873
b2ccf20a-0569-4375-a486-7ca9c5e65afc	3874
13c10976-99f1-4cb4-8fbe-56067e91d865	3875
079dc691-0456-46ab-921c-8497ed6b7ba0	3876
ba8d1520-6bee-4a8a-a413-46d58e863201	3877
2540c8a2-c5bb-48e2-b3e9-3d4de92de034	3878
05f4fbf4-d01f-4dac-bd66-9613e4db8044	3879
2966ea89-64aa-4d15-b3fc-ee00bee990d5	3880
14276ded-5138-4006-9f4b-fcb91fa208ad	3881
654188a5-bbfc-41d8-aa27-86a946dfd757	3882
3771a9d7-2da9-43e2-b4d7-9ef8e644b649	3883
5adcefa0-53f8-429d-869f-4d05f1d92df4	3884
09a6c10b-c32c-4f5e-a3b8-c8af4cfa0517	3885
91f3e61e-dec2-4b73-b195-a42251fd72b5	3886
9cd9232e-7a3e-4eb9-8043-ee05c1e396ec	3887
47aa3e97-f623-4472-8e54-da886c6a6e20	3888
1a48176d-1414-4a18-9792-50ba585d4d59	3889
2fa95b32-3c11-42d7-b495-12fc6be0a024	3890
cfc33e02-9a17-4285-9cb8-b814a9430551	3891
b3933fd6-fba9-44b1-992a-1e8128324ca1	3892
249eb550-505e-43ef-ac50-e8c605706ff1	3893
cf6b70f6-2616-481c-912c-0263cabfc974	3894
d577a0cb-1a93-461a-80eb-9da6c094884b	3895
9f505952-766f-4b0a-a9bb-c1c13c6bbe2f	3896
a9ae7a19-be18-4737-8eb1-af560eb177de	3897
33175dbe-db6c-4f0b-a4c6-9addcd403186	3898
13d7202f-c9d7-4f75-a376-f9f8fa867ef9	3899
09d717db-5428-472b-ac6e-3c0600c8c753	3900
974b1bfe-dc7a-419a-94f4-f387a193e273	3901
f81f19b9-c76e-43ac-8656-bb56071785fb	3902
5a217fef-76cb-43f7-95ba-75d0c495783f	3903
c4fb4027-426d-424a-84f0-b5e689f9755e	3904
c7ee3bc9-780c-42c0-91e9-4cd70ad692d3	3905
99524243-dc2e-4bf3-82c0-72395391d21f	3906
7ae235e2-429b-4162-9783-c038d820331a	3907
64ecce47-720d-4caa-a59d-350380c3ced1	3908
42a8f507-8412-4611-854f-926571049fa0	3909
9f284484-c949-4199-8741-aba416a497a8	3910
a0569fe6-f028-49b8-a448-a52662a75f2d	3911
d1ab8ca8-fb9f-4e78-a422-3cd5406dc0b1	3912
4ef7a9e2-2cf5-483a-8616-ef7791a98026	3913
ce278d9a-0d24-4d5a-9d29-437af82290e1	3914
38550441-d437-4aff-867e-e79bf0c04142	3915
6e14dc18-9313-4afa-9344-4b6c2bf80fca	3916
b3744b16-f4b3-42bc-b839-031ffb5566b0	3917
b80f2162-c04e-400d-bc5f-124eacbd9fd2	3918
f491f5ad-0946-40a6-bab9-da319c3f3995	3919
8be64576-b005-47cf-a2dc-cfbb067dd585	3920
6246c9e8-043e-4434-828c-18973fd4af6c	3921
e003b833-f0e1-46fb-8a05-4bf8d0a330ac	3922
6eed1ed9-ab02-45cd-a306-828bc1b98671	3923
1a88b270-d763-48d5-a62c-2bb9cabb140c	3924
ee4833d6-d338-4977-8842-85530515d0fa	3925
f3580347-b84a-47d8-b86e-cad642322a47	3926
c234fa42-e6a6-443e-937e-2f4b073538a3	3927
b6e98026-6cc9-4c4d-93d6-ba39970a9239	3928
1c15deec-f162-48dd-a759-f79cc64f5382	3929
e390d54f-92f0-4039-9dd3-e8eac130b4c0	3930
4de9aada-a5fa-4899-8914-cfcf8dd19066	3931
615e497a-340d-4efd-b191-73a22c280784	3932
c4fab2a2-4265-4450-9525-2aa42774433c	3933
ff3e88b3-7354-4f30-967c-1a61ebc8c642	3934
0119017b-81c0-436c-b5e5-332afe8c2e02	3935
123e489f-ffcb-4884-86dc-fd5b0ef454d6	3936
fb1a9668-ccfc-4177-a0b5-494e613893e0	3937
3dc66525-d359-406d-9cdf-cdd3a7de289c	3938
2170549c-9fd0-498c-80f8-16891f8d2b08	3939
66f398bf-ae55-4f13-b993-fa871c57157f	3940
ba623a44-e387-4536-b774-786adc880c83	3941
ec477866-bfaa-48e0-affd-1c151ef61b7b	3942
a447af08-1275-4e8c-ac8e-b8cf1cca3fc7	3943
a0580131-73f3-49c8-aac5-2c478f64a363	3944
b8e2848f-f5e1-448d-94cf-990c2983c05c	3945
24aeebd1-eb8f-41ad-bc94-dbb087868fb6	3946
37b94fc8-0adf-4335-a9fa-ae7a5fc36610	3947
733a2394-e003-43cb-88a6-02f3b57e345b	3948
95e7f9cd-d774-4200-8337-cf27cb18d836	3949
1c66f5e2-a31b-47f9-ab38-36aaf9ed406a	3950
cd1a3be7-a10b-499c-acdd-1defaea473f8	3951
ed8e364a-6087-4425-bd58-6b146893c4b4	3952
661bb0e2-cbf5-4238-bab7-a4ea0877aaa5	3953
076b616f-399d-41d6-881e-fcb47505912b	3954
f413369d-d72f-46b9-8744-2d09344a9c6a	3955
f09599cd-912c-45d2-8250-57d18b99ff77	3956
56df5343-86ac-4dd9-8331-173a4439337e	3957
6117101b-38b1-4281-8f86-03911163bce6	3958
5bdb38bd-5c5b-4d0f-8901-8bbe1d7062d8	3959
486067ad-56d6-48b5-957b-d6cfe3e1af73	3960
d5ce36be-fa9b-4caa-b148-a8526dd8ed04	3961
44c64a30-1d58-49c5-b314-6e02fba49526	3962
79980b40-b81f-4ff4-9f09-663c17dd29d4	3963
9a1994c7-40b8-49a2-a53a-03e8313bf17c	3964
53b98d3b-aa25-40f8-84a2-36a17a341fb7	3965
6f9cd8ed-7b45-4ad8-9844-8b3249165156	3966
a1d69fd9-0096-4a60-b277-de34e5a77fca	3967
eb7c29b4-6951-4ac6-8516-4374fb51e6bc	3968
ad3eb8ea-f541-4e3a-b550-7900bdc4992b	3969
b020d789-323f-4441-a110-032a40d9b10a	3970
a41cc6b0-ff0c-4331-9add-907025607e95	3971
7b7b1e6f-e73e-41a0-9d72-8f0b30c6992d	3972
6ac3eac8-02dd-47b4-8ee9-f789d93c0405	3973
1f8e4ffd-b81b-4d10-91f4-461585bf9d16	3974
a3212186-5da5-4e84-a935-6952b3e14921	3975
ce028650-d901-4bc5-ac15-d05a66efddfe	3976
64973b13-9786-4b52-a04e-e02c884ab880	3977
b93697af-a318-417a-b16e-a9eb47fbe2f8	3978
61cd6f2a-cdde-4f34-aacd-b992badcacba	3979
333a223b-81ec-4856-805f-4d1bb4f7bcdd	3980
c7bee326-f4fa-4cb5-b225-682eb877c735	3981
c489cd1c-d8d3-4dcc-b7b9-dcf7cd95d2ed	3982
3f8a5e5b-c24b-4068-9f1c-afad8829e06b	3983
17167af8-c1da-45cc-bba2-9d23f068b7a3	3984
979d01bc-a4da-4c80-8cc1-be40bd35cd5e	3985
f43d43c8-eedf-4628-99b0-04120e7124c8	3986
98ad7a28-1949-4786-b1f6-4fa05b9b440c	3987
8e538a69-fc3b-43e1-9a6b-801ea56d6d48	3988
a374846a-b434-4a07-abbb-769dc307bcb2	3989
1632e413-36d3-41db-9684-822deecffc3c	3990
573510d6-bb5d-4d07-b0aa-ea6afe39e28d	3991
381e8434-109a-439c-8acc-5d328359f2e0	3992
c3c82bdc-d9e7-4836-9746-c24ead47ca19	3993
0cc5ed91-eba3-4a5d-8a69-7638e0bf6495	3994
ccd4426f-aef3-48e3-b04e-2e1de3d1f8d6	3995
e0fdee35-0790-4a5a-8cd8-bc83d4854422	3996
0e7f1604-2201-40ec-bc91-2d23b2df9723	3997
f43370e3-6d86-44e7-ae4c-ca098962dcd0	3998
852fb986-b0d9-4529-adaf-4f38bc1b1040	3999
1598ccda-b164-4bff-9821-f9ff5a8587a8	4000
a683a4b1-e863-4183-84ce-dcb63cca4ed9	4001
eb5f1f04-0174-4534-996f-e8d944ed2a77	4002
02b4a39e-04c0-4eb7-a0eb-c919f3d14154	4003
b5c4ffa2-82e1-4b72-b7f3-c60afb74b860	4004
d67e6b0a-d2c6-4e4a-ba30-7834701535a1	4005
d229ee11-fc4e-4a1c-8e0a-1e8f84950532	4006
dfef0f62-de5a-48e6-9546-29b26e907a6d	4007
cd645207-1664-46af-9953-264e9ae54089	4008
de799445-cd89-4256-8df3-4e7c13cf5a14	4009
6e2fdea5-8960-46ec-8a05-41b7eec3b2a9	4010
a4ee6ca9-96d4-4012-8838-9042a2b775be	4011
34cdf83c-0ba8-4411-814f-c3ef44588521	4012
cc2c9c3c-b7bc-4b8b-84d8-4fbd8779e493	4013
99e9b8ff-b8ea-4019-a073-acc9fbc93bbe	4014
2db43da6-401e-4dd7-898d-8f6da60c58da	4015
116ed804-4d04-43fd-809f-24e18b17233c	4016
88a8d8a9-7c9b-4f7b-8700-7f0f7a503688	4017
8f7bf43e-2a13-431a-a274-19e28965fe07	4018
98091205-c85e-49b0-954b-d84dab308138	4019
c4caa34e-57b5-432b-ad9d-7e6543944d96	4020
fdf9fd10-8a2a-4cb4-bed0-3c476c976ce0	4021
217794c8-c7e8-4e9b-b5d0-6aeac98e0e08	4022
8ae5648d-d9b7-4083-b538-17f71672990f	4023
8d0d65cf-3d01-4110-bf36-7e1aa27b68f2	4024
bbb57df2-8fc2-4e22-801b-259624761a55	4025
7dba6614-d0bd-4950-8b7b-841b31c413c2	4026
1e1ebd69-65e9-45aa-8a8f-0930a53cc7ee	4027
85111697-29f9-4909-864d-f73addb5a079	4028
381178df-339f-447a-a68b-e4ef306b3da1	4029
535d32a0-9b0f-4324-a4cb-df2abe6ede69	4030
05448326-1439-4033-9cb7-8b2af073dab5	4031
5686efb4-aec0-4cd6-9abe-33fe92b6b7c2	4032
ba1384a7-8b0e-4ea6-bf0c-f1ec17a06d14	4033
5429d73c-9c97-4109-b52c-8f24bbbf3d22	4034
337e30b6-3dbe-44f2-a3fd-84a80abdb5a1	4035
f033e544-8cad-4bee-abdd-619f8489e409	4036
864aa861-e22a-4187-8baa-2ef0c215bc0a	4037
c72c1c3d-bf05-457f-a9f7-a642bae6ca91	4038
f11c4f8e-b381-4d6d-b232-2bd52f6175a8	4039
18a0d72d-0be0-4196-a340-035163bfae1c	4040
a262543f-6ab4-4ac7-86f3-4fc09ff56f3b	4041
5ffb73c0-b739-4231-ba22-f8d361be1d45	4042
080a1906-c06e-4c2c-a1bc-8f301d11a9a4	4043
b3769cde-a39d-444b-a938-95c5fade0de8	4044
16d837ab-208f-4588-89bb-c036b5c5a0a6	4045
efaefde1-e09b-4d49-9d8e-b1304d2ece8d	4046
8688124b-dcff-4a39-9f30-4825d445014f	4047
b702f1f7-6634-4580-8ffc-25edaea50da4	4048
a6541e72-bef8-4fd8-9f13-b2ffc484fe16	4049
064db6e8-fdfb-4acb-a327-fc2de75b37de	4050
cc6fed9a-a14b-46e1-a5b0-97f740e66e6a	4051
8017153d-b710-43e6-9f6a-7d157cafaaf2	4052
20b9add0-f004-4720-8f46-585525203a8b	4053
62cfcc64-a7d2-4ec2-ab4b-2a6b62e53940	4054
c1f9719f-34bf-4243-b060-dbfa76cf8634	4055
2e710b0c-6ff3-4c21-87d5-16ebbbca212c	4056
4ed743bb-1323-4ba8-b33f-322f4ecda526	4057
1d93c839-22e7-4f76-ad84-d27039efc048	4058
c6b0db5a-d750-4ed8-9caa-ddcfb75dcb0a	4059
6dfa03fb-8b02-4055-b7cc-e48f426b13f8	4060
e54da459-21ee-4f0c-82c3-a7379d6937e7	4061
7f74bf11-d450-4b85-b11d-4ca4131eedd5	4062
1155431a-d35e-4863-9ae0-e3c24eb61aa9	4063
92e1f515-fc89-4577-9f77-addacdaf7559	4064
7c5e39c3-7645-4e37-968d-a4e45cd38c5d	4065
26d2d1e5-519b-428a-bbd3-bf2d9cda0a25	4066
c0f98b1d-1133-46d6-ab05-723a95cb5453	4067
b7a05028-423c-49f2-a7ac-68591c7cf78d	4068
f43dd62f-4fc7-4216-9220-be555f16d131	4069
ef58d4c9-0d40-42ba-bfab-9186c1483edd	4070
f5dcf1ca-1954-4599-bbfd-01a7c140f661	4071
9ab19acf-06d9-4c92-bd5a-8c945488d45b	4072
a49b5d41-7399-49ef-bcb8-a5779a30d2e9	4073
1e1c10de-63cf-424e-8547-0474c825f908	4074
71bd1152-5ee2-4919-80d7-d269dfd48a55	4075
bcb95908-5c6e-453a-97fc-d69003d250ff	4076
9e839dc3-55f3-4492-ad0e-a1a2e84275e2	4077
6acb932e-840d-47ac-8e0d-725ad8a6e52c	4078
abe0ffbc-58c9-4688-a4c5-096411802660	4079
5e5480be-eded-44ad-9c45-f6136ec2f5db	4080
3414d446-735a-443c-931f-10634f57e5b9	4081
382f1005-e9ab-4684-afd4-0bdae4ee37f2	4082
b09b5127-c62e-4bb2-b790-1e4aa18749ed	4083
b9b082f5-e4d9-4cf2-8fce-8b1e2d8cb6c4	4084
cd8b7f5b-da64-4bbf-9dac-47665f7fb92a	4085
56c9c56a-3ffc-4489-95f0-c93cb222f1e9	4086
0e446481-d268-4acd-bd77-2452bc55c4a2	4087
a414cbb7-477e-4b1a-b203-c2858c570068	4088
6fe91ae9-8ddb-47b0-a2d7-252833ce5500	4089
84fa3311-9037-47a5-aaf8-1ad073eb771e	4090
ec22a32b-acab-432e-a88c-ffe6ae68fa16	4091
9c306413-56b6-4ff6-982a-7e4b87d01340	4092
b6cedebe-6d44-48d9-9a80-7d997c1b3fe6	4093
315a3523-c8ef-4445-83d7-2d9acd38d1ff	4094
afa502e0-fb84-4cf4-b3c0-21ed0c695939	4095
2eeba1d4-f67d-45be-a22e-ab73e925aa43	4096
ac0aa7e2-cb46-4e01-a8e5-d265548411c2	4097
84800c46-2211-43e0-8a87-bdcbecf91932	4098
d79b7948-2e69-4770-b8d7-e6bfa3332648	4099
b55f7b2e-3310-4eaf-94e1-9b21ba5ee1e1	4100
5bf0556a-91a6-43dd-99a8-4833e5f258c6	4101
48a3cd68-fed2-4920-857c-1ec601c9512f	4102
4f8916d6-a7d2-43e9-96b6-ce3168c39c84	4103
bf0a6807-2db1-4fc1-b7d3-f6799cb5d675	4104
bfbaa549-1504-417c-a045-16d984f3d586	4105
d21d85ff-c0d5-4c50-a1be-93438e5d7c60	4106
a2caa7c9-2510-40f0-9fb9-88f45cf993ba	4107
419576ca-d0d7-405f-ab14-632566d2bbad	4108
64139201-e0c6-446d-b183-8b8f47478d42	4109
75f9a2a2-b76d-490d-8dd2-ab5c172bcd78	4110
6c0d2b84-9c1d-4c34-be55-1e7d674a60a9	4111
696a827b-5088-49f8-8628-341d28f9ff30	4112
f06e6e44-1083-4283-86e9-8ccfc6ef6649	4113
95e9aba6-f85c-48a0-9ec9-395d4f0e3875	4114
a7a1d1ff-1aa7-4a91-a066-cf48976bf92e	4115
28e74c6b-2621-46a4-bc38-7646efa1db0e	4116
191cba6a-b83f-49ca-883c-02b20c7a9dd5	4117
e33949fd-8b32-48ff-9f06-8d2441f792ca	4118
af6bd973-3e30-4339-94b5-85b139362e6d	4119
ab612b17-c1c9-4150-98b8-33727b7862d9	4120
a18015b2-6584-4110-9f7f-23c95b2b066c	4121
3d191c12-be64-4f90-94d8-ac324b2b3544	4122
90b18d97-718b-4a95-982d-b14019d084c0	4123
24ea074c-59cc-41c5-a5de-f68c2952965f	4124
d17801d0-4353-4725-8bf5-d0bbedc403a6	4125
30312e56-2ec9-43f1-9378-882ada0cb542	4126
889b69e3-7b18-4889-b953-9f2931597204	4127
8a246333-858f-4d89-bd07-b759e7d060e9	4128
b2a28d4a-5f5d-49f6-b944-9f5a4bffc4d9	4129
152cfd61-07f8-4559-a64c-a93201a91418	4130
9b7ea29b-e1b4-4187-8aad-1299ea9c7245	4131
2f4ddc44-7178-4ca0-97e2-903b20329140	4132
da9138a4-67e5-4cd7-bf2f-6ecf6ca632e8	4133
76da816f-ea05-4172-ad9e-ffb69c32199f	4134
d3bbafea-896e-4ec4-9c2f-5b06e4c81433	4135
c8fbc3a9-304a-49cc-b59a-adfc22047747	4136
d3281dc6-1484-4627-a344-3715347952e0	4137
163b54e5-8256-4f35-8c6e-623dccd2fbc2	4138
5284c532-a968-47c0-b55d-386dfbdbe016	4139
a09b8bc4-b1f9-411f-a4f9-42aa0e671f49	4140
0fe15202-5843-49ab-b1f7-7d98b386b893	4141
01c5b492-6002-4780-a2c8-4edc7564ada1	4142
6849ebec-b385-4b41-b5a1-125f91e46119	4143
c830597c-0b44-4a62-a2a3-6d8aee5bcd66	4144
6191360a-edc5-41d7-a83e-c9f0ab842f53	4145
a05b1b41-e959-4867-9f04-ee7ae15fa047	4146
ac18992d-d90c-41d0-b56b-66fe1d51608e	4147
75224f04-739d-4cef-abe3-d6940e7a1139	4148
86bb09f3-7ace-45dc-b26a-6833b18ecb85	4149
0780be69-eb62-4ffa-bb76-e4f466f4fc47	4150
8c9200b8-8e05-41d5-836e-44a37905560e	4151
bdaee528-cae4-404b-990c-a0717c4997de	4152
40bd56ef-fdbd-4ebe-a8cb-37127c09bcfe	4153
c32c4e72-ee6f-4a12-b8ec-2d8506387ae2	4154
7eae144d-93a4-4134-845a-ea9eb8d9d4c1	4155
256f09e5-43f4-4b3d-836c-2cc9283d22c0	4156
d232422e-3c62-477e-8c33-abdf405de380	4157
16f82d52-3c6f-409c-a5f5-f991f3abbff8	4158
a9a11eda-c39a-4c36-942d-2719adc4edf6	4159
205c9780-61ee-40d7-9e78-9724e626ae7c	4160
ffdb2b8f-ecbf-427a-abc7-c47f4ebc8ae3	4161
70e87e89-8abf-40bb-a2ba-d404d89e14bf	4162
b57db116-5947-462e-aa7b-3dd1ecb5be45	4163
aad8341c-5f18-4f1d-8e5d-984259c347b9	4164
b3f986c2-5439-4a99-8f4f-1f39797c6d5c	4165
4bee86b5-95c4-429a-8489-353516f815ab	4166
9c1fe6ec-2962-4e28-a57b-b6cf5e11904e	4167
6e3ed724-c5a3-4bcd-8ebc-89da0c33b6b8	4168
4e091d80-b219-4980-9317-1a484394a84b	4169
4b3a2868-4576-4ee8-8c59-c13fc7c4038e	4170
2d6a30a0-3925-4fad-84ed-a568872b081c	4171
2f569e60-0a1b-4fb9-95a4-3dc1525d1aad	4172
7bd9e20e-74b9-446a-a2ed-a223f82a36e7	4173
9092d8e1-9b38-4372-a96d-000b8561a8bc	4174
349fd7a7-183b-4139-a4ee-1d9b7146f8a1	4175
d3b2bec4-b70e-460e-b433-a865ceac2de8	4176
a344d1d3-bc5e-4a59-95f1-814999d009ac	4177
0fe49b94-e13f-4769-9262-c8bbd34fd500	4178
86be6511-987b-4452-8f6e-6c33e2e0d88a	4179
e96ab876-83bc-4f5d-98da-91dc8589acbc	4180
37186f53-8d72-44e6-81e6-7dfd18223747	4181
27dedd67-b819-4040-b972-24ebf5dca374	4182
6546b116-81c8-4783-9219-19f6e8f3c020	4183
79ad5f01-b181-448d-b776-a252949d61af	4184
3b23f05a-ead2-47c6-b3dc-e0f3bb3e257a	4185
dbb3b771-ae77-4381-b61c-758b5b7898ec	4186
86a80f85-2c4f-4ab0-85fb-4ea6bca2df44	4187
6a5f768c-db43-461a-8e58-658084ebe84d	4188
16231a34-9ccd-410e-8690-f74e98fe16a4	4189
c4acef6a-1835-4da4-bdea-ba3b789dd36d	4190
df369da2-c88e-473e-ab6a-d0f5ab8007c5	4191
bf346e67-b4b1-41c0-bcc7-a8f4df4fbbbb	4192
13875f81-5bfc-4939-a6cc-296c3f8d0fa5	4193
7e1666e2-b82d-40f6-98ff-920dc6fe3f8b	4194
de785cc2-032e-41e6-9491-ab68623a1467	4195
f0602f55-1770-483d-89bd-4bae0d0ac086	4196
2930487d-4b32-4063-9762-630a843150d7	4197
dcecd582-6f3c-42af-8f06-6a083c0629a9	4198
b5120ede-bc41-4d5d-844a-72b8d28af044	4199
b72bd66f-178f-4c86-b625-a077408140eb	4200
85a3072a-08eb-43a4-a57d-f7084503ee4c	4201
f9056fc0-4f7c-49fe-b870-476bdee7d44e	4202
17adce06-a815-4c5b-9be7-e6b184f92ee4	4203
90c7177f-4be5-413d-aabd-d228934c2b9b	4204
f8ce4811-bc08-4a32-81e0-a2345cdeacae	4205
098acbe6-c428-4ae2-9cd0-3ba80162befb	4206
7b0522f2-b808-4e48-82ce-fa9e32db06de	4207
fbd89fe5-c0d1-4539-9f12-f29e8f863782	4208
7051cfa2-0d1a-4d03-8e5f-9557cd2e42b4	4209
5d1fbd3a-e00e-41d8-9355-dd42ffa9e9f7	4210
e7d7256f-5278-47c2-9a14-c1faa478717f	4211
47117e08-c495-45cd-a5c3-1a75f0995e2e	4212
0f7f7e94-ce9d-496a-b894-42d642b5229e	4213
b910d27d-dc4f-4f2e-9a10-43057eb96a5a	4214
77c5b09c-4a57-456f-9556-51ab5600af65	4215
f9f45d17-4603-49df-a8e9-6af733873c95	4216
0ae03832-6ba2-4b20-869c-21e48928bced	4217
89d746b8-7d18-4baf-8cee-659b07771568	4218
b768f66f-3260-41ec-941d-e7c82b1cb87b	4219
e497aa76-e7de-4845-a4b7-e27bb9fc9967	4220
29e26734-788a-44aa-8d86-a452bc4232a6	4221
0c7eedb5-42e4-4002-9456-2da98f5790f1	4222
e7ad821c-7168-4f98-8998-84e8a12de9e2	4223
3869dbb7-da0c-455f-ad74-332a9d35d016	4224
28e2cb1e-6b65-468d-9217-dec412eaf205	4225
8286542d-02c2-4393-b3ee-db57baa880ed	4226
4fe426de-9c86-46d5-bbab-239f5e7344bf	4227
fa6521a7-56b5-4e56-b946-fda469becba9	4228
5dd0da33-5161-4378-8fca-aecf5840097e	4229
d7e76e28-9f1b-4f05-a80d-f9e765746c52	4230
2d66fa4c-5ae6-4aae-89b9-2a3ac8421b72	4231
fe67fca6-f6b0-47b4-a4ac-c96e409b29f4	4232
0f1de5a3-bdb4-47ee-82d0-59e2ac37d358	4233
a2b7353e-341c-477e-87e4-d4d5937c6b9a	4234
bf2d56af-0e4c-4281-b6e9-a913a26d00e8	4235
1cabb3c9-01cd-4678-be4b-29c0e7042f1b	4236
09c26e52-0e3c-451a-8a7d-34e8ce7c1062	4237
37ea73dd-a48c-4659-8b9d-5c77bd9cbd12	4238
7dabb4cd-0953-4988-8340-57a9ecc0cfa4	4239
9dbe0453-2f86-45a2-a54c-df0d947f857e	4240
c191214c-31e6-4d26-bfa7-35be4d90d178	4241
22aaf663-732d-4ba7-b409-0722d2b5258b	4242
4d4f5d92-0589-42fa-bc0e-1bd73e17a2ce	4243
f84702cf-2756-4dd1-99af-e552cc1df4a5	4244
8d3b7513-b709-403a-be45-69f6ce6c8443	4245
86feba39-7dc3-4c1b-aef0-b0ea813ee6cf	4246
51573fd2-0b3e-4434-9d8c-cf58ffad7fd7	4247
32b698aa-0bf8-4783-88f0-0758b8543cbd	4248
9299f68c-6b17-4d94-abd1-160a05aab81b	4249
34b5a6fe-870b-479c-b216-6606fd095b34	4250
429d5f26-329c-41cc-bdff-17c29dbf1fb8	4251
b847e9d2-c931-4daf-900c-42c7b2c42e16	4252
cc1ff172-ac70-42b8-bbb8-6ff9b4b15614	4253
2e8650d4-816a-4544-9a62-958462855170	4254
816ba2e2-31da-4cb7-ace0-99546f6bd657	4255
02566f17-2d48-4b63-b8ed-55d4638c945c	4256
f0c58dc1-8262-410e-a38b-e4f92e14759a	4257
4b356f05-bcc2-4544-925b-fd9a1bf708be	4258
8ea885e9-e0fd-4b80-a90a-26228501a07b	4259
d7134426-a937-43bf-bc54-f10ad8102ed9	4260
66ad8456-1d33-4d7d-b8c3-a8f1a3b1e74f	4261
3eba5e02-780b-4acd-befb-d23a0c6708dd	4262
e595ed1c-9251-4362-a816-534f141d16ce	4263
9484c8c8-96f7-4ecd-b333-e81305119018	4264
14ca858e-39ac-403b-bbe0-78e16623879e	4265
2bf704b3-4c05-441f-ad54-52722c1bdba9	4266
24f8d8a5-269b-475c-a1cb-792990b0b2ee	4267
3fafb3eb-bd69-4463-b6aa-bf88472b6089	4268
42474f24-fde9-4e81-a31f-a0629130243f	4269
5e87164c-4c3b-4f2f-91cc-92c06a99c461	4270
a5511b19-c0af-4886-ab1a-042980644dd2	4271
5984e4ec-8a8e-4762-a5fb-e7d53436e0bd	4272
04d25080-32e2-49a2-b638-c9ca4f3e12bd	4273
744dd5fc-555e-4530-88f0-54d57dd8ebbf	4274
c5998351-be49-49d8-8593-3e96f129c1fc	4275
e20c20e9-8b3d-4dc3-b8d9-374869cfa12a	4276
3d1dc3db-4fc3-42b2-a8cd-4d8983637450	4277
32879572-01ea-48f0-8f25-8acb38fee26a	4278
89abed31-3a93-407e-a4a3-a94e193488cd	4279
f7a2f0f1-da44-40b3-8dff-ab421af08bcf	4280
b9aa31b6-86f5-43ad-9e71-a94f44f429ee	4281
dea596f0-fb53-4012-bca8-1d106cb19c90	4282
bdb8e865-98f6-4dd3-a8ac-74b9b7ae8abd	4283
f731ccc4-e22a-43af-a747-64213329e088	4284
1ac3366a-a0e9-4a55-8f6e-796fce32a3b2	4285
71668e88-208d-410f-ac5f-7a54ebee26cf	4286
5c01e170-1302-4e75-a10c-d9e440b0c68f	4287
70093cf8-56ba-4a7d-97ff-d5b9657cf437	4288
31321410-37c0-442c-aec0-0611ca43ba15	4289
f376828a-b438-4fda-bb2e-dcd5fbe81f83	4290
a0ef7e1d-44ff-4039-9435-7d5fefdeecc9	4291
7b8e1188-9ca4-4aa5-8393-172de6fa04de	4292
9aa0d535-3efe-468c-afda-43bd17d44641	4293
462a85b4-83ac-4164-86b3-e5ac6a7ec040	4294
e555f0c3-0a83-4c57-8a67-e657aac27ace	4295
204db5a8-78f1-4078-801f-ae8f456eeb60	4296
81df2271-03a1-46a3-bb30-cce187235312	4297
726185da-171b-4e80-b821-2eac5acef6ed	4298
354e2d0f-15f7-4bbe-85db-15b3be73395e	4299
ff693144-69be-4ec5-9150-cb3c5652e430	4300
022589ac-7177-460d-a178-9976cf70e29f	4301
5ace9b0c-cc21-4d8f-8e08-a70234439f2a	4302
5a6e19e0-3ff0-4b3d-869e-3c539d6d8707	4303
00ed154e-8679-42f0-8f42-e59bd7e185af	4304
ff44857a-5f7b-45e5-b1c3-aa76f98ce6b4	4305
d5b0dc28-2f22-4f7d-adfb-ebbc30fa6d48	4306
c2543756-c98c-452e-b536-60f2ca877046	4307
fa3b825f-7c85-4377-b393-d28a2016e293	4308
d6812531-4566-4250-b22b-cca9f8f3c3be	4309
04aab033-628a-48b8-9d70-fc9b10761932	4310
1fd8c24b-eaf3-4ee2-9931-b8130099d789	4311
2ecbc483-dee4-442f-8ce7-f3ab31c73f87	4312
4071bf3f-23b4-401e-b0ea-58b47fdd5639	4313
b85fe6c9-ea39-49f6-b14e-091f419d8b77	4314
d2b83114-af3e-4397-b570-10d81f1dd650	4315
b0fe8ef0-d59b-4d41-afee-2d21b59112ab	4316
3cb25fb2-5547-4b05-adec-1a5e37830d46	4317
c3d6fdd5-67c5-453e-87e3-d17a00a52879	4318
83998f9c-846b-4294-aede-d7735531c901	4319
c55193fb-f5d2-4839-a263-4c044fca1456	4320
f2ea996a-82ea-4cba-85ec-be3c613d25c0	4321
6b3a7975-fc3a-404b-a13e-66c223cd2a31	4322
cea0b5f6-a40d-4fdc-bb05-d3af065259cd	4323
3391c453-9ff3-4b80-b756-f4cb2f2edbb8	4324
9f336c50-ae4c-4440-bda7-958aa12bc15a	4325
4939695e-1f38-496f-978f-4ebf9ef13e9d	4326
cca40a67-e959-46f8-a3f3-8a3f77d2da9e	4327
d50a4b89-ff1f-4659-9fde-f76f8d5b3c89	4328
00b0a363-2fbc-4af7-b67d-70cf035829e7	4329
45512b6b-8044-47af-8edf-ba4745ca4082	4330
052fce41-d2c0-4a84-92ae-0ca2ac21a9cb	4331
9bb0ae46-c22c-499f-915f-9b4fc8d4f767	4332
72448406-ba82-43a7-9e13-d9a47ff333f4	4333
718d45b2-7b8f-4cdc-85a8-26aa01d99bd7	4334
22a1f4d7-81ff-4216-ac06-3387da6bc118	4335
da7d57e6-0619-4f0f-8d15-d0b4195c3f55	4336
277e21a9-2d64-452d-96c4-2d23a7af5891	4337
a04428a8-f7df-42fe-95dc-47762fe346f6	4338
cf8b3b8c-118e-4136-8d1d-c37091173413	4339
16907f68-6858-4d64-8ab7-d33495e4e1a5	4340
a32e4aac-1db8-4dc6-be34-a813c4530627	4341
8b0f05ce-354e-4121-9e0b-8b4732ea844f	4342
dcf54a6c-e09c-4980-be77-41401898fb7b	4343
0e4515e2-7513-4c43-bc39-9045e8a93c4f	4344
4a8ac23a-e27a-44db-814a-f8c31beb68e6	4345
6a0439a1-4520-443b-9bf1-02acdf692d6e	4346
70bbc462-559b-4a23-a299-a306c351e39b	4347
2585d166-6514-43c3-886f-a92ebddebc81	4348
ed29398b-bbf3-42a0-8eff-8631509c271d	4349
5f3b32e5-efb5-4096-9260-587c155e50b7	4350
4d26bfe6-eec6-4ad1-89e0-396b483dc3cd	4351
cabb4fcf-4067-4ba5-908d-76ee66fcf0c6	4352
70f0e309-5418-49b6-a130-666e2f76eecd	4353
7b5239b1-07ff-41ce-834b-29fe98de9970	4354
9ada6fba-df61-4849-9f39-eec9be772b22	4355
56ef1af4-5184-49f8-a972-583f35c2485c	4356
69632f9c-31eb-43d5-a864-e73ac72efc66	4357
84d5a9df-dd85-43e9-92f3-ed87bcd59b58	4358
40e1c1e4-4972-4344-b1a8-7a03ba987da1	4359
f23d00be-5619-43aa-a9b0-b32b73e5ba4f	4360
abf5f674-dbad-4219-b3ad-dbd6fb163c8e	4361
ce14c227-cce0-416f-a05f-08f9b114b29f	4362
5f5d5831-a407-4a10-9155-c3c4e8d652c9	4363
6492fc47-2ff0-4e1d-b4d0-692b3fa9810f	4364
b00ef61c-4c67-4382-97e6-cb64903b6e50	4365
91cfb346-f9f3-4958-b990-8714d343f097	4366
8b7a121c-5b50-4912-ab4c-e49a631a2db0	4367
d4570f76-d803-429d-80ec-1b966c2c45ed	4368
7216e911-c3ca-4591-a366-8cb0d3948b8d	4369
04482c2e-88ab-4709-a412-85748b7ac825	4370
2b7a7c7f-8c18-4e0c-aaf2-8c6f4e93cdbb	4371
3cac4257-a588-4d0a-ad09-7d2704ec2ff1	4372
90cda7b7-9112-4ec7-9d6f-3f4675ef5130	4373
88a5ed53-1c52-474a-8ed5-49961ee2366e	4374
8d3ee4ba-be21-470c-bb7c-4c124c3eb989	4375
92dadc3b-a600-4ad6-bf95-0b634fae01c0	4376
b753584a-3664-46f8-bb84-f6deed133c80	4377
99c4c28d-4372-4453-9f36-cef23deabb41	4378
9ee6df65-b535-429a-9e3b-0fbcebe13b15	4379
b2ff1a6d-9198-4646-b068-8965242d245b	4380
d331a985-529f-45e1-8236-7f1d058e7d42	4381
f73b674b-8051-423d-9f1e-b173913d166a	4382
8fc89a2c-d01a-41ae-a6fc-d7e7300d8ee5	4383
5f821136-9935-403c-abb5-e78ddda35e9f	4384
4ebb5ad3-9018-407d-8c24-c03011ab9ac6	4385
12269eae-3c21-4586-acf2-6cb03c92f4e7	4386
a186c93d-0f30-4c56-9265-98c0eba19242	4387
b12a70be-abea-4c27-9e99-201841a0da6b	4388
ef90f210-f136-4386-ab37-8c00d04eeace	4389
0f000cd4-9edc-40cd-9bb4-4009ee4c56e6	4390
b900616e-fd32-4c17-8f77-17ae2f1413a0	4391
dccf1cc6-cda8-49d5-b2c7-3bf7344bf143	4392
c1e98e4a-4628-4c89-a7a6-0e0171600b05	4393
aca5718f-4f49-4439-b8f6-209db3f11757	4394
73d882c7-1146-4012-a61b-a3b2c11fce2f	4395
ce2d1f5b-7b5b-4c6f-bb1e-5fb029f99c8c	4396
e467bdd6-d977-473c-b721-7cc2785933bc	4397
a58ae3f3-0b49-48ae-891e-5eb7a58ecc55	4398
822cb123-f728-4a1a-931c-fa27257bb83f	4399
8b6998e2-a769-4369-97e6-6b29ba7ad831	4400
eda80ec9-730c-41d2-a2f2-6bf1140126f7	4401
99ba08b9-433e-440b-b901-87736c90562f	4402
9fdd9163-9824-413e-91ad-d01e561b4078	4403
5c2d7596-2366-47c5-b4a2-0550ac8f9e69	4404
9f9dd3e4-7782-4c0b-b946-387ec9958b5d	4405
fb6f10d0-8ee4-4f8f-8e0e-5e797fe9d699	4406
b80f276a-f73f-4847-9147-98558cd66ae3	4407
874aec28-dfa7-4a73-a3fa-8212f769754d	4408
42bd281c-cc93-4b0f-8ee1-e73f09af3546	4409
f2cf6ceb-76c9-4822-8b6a-0119bc0ad867	4410
c78a5d46-c631-41bc-8772-439002e3d3aa	4411
fa7ed4fb-fa39-4820-8ae1-5fe98bc2ef8d	4412
37e65fdc-f26c-444a-a78b-5157fb071213	4413
fdb40275-50df-4894-8481-573e86956e81	4414
8ef964a0-c730-455e-bc05-43e5a6f6269d	4415
8061867a-04bd-4dd2-9e1e-37f6d86d58b7	4416
6a3fdc71-8bc4-4aca-827a-717072b60635	4417
68a0067a-7a3a-43d3-bd91-391ea7600d8c	4418
06ea8a2d-dcac-4aea-8438-214799919a17	4419
7f347782-eb14-40c3-98e2-17b6e1bfe56c	4420
1079b087-a5b3-4a07-abbc-88043ceda334	4421
9cdbbd26-b4e0-4b4d-bfd3-c65d447af9a1	4422
bc5b810e-8699-4735-a6f0-e30de9756a81	4423
c2a736b7-8ed5-4c68-b2cb-0a55fd8151de	4424
5fcdf74f-f615-407b-98c1-da168c6030ce	4425
1b7ef3e1-f3be-460d-ab5a-2ae848f1ab87	4426
4ea2fd64-834c-4d78-8f4c-2a900c439031	4427
656a0800-3a2b-47ed-a3ff-1e2908fdd2ff	4428
10b7cfe3-a99b-49b3-91ed-b0efb7b32371	4429
4f93401e-f3dd-4961-8b4e-708be531c3ce	4430
f6dad765-8c0b-4256-b8d1-c1818b31bbdb	4431
3215500f-f03e-4adf-94fe-5ca842e17f5b	4432
7842016c-3111-4991-8c59-02b37faa8d53	4433
8602561b-caa1-4ef7-9501-a4159b3a41c3	4434
82fc8db0-f366-4029-b6ba-e148b3639ef9	4435
9fd283d3-f6f7-4d34-998c-36220edc5d63	4436
d1789a2e-860b-45bb-a4af-bf55135ef437	4437
02fc3032-e491-46b8-8742-9859e4906dcc	4438
4355a36d-805e-478d-8589-64f0292724b2	4439
8cde362e-2c23-41d3-834f-5015aa3b334f	4440
ce7bba8b-026b-4aa6-bddb-f98ed6d595e4	4441
9a250493-e200-4676-be17-06e9f51091e7	4442
024fb2cc-5750-4fed-abed-cb7600b4fb80	4443
70e06119-d7f0-446c-9370-54925d9b7c85	4444
e79731e0-4af1-4104-825e-e070b9592bf0	4445
6e64cbfa-1a60-450e-81f4-c044c868ab24	4446
8d5291bc-e960-428a-9004-b5ab9c171dd2	4447
6d31e0b4-f6f3-4ac0-ae51-51711dce39e1	4448
b332473e-a39d-4b39-968a-635119a1de35	4449
97d8cab3-474d-4a0c-8053-d1afab54eee8	4450
a892235b-2acc-446f-9f2e-0370c920310c	4451
a95ef44c-aeda-4222-9d57-10b28240e634	4452
c5f9e699-7b0d-4030-86dd-7acc8250d147	4453
1b96b9c9-0832-40cb-9f8d-7274de3733fc	4454
4ee6ca6b-f004-4747-b0b5-b2686b784859	4455
40b7efb7-1268-4a80-b354-600afdcbe9e2	4456
92db3c25-9127-4e3f-9f42-2c9282ee784b	4457
55e406f7-6f37-42dc-b45e-4d7305428547	4458
6db820a0-bfed-49c1-8d97-a5791092c5e2	4459
f2906f32-a018-4104-addc-8fe943d7e859	4460
313a0007-b9d3-4036-921a-ce311f9795ad	4461
371f152d-1643-4b54-b32b-dd13d4c23442	4462
20d47cfb-cd42-41e8-b7e0-e7fdd3cf2fe4	4463
d292b4cd-37bd-4a88-a823-8710f273cc31	4464
8eed05a5-e9a1-4dda-8b33-e354c4ecc8b6	4465
b863cf80-19c6-4a87-8e42-6cff7ac8f18f	4466
b7dc7c76-53f1-49ac-8dc2-d469ed7f8e65	4467
5a8688d2-696f-4060-9dd0-f772886ff95b	4468
7cd29567-b431-4989-9870-a81bc5596dd2	4469
201dc244-60e0-4d62-8bb3-c41ea332c9e9	4470
e6f3cd0d-1998-408d-9fd8-c765370af42d	4471
cb6c3202-a2cf-4c5d-bd4f-dad4adfe8e2b	4472
c1c621a8-711e-4dbe-ac8c-87d1833d2671	4473
9b137ab6-5987-4606-989b-183cdb2d3e50	4474
e204ed91-3684-4561-b29b-d0b53f8459a7	4475
a062327d-628f-46c2-9ec9-78340be3b283	4476
1b9c4771-9041-4441-9bbf-e9d59e6c63cd	4477
b5b4ba6e-6e34-4669-a33b-0d813b4c3d83	4478
53b106e7-0cc6-42cc-ac95-ed8d30a3a98e	4479
ffb0c195-4aeb-4d33-8936-8aaf78e171ad	4480
93e8c41e-8e4f-4d08-bbf5-bc1a903b2423	4481
4b52ef0a-78c3-4b52-b4ee-658ac47ff889	4482
66cb12f6-6502-486d-bf67-efd5bdaee6ac	4483
89a95b27-f305-433e-a3ab-87cde4ffc1cc	4484
af8fd97c-db72-4e30-b2aa-30ebd0c4f1a0	4485
eb55f2c5-e7dc-4697-9ed7-864438d10eb6	4486
20fb6261-2468-4eb7-acfa-48bdd67929a6	4487
bacfad8f-163d-4799-863d-c17dc10032f8	4488
0783b768-6719-450b-a7e1-7e891da17af3	4489
49cd96a6-42c3-44f6-ba2a-cd9301046b96	4490
19710493-0b3e-42de-bbff-eaf7b11b5c75	4491
49c15d5f-469e-469c-ae94-89e8d31106dd	4492
d1115ccf-3c6b-440b-9005-73224ecff98e	4493
a63d9089-482d-4689-9ef1-df4eab9a96ab	4494
d3ff3c70-c897-433d-899c-b838670fcb12	4495
f1afe3b1-2100-4200-a185-f5b42eeb7f8c	4496
709b6c87-4870-4596-b981-afdc61f39476	4497
adc68a50-38ee-456d-927e-715cbf74c0d5	4498
db11d9fe-9143-44f9-9aca-d7c3d1e1d728	4499
49dd7b4b-3ddd-4ec0-acf0-e843abfc1e65	4500
ffba0d4b-a2bd-46d1-98e0-bf7d08ae8744	4501
a02b1a45-271c-4bc3-9d82-68bb896cb5fd	4502
b3c32ceb-1628-43d2-9fb4-447eb9f7296a	4503
b9a20306-a4f5-4d3c-8680-e9cdc7e3af5b	4504
45f81731-4b54-4111-8614-ecd9554e98b7	4505
a64ddac6-deb4-41a4-8f51-59ad27ab3908	4506
6e9d417e-7eb1-45dd-af0c-60ac85dfcd7a	4507
91d51bc3-bfcc-49f2-b6c4-d6d205d6291b	4508
2e8ac3ed-2a89-4377-ba80-790106aba554	4509
abaa4af5-be79-4456-86f4-0554939aeaa3	4510
39ff4946-1ad7-4e1a-8e89-6ebfd5d18c94	4511
21f3573f-10cf-44b3-aeaa-26cccd8448b5	4512
f553b080-bb94-4036-81d2-47e1be5c8e7c	4513
db859a53-b7ca-4892-bcda-5ef78d2c891f	4514
b0e60fb4-67a2-4cfd-8e89-1c5c9740b65f	4515
d044577e-aa22-43b7-ab29-cabee5f6643c	4516
0f6df3f2-01f5-4d9a-a047-a76c907d7b66	4517
0615113b-38c3-49d5-9e7d-cb3261ca1658	4518
a9416fb3-4d28-4575-abae-f0d160be83ed	4519
7bace718-5f56-4311-9568-e46a70830605	4520
e0ededb4-6085-4f68-90f7-89bc560930a3	4521
5e521e8c-0ab2-44c4-8fd8-14d8d3321265	4522
83766a73-9c8a-481e-82ca-11853015cd2d	4523
d624df22-b03d-4746-ac28-a4bd72aeec26	4524
8c013ad6-c1e7-455c-8f75-c95375cd794c	4525
af8e4cc5-ef54-458d-a194-7b210acf638f	4526
31e48c9d-8deb-48f5-83c3-67edb20d7f5e	4527
13f972c7-7b08-4071-9d12-cca87059c4cd	4528
c0c5e158-d61d-4043-a0eb-dc6cc1e0a539	4529
3155cccb-fe72-4ad0-8e5f-2935fb6cd7ee	4530
484cabf9-4ded-4498-9444-e58251b9bba3	4531
9def2ea7-8d58-43db-93f5-123768ae62e8	4532
c829f419-16b5-4eb8-ac87-522e1bdb941c	4533
e82d6159-2558-4ab4-83ca-fa1cd2bc29a5	4534
49018fd2-95ef-4f7e-92bb-813159909314	4535
fe69d6b0-9f06-4e84-89db-ac477639504c	4536
5d52fbf0-ba1d-4e24-a381-16a14f5d9746	4537
7d0b6027-8132-4417-8c4c-ef0bbf9161c0	4538
58ca7612-2b43-4acd-8f95-5e123cf015dc	4539
4fa39dc8-c695-4e0e-ba04-92c63d99c9f9	4540
ff7466a5-c538-4d2b-8450-54f11b20f2f4	4541
0eaa4a38-6bc3-46aa-91be-563f1fa86e16	4542
fc31ddde-0030-4cc3-9180-5cc4e7004fef	4543
18c2200e-0acf-4ef9-95c9-ff797a23214b	4544
2013f3af-51a3-404d-9afc-91b3f277ea4e	4545
6255d25c-8231-4ff5-9b49-e26d760d6466	4546
3bbdd45f-5654-47f3-b6c0-d806752b9fcf	4547
31200780-d9e5-4c34-a022-064410996ee0	4548
542f4f08-4d8f-48db-a414-d3a33a62929f	4549
83a2e0fb-3d9b-46ff-b383-3dde54c15297	4550
bc1b5c95-e6d6-46b5-957a-5e8908b02c1e	4551
91ad641b-3b6f-4220-8352-f3f5f909d4e0	4552
3255ddb2-bd7f-4850-b314-bdfa10d14706	4553
d2e123d0-c53e-4444-a52a-efeff44953c7	4554
8aa5b65a-5b3c-4029-92bf-47a544356934	4555
938802a8-fc8d-43a3-bc2b-68180f748055	4556
79051997-aa72-4c72-8993-33e78fe72668	4557
7b05d6fe-91e8-4cb9-a401-2a13b1578716	4558
ac5af671-1df0-4312-8b7b-e61992ecc883	4559
f804d8c0-bf16-4e15-92db-e3642d629f95	4560
a9af6b83-35a4-469d-8c2b-41f5ca73a8cc	4561
cff77480-7ba4-4206-b1a8-e1b98b38f07c	4562
215c6ab2-7888-4061-bd56-9fb650328106	4563
01e75bf4-d967-4036-877e-c6a817e4325f	4564
69c045f9-2887-4400-a880-924e361b2e97	4565
8cbb4d57-f44d-433a-90bf-a0892af886e1	4566
c5a0a216-c33c-42dc-92b8-4b60236f8dad	4567
af583eb9-9871-4217-98c3-9c8e34feab1b	4568
65d509a1-7e8c-47c2-ae57-14fdd882b16a	4569
0b4f226d-3d6b-4aa1-ae8c-127e5d9475e5	4570
1a5f7021-3742-4b0e-8b60-e21c3b593f5a	4571
02e81a75-461f-4b9d-b635-9cc916cef9c0	4572
91ac08cd-27b2-4da6-ad46-6ebaf2c31441	4573
c278de2c-9696-4fdf-a919-0781cd945e2c	4574
f3e2ad21-900e-46a0-8597-2a3e457a7c27	4575
80a0ab61-c33d-4a59-a950-aaf3b69d3251	4576
833db6f1-0400-41b1-ba81-cb2c830e2134	4577
3d05eb8b-1644-4143-9a61-b28e33c4d85f	4578
65323ae4-1a49-497f-8f58-ae42b6c05eb6	4579
20a3d0ca-1834-4848-8127-40cfb442f696	4580
06e199c1-6f33-477b-a74d-bc8a283bd8f0	4581
919ac2b3-aa04-4732-93f8-742ebb7a03f2	4582
adf017f5-76d6-4d31-b1b9-a0211675e7c2	4583
4c4e3121-4d12-4f7a-a77c-5becd849fb3c	4584
13b58f42-ae0c-4d29-96c7-6fe0a163a766	4585
bf6e6ab0-c94a-499d-a722-125f607e7cc8	4586
07cfb445-3c53-473f-949e-c60fb1e1b7d7	4587
1f8e7e6f-fb43-4121-83c6-f4c9992b7036	4588
6f027cd7-c2e8-4569-8922-aa2c9a503e65	4589
c3477250-bc5f-44e9-aa0a-144dd2d7a935	4590
ccd5bf1f-f83d-4e81-86aa-2aff85d5d6c5	4591
3c0d5463-6688-4f4a-8273-a191657d8084	4592
7bb2067c-ec6a-4e9c-8336-ab475d4f4984	4593
4b2c889c-b4ef-45df-b4f0-59bb1b6e2a41	4594
511481ee-1b97-4333-a161-0492f3e1303c	4595
7d609f99-feea-4782-b7ce-ee278324e738	4596
332b5bb1-dec7-4170-86ba-016763c2b161	4597
870bd642-f7e2-4712-a89f-7b1950a693ac	4598
4f2c4842-f90f-476e-95d3-8e868ae4d745	4599
caf1cb4b-5bd0-4b4c-aecf-53de52cd18d1	4600
60d41417-feda-4734-bbbf-7dcc30e08a83	4601
51aad2ec-44b2-4466-8c10-60018972e6c3	4602
a5474ad8-1671-4ace-a5ea-82df42245bda	4603
b37baf72-c053-4d85-82e5-3705fb5893e4	4604
e0e1db18-f7ba-4dee-95ff-7ae8cf545460	4605
d5c756c1-4872-457b-8f00-d620547cbb85	4606
eb6de5f6-98f8-4b5a-bfdc-f87fa4936baa	4607
ff44f779-74ab-48f8-aac3-39ebe8f7c18e	4608
f1560407-8826-4ec9-b78f-e0c3fa3ea4f5	4609
ca825016-f7fd-4ccf-a523-6ee36ea88828	4610
fe19b809-e86c-4736-882a-53b72e23171b	4611
22cbe400-9906-4c47-973c-b7122b23840a	4612
911fc89f-aea6-463a-9622-b7d8ede07af5	4613
5a839afc-95d4-491c-9fb6-0a691bfe8afd	4614
48e78462-2f0b-4a1a-9fa4-0585e2991e80	4615
db0425d6-0d79-42bc-a9a3-c8b55b709911	4616
fe3503fb-146f-4d68-a591-a7e5798c321f	4617
1ef2bd54-9610-40ba-87dd-c195828411a9	4618
fcb6d9df-6cef-4f33-8850-7570bcc99718	4619
8f0d3885-04d9-4a13-aed7-96a25f9f9842	4620
0a94a7ff-f7f4-4b07-8a3b-c3daa4ce2fb8	4621
2f24f70e-c1ce-4fd4-a927-48fad3fe74e0	4622
97b20fe3-0924-4a5f-9955-d0b5c5f9587f	4623
96ad1836-0a6e-423f-a2af-0f4a64a325ca	4624
d3fe567e-0681-48c8-9735-6cc9942629f4	4625
84cfbf7e-edb0-40c5-bdf3-c90ac99252ce	4626
5935310f-e81e-4f8b-8b80-1116527abedf	4627
421c468e-a4bf-4597-b1a0-77092ffb1f0a	4628
d2f4a968-1f6e-4a4a-9376-ee2b2a50c87a	4629
ca134505-1fcc-40a3-bef2-4f344b86d1f8	4630
d833b812-02c3-45e7-997f-5058dca1801b	4631
e40b3f0d-d72f-46ec-a6c0-4a36f6a0579c	4632
819a9744-627b-4bf5-92e9-f894b0f252e6	4633
76a8ba97-2c4f-4d28-b797-3b077d3bc354	4634
69737ebe-836c-40dc-a938-7e85688426ff	4635
de1edf40-2b3d-4ddd-873c-e4f59585ba92	4636
90330a83-5547-491e-b83c-d10858e6073f	4637
159a208d-6b91-4c15-8bfb-69f9b1c10ba4	4638
1bb2fd3c-3ed3-49d2-afb5-5266dcdbafa8	4639
70a709a1-8083-44c4-b61f-f7d10e1004d9	4640
685e3fa1-d4da-452b-b351-39f9fa3327c5	4641
435ccd03-20f6-42aa-97e3-275b82dc2f6f	4642
1c8d248f-82c8-4d6d-a918-07078d8b3a8f	4643
060e47de-6ce8-4954-808a-689ac685c28d	4644
ded0d67a-eb71-4fe9-83c0-1d18b8ed497e	4645
5565ae4b-bb20-48a4-a8b0-dfdeb53b555a	4646
557ac15e-7800-44c3-bb62-d4ab34ac1e28	4647
5bd1060b-8608-4817-93ca-207f7c828e2f	4648
af4ea2a3-c54d-40b4-8120-a1f0b838ad54	4649
42fa05a0-a983-4ed6-90f3-b2d662216bcc	4650
af3dd900-679f-48ef-909a-0da55786b078	4651
65e0e30d-ed23-4554-b545-6de77e86ce18	4652
96b1d906-0fda-406d-beb6-19c6758998df	4653
2538f4bf-a54f-46c7-ae78-24f456325263	4654
e3cb4543-210f-499a-b0d1-3882c312dfb9	4655
01252145-c9e8-4de5-a480-9b2bed05450a	4656
24e1b53c-3085-4581-8472-0b0088d2508c	4657
53f5c37f-8516-46d4-b66e-bf008cea9433	4658
bb4789be-e26b-43c4-b098-d65b06538bd3	4659
f2be9218-d5cc-4456-80c7-5e55637931f5	4660
f73b2b70-33d5-4118-923b-05ba8ad7e702	4661
359b328c-ef7b-41cd-8d6d-e7fcb9289278	4662
f4353d58-79ee-4a89-b6fa-1fcc7f2e6ef1	4663
5d0764c8-b14a-47fb-adc7-2ba9fb5f0d76	4664
762e1e6d-ba12-4946-b8ee-dfa0cf9a2655	4665
0a61f71a-92e8-4d3e-adc0-e44469aba069	4666
15cef4d8-93a6-4bfa-a300-f03c8ba44aae	4667
8b26558a-1073-45cf-b9a2-233703654ffb	4668
be5fe2ab-007c-4610-8d53-d81675d06a09	4669
4c44479c-8fde-4754-b9e2-5129eb6fb28d	4670
91f32a6b-fc11-45b6-a243-4dd90eaee781	4671
d12b05b0-a0af-4c2c-8c8c-ab8bcf49439e	4672
e45c79a1-317d-4e5d-8ae0-4d69577cf060	4673
6ac47f31-3b2e-4f95-bef0-ce869af4ee98	4674
2fe6aef2-8427-4c85-b9f9-e5b66988d907	4675
a371601f-c184-4683-806d-2eb35e88f0d7	4676
cc30e630-8c75-4d78-b205-8e2edc6bdaa7	4677
864f4d00-ce12-400d-8942-9af0ca4b1c94	4678
c16a2424-6f7b-4538-a547-0cef5add7056	4679
43826bcf-2c17-4bf5-92cf-671c184e215f	4680
bd263d69-4eba-4c68-a071-38539891abae	4681
bc43c90f-e3a8-4824-8ed3-61c7d22d54e7	4682
12be5b16-915f-44bc-978a-8ddfab235b79	4683
ffe02aed-ef7e-4736-a186-c2f1dd55ce8d	4684
cd71e6e9-42bb-4a1a-b5ce-17f41682b3e2	4685
90ec36e0-5597-4bbb-8e03-12d4d1f18863	4686
3be4099e-f180-4038-af84-ae18a09eab02	4687
45433c63-c874-47e9-a761-c20963d47fa7	4688
393e5448-896f-43e9-b80b-4ee58e1e71a4	4689
35424b33-ae1d-4a35-9005-ba3583453466	4690
e645aa86-3458-4de8-a07a-f5602070d2e1	4691
ff7f80cd-05c2-4068-a00e-fbfbd453d049	4692
f4d306f3-e82b-4186-9cca-4e8806db21f8	4693
0fc0b0e8-9e40-432d-973e-a184b7be01e1	4694
7d75def9-7b9e-45f4-9437-22601c5dc862	4695
14e410f5-97f2-48ba-b1f7-a3a44cbea05c	4696
52a624b7-3a5b-4404-be64-2d7cfbf587ed	4697
770ccf83-47ce-4fa1-83ec-d8fc24269784	4698
9aa69733-db92-44b2-b1dc-76cc68b462cc	4699
608732e8-d168-4270-8c96-a9cd1ef3667c	4700
686dffc5-e13c-4b14-b2b7-097cbef040f0	4701
8262d8e4-9137-4bb3-a787-3caabbbc13e9	4702
b9fb5447-7f95-4a6a-a157-afed2d7b9f4c	4703
0541c64f-17dd-424f-9483-391599d14cb6	4704
3bd8aeaf-06d2-4691-99c9-6c3e79326b37	4705
ef6a8aab-9dfe-46ac-a225-67df4601ad69	4706
66cc1250-3ddd-4068-bf47-344cd5ba079d	4707
888994e5-6f53-4f53-bced-b20482aea42a	4708
4cab12f3-af12-4a55-ade2-606bd9524425	4709
d7a2ea77-0850-4480-8964-246c0a3d6efe	4710
81f8edef-a337-4588-a362-7511ef1b0fa2	4711
48312a7f-7668-4419-a9c9-f42343356f83	4712
5fab4ef4-7f8c-4442-9a08-0c783036b123	4713
7bd47e67-ecd5-49d5-837f-c692df38da4e	4714
7892c869-1e2b-4b38-8540-4caff7dd2b49	4715
625955df-18cf-407e-8bb2-57623bdbbbc5	4716
9ee229db-67f9-4de7-a032-0ecfd3633836	4717
945ab058-0207-49bb-a33c-80efba82179d	4718
797bcf41-0e02-431d-ab99-020e1cb3d0fd	4719
17d16c18-5b51-45bd-87cd-cb76580c1623	4720
6fe25812-9155-43a1-b5af-8371f90a4f59	4721
821cc81a-25ad-4215-ad46-b8156cdef517	4722
ab309b83-904f-4e2c-8d11-a0223bba51f9	4723
b4946461-dacb-4aa9-a77c-7b3231317794	4724
adbec13c-41c5-4747-9733-bf6575cb9226	4725
765dc449-9ab0-4a8e-aaba-463f992d2a13	4726
27fec926-59e3-4532-843f-3bbcb480221c	4727
b9ca7096-68de-455f-8a36-1f1ebb2abf2a	4728
432c7522-87c8-46e0-8c9e-6df1c6c09a24	4729
b06d1938-f4fd-4c68-bfce-13410b812706	4730
28cb1c4c-5211-49c3-9ff2-6d929ae30d47	4731
9011971a-df29-4b57-8889-2e5e9a645cbe	4732
9aec0d9a-c5b3-45ab-839c-d60f18534437	4733
13a94709-996a-48ab-a4bf-94e1f804ea04	4734
979ce33b-4d8e-4e44-8c7e-f9d3054f4386	4735
6bfb7f3e-b5cc-46da-8b59-7dc22c10ca6b	4736
64b58850-3d5d-48cb-82be-74921fb5ecdf	4737
321fdfbb-426b-43f7-8295-fa9aca6348d9	4738
ad8a4637-fb1d-4acc-af42-ff6cdda2230f	4739
339e32d0-f306-4c4e-b790-088b06db440a	4740
42f55e6a-7a8d-4e8f-bbc7-da411b41bd15	4741
c3da3346-2643-48a7-93cd-011f6834b3d7	4742
7c8295fc-8d2e-4ec9-9c23-845f36891765	4743
d3eec97c-c9fd-44e6-b4d0-42550911e431	4744
091ec508-877f-4e3c-92a3-10903bbbc7ad	4745
8be0594f-8c13-46bb-ab06-f93ffba5c776	4746
885f90ef-6bd9-409a-b2df-e165e553c68e	4747
bf014765-46f0-4cd9-b658-c79c5c0166f8	4748
e4a7097f-4b82-4d1c-a960-88f045c392c3	4749
eb45032c-80da-469c-be20-1d09f08ef37f	4750
f0ed72a3-ae8f-4cf7-b51d-2696a2330230	4751
c4406045-e640-4cfe-8b88-4732cce314d4	4752
b821dd8c-4583-4385-9293-6f1015b74ef9	4753
1302c7ad-e6b5-433c-b172-0debf9f82d68	4754
3b40b4f6-070c-4433-86ff-c57c71046456	4755
dbf7c761-e332-467b-b4d9-aafe06bbcf8f	4756
c9f22e9b-dd23-46ea-b45d-b1836582dac5	4757
830dce6f-c9ff-4ebe-944b-2ea2ab22fcdf	4758
57caa7d8-cd19-4018-bc0f-af916354a69f	4759
7c2f57bd-8a03-4826-b40b-139eee804e0e	4760
a72b4f57-8282-4d57-a30d-a9e0982af5d0	4761
d451395a-f768-432e-bb70-d38c32baf4cb	4762
20db01e0-20a4-49fe-a82e-dfadf117f36f	4763
8777a849-fb4e-4430-9918-170f619c5286	4764
fd14f29c-4052-4aa6-b02e-268f92dd85d5	4765
20385db7-c38d-41a1-a0d6-adda005d8351	4766
4d2667d2-a43f-4b39-a2bc-4808a8a671f0	4767
51af3ae9-3f39-4b2c-bec3-ded427708590	4768
491775f0-d167-4f86-9010-ad070c7617ad	4769
9c150da0-d136-4e8b-9e86-36a3ee29a819	4770
e0a1ff5e-3737-4569-b0e5-46079545fa20	4771
ddcc21f0-1a12-4d0d-9926-79249d39d92f	4772
08556a98-19f4-4a87-8dba-f258f498e205	4773
a2aeb4e5-1538-4d70-8698-f96368427895	4774
326cfc59-47e8-4ea8-88d9-13afceda9585	4775
20907daa-b798-4387-96a3-317848f56188	4776
6abe2140-f918-4e7e-ba58-14fdc01721ad	4777
9a30d768-a8f3-48c4-bc96-04df9a276bb9	4778
3ba1d6b6-da11-40cc-940b-60268aaf58d2	4779
1fd87f72-5fbf-4cad-bd9d-f2fec1359cfc	4780
1517c06e-2fe2-452a-981c-b3d9077e0520	4781
d2a54937-fd0d-4586-85c3-235a405019cf	4782
560b9e8a-7387-49ff-8b15-e17e3ffd8502	4783
4e083f26-965f-436f-9227-c2c47ad18ffc	4784
42c4b58d-2e28-41d4-bfe5-4edee68386cf	4785
89d06e04-263a-4e12-9caf-7e8816e4e61a	4786
3c516f6c-0b18-4241-8a9d-7d7bc958912d	4787
022865bc-84c9-4002-b6c1-d5fc6e12b7d8	4788
dc24d2d5-af35-4ec1-8ada-401734957cb7	4789
afed4881-8d2e-4c43-86a4-ef81e005339c	4790
d6ae350f-a837-44ad-be5d-d24e3964cd03	4791
74db50ec-df62-4a62-9f9e-9a515e8e6ee8	4792
ea19687e-8d08-4abe-901e-3135269e4f74	4793
80da83e1-644f-43a7-8db1-143bfd0030d1	4794
c8a4c5dd-d332-4045-92ea-a8a7970ec294	4795
68c6d2ae-36a7-4bf6-92fd-687355ef18e8	4796
82eeb914-c61b-4477-81c2-a0bf8604f2de	4797
6a46ba2a-507d-455e-8588-fb39b3d04685	4798
f781b494-8ab0-41ae-b672-846706488dfa	4799
4c141ecd-23f9-4881-9a8c-27e7e7af708c	4800
812dca85-2b55-4015-a92e-1182251bc621	4801
91436354-22e4-4c16-be69-4c9561946d5b	4802
e062ce8b-19cc-4308-b37b-f62b7adfb6c2	4803
bb4adc50-5455-45c1-8600-6fb22e202f83	4804
9e116df4-f342-4fdf-a693-3cb0b9cc6718	4805
2b0ce8c8-9c9a-4807-9414-24b22af7a679	4806
eb7a42aa-36d2-4dc2-9cc2-d083a13e1788	4807
2f96dc59-2e3e-4b17-91a8-80c8bd55de19	4808
59b6510e-f7f1-4631-be8f-0c493db2502d	4809
6f0f1b65-69f4-4d26-970a-e550b743f14b	4810
83d8a06a-4145-444a-b4ae-49e1e986206f	4811
701fc524-b5f2-42f2-9db7-8198cdd6839c	4812
4035f854-00f1-43c7-b90b-41b0b541f8ee	4813
9d1ad8e3-8740-429a-bdc5-52f96a9c4431	4814
f5e31fda-bbf5-4ab6-8194-bcc9209b53f8	4815
1fc494a1-9109-4081-a455-2d05bea9d2bf	4816
f8bf63aa-9bc9-4c03-8673-396cfd5d3cab	4817
d67bc1f0-bd4f-4e0a-8f1b-4f2ece8795d0	4818
488e2f56-76bc-446f-8089-d790a5402904	4819
f36f2a6d-91fa-40cd-a282-9156c895ffed	4820
d08b66b4-8950-439f-bd8e-2dd78dbd7a5f	4821
3d7b2f63-31a4-434b-91c7-58f6231bd9ad	4822
9a407ae8-afbb-4a3a-abb1-1fab4b3c26af	4823
a7c3f0e1-027a-4f1f-800a-c115422f96f3	4824
f15227ba-75e0-490c-a817-63bf8f54fee7	4825
82e26f64-813d-4b22-a442-44d182f7f9eb	4826
730b1ec3-2b26-4616-8f15-e1ae3545525f	4827
8cf8869d-e066-4c94-b734-fe05749badf0	4828
55df115b-9984-4a3a-88f0-985011f02b09	4829
0c5c513f-7df9-4b3b-a98a-b289f0b24583	4830
6b44cb91-8fdb-4e87-a1e4-cd0726efdc2b	4831
317e9169-bcbf-404c-a20b-0a662a7e7359	4832
0796f847-09ca-4526-b17e-44390dd536ba	4833
fc0bd304-cfd4-4478-9224-3446134d57fe	4834
73b423ec-8974-400f-b2e1-99b5da91e45e	4835
81f772a9-5bea-4fc0-a5fb-70aa3570fa0d	4836
c309d914-93af-4b3f-8058-d79c75ea89da	4837
3420e6bc-8551-4c6c-86ca-c13a3115edd3	4838
b3b42f5d-3b81-4463-a9d2-1b72c9590c12	4839
9cf2cd10-7629-488b-abc2-f9cca721383a	4840
ffbaa76f-a071-4647-95b9-b79774e8bf9d	4841
baf05baf-69fb-47dd-93c2-033536b8c385	4842
aa2ff391-2dcc-4478-915e-3e716e13bfc2	4843
bc62fd76-11bd-45ca-bfc4-d8690154a86f	4844
c76e4d1c-06ff-4594-b31c-4a93d9c1cb22	4845
4a9ee375-8d75-41f5-b315-a94293a2a07d	4846
8d1a348b-056b-4fd9-83d0-e1ed159b6287	4847
19f83189-591d-41ba-9476-22ddd109f426	4848
eab8228c-a9c8-4ddb-a93d-ffca74a379bf	4849
db9d25d7-a85b-4a29-b2ff-8f5b69ed691e	4850
0f1e84e4-2417-4f9e-a3f4-6db2cf11a46d	4851
01c00aa2-0325-4cd4-8a45-ba7193789c2b	4852
9dfb10b9-a66d-4909-b406-c55407744d2b	4853
d72c9ab4-0b73-44e3-8601-c4da02a43b25	4854
bf6e1d7a-511e-4131-b3c6-de49dcbb4ba2	4855
d4aa1162-78ac-437f-9900-97460e4e2f34	4856
8577c385-d06a-4a64-b4e7-6ebf25f2cb20	4857
0a73615b-b9e5-4ee0-a6ac-18c6f1783fc0	4858
7b16e4ca-a204-4158-8293-20cb44c11d88	4859
b695cfa1-9804-4d33-9b53-7744c9e0c73a	4860
a7835277-ab17-4506-a033-60f018757b84	4861
91eda19b-1437-42cd-b7af-69df24b7f275	4862
db301158-fdfd-49f6-be50-4909dbbc1e53	4863
774666d2-2064-4d6c-856c-f8cda0aaf9f0	4864
8546949d-f46c-45ab-8391-85b26dda6b65	4865
eec43ebc-815a-4105-b1cb-205b8f57b4fa	4866
21d177ba-3d51-461e-9b3f-ad9a80b419dc	4867
a693df4a-8762-4a45-b7fd-6695b558385e	4868
39136644-ced6-4cb4-8204-457566a9b673	4869
9fcda3ab-a467-4ea9-8569-ae975de0f473	4870
3833f2ca-9a93-4bbc-9759-e402d3945dd5	4871
76693ade-bd4a-4338-b2b7-3a494b1fb5fe	4872
ea222377-5887-4900-8f96-7c6cf8b42deb	4873
aecd2d93-082b-4d5a-b519-521f2e18f796	4874
3cf5a3be-25ef-4408-98fe-e66fee536be1	4875
2556a141-2ff2-4047-a681-34423838ac90	4876
f7893c8c-f4f9-452b-b566-27eab5c7855c	4877
a6d10075-ae6f-44cd-be2c-66dfde3f0e5e	4878
57648c1f-335d-4216-ba82-508b23b3bcf4	4879
02c1219a-3cb8-4644-abbb-f6129e6909ba	4880
ba5cd5d6-e0d4-4bcb-bf41-3a5c8cbb65d1	4881
39a1b293-8e17-4a1c-b50b-034c40e24461	4882
2f48fde1-3576-467c-b657-53e75c9e3226	4883
922ddcf6-2b69-4bc4-9b40-153cb9fad712	4884
19df76fa-76e1-4801-8905-c3a620f96c4d	4885
996417f3-5457-4b9f-9bd7-2cfb3d338d49	4886
9cdbd85a-f274-4087-94a1-3dc93fbaddab	4887
21f9a787-d8df-42c8-81bb-425f1527085f	4888
b4f62a2c-6729-4e7c-8f50-efed22277e74	4889
377015fb-c02f-4b05-960b-e0df6a7ea99e	4890
f1548c5b-329e-4036-921c-02213a04b525	4891
5ba43ff1-f124-4b94-aed8-6428bd90bdd4	4892
a81259a0-a2f5-464b-866e-71220f2739f1	4893
a855f632-8bba-4c58-bb91-d9d304955096	4894
0b0f4c28-479d-4145-b3f5-1dd7f5bc21f0	4895
819e4775-b9a6-4a24-b4af-0acfa9669a00	4896
cf1f7aee-f413-45b9-be90-ae94f29ff6f4	4897
2c3bdeec-bf6b-40f3-a144-be7d122c9174	4898
81f7ed4a-5bf5-4c0e-ae18-29f97bd58abd	4899
ca39d50f-9885-420e-88d6-9c3f64038773	4900
6aa40207-fec8-43a7-991d-b872a42def05	4901
a9b88ebb-83aa-4ef7-b674-fabeb572c14e	4902
160629ab-ec18-4931-8c95-02cb92d06186	4903
ddb371d4-76c8-4ad0-8fed-43a7b9b73312	4904
1af6aaaa-0ef5-4cfe-9000-4c2247a75a6b	4905
449d58a3-3a99-4a8c-9611-d3654849f4f6	4906
4fa321a1-b3cf-468a-b302-f360ecc31924	4907
cdba86ac-8246-4520-b2c3-1df36431c8e0	4908
7d3b7dc7-9a2f-4d8a-a795-529dbe9edc82	4909
216de703-21b9-4396-a01f-7927a754c4a7	4910
c27f8fae-e697-4959-a791-babfd0a4ecbf	4911
d0d33ef1-fcef-43c3-978e-9fe9e0156d7d	4912
fccef2c8-22a7-419e-bd6b-c40fc8f46068	4913
39a31de6-763d-48b6-a45c-f7cfad58ffd8	4914
54d99b56-f672-4077-8b15-b84c068e58fe	4915
d6366198-de1d-4adf-811c-e8a2ac118aa8	4916
1a60d6dd-9d3e-40fc-a66d-3184f9ee0d61	4917
d24c555c-318d-4fa3-bcf9-a250475cf0af	4918
33a76468-44f1-47eb-8e57-f20dab3c0bc1	4919
4c8ead39-b9df-4c56-a27c-51bc049cfd48	4920
c6903a2e-063c-4f91-a284-17b8f421be7b	4921
3d6e4b6d-2700-458c-9722-9021965a8164	4922
215394ba-3d0c-4b57-b284-ec5bb4a5ad25	4923
f8276a46-0c87-4d2f-a0d3-f22900f9cbfe	4924
b904d624-9e05-4398-8f4f-88fbcf022f79	4925
0ed3dad4-c771-423a-b6ce-81083f01ff35	4926
4ae674ef-2f80-4fbc-8d10-1cc50cbae7de	4927
406552d4-5ba1-4226-b7c0-367bc50fc767	4928
6ee8668b-b4e1-48cf-ba25-a6f7c8bf864d	4929
c83691bd-ed58-4d97-9edb-3043ace33856	4930
1f190f39-89cc-426f-ac40-56c31ebf306f	4931
59e29b79-a77a-434e-becd-1207bfdc8f34	4932
560c4706-0868-4c89-be8b-b26fb7754aba	4933
fee8e811-a2dc-4c09-8484-3c2aca38c3f9	4934
a107bff6-58da-4302-83ad-317e86a1811c	4935
c32af8cf-dc55-4ba7-8b92-8516127a7282	4936
420c6768-0885-415a-bb59-d6a275121125	4937
74df4e2f-fe75-4b4a-87c5-3f1b4bc95aa2	4938
c71b2cc1-2737-4f76-bbf2-9ee505b4d90d	4939
3ae2b4db-bdf7-4c97-9953-8e8229f61573	4940
bfe46b8e-0c14-41c3-9ffe-c7ce3b53d226	4941
fa737b46-90a1-4e68-93a0-6425bbaa353e	4942
bd013a43-a262-4658-a372-b75ddba236b4	4943
26358fa2-80c2-47b0-a08b-33817caca7e8	4944
0e6cc5e5-4f03-4993-a481-d70d0e354d9f	4945
ae32393f-b7db-479b-8728-8ea28c1edb16	4946
1ed00158-c6a3-45cd-819c-2f91997fc480	4947
06e4547a-bdbf-44a6-bca6-af015fb05376	4948
70ea63ea-70dc-4b63-951a-2c249d2b3b0a	4949
5ac9e5c2-bf08-4c37-bcc3-8f9d28246d7a	4950
d5c51c36-ac67-4727-91ed-ee9f0df81a2d	4951
3dc30744-48ad-4e74-889a-246273e5e344	4952
fc20ca3a-5fb5-475c-b151-516829c14d9b	4953
ba147912-dc39-416f-9e4b-09765d671674	4954
25bcda78-8e9f-4b21-80c3-fc411bbee0ed	4955
9a07b4ae-7c2f-4473-b019-c63c3d5db45c	4956
f7e7acc2-b61c-4e8c-80fd-ab354bf856e8	4957
b15f5684-f132-43a1-a577-f7f7986b31a0	4958
da04e9da-207a-4b29-b3f5-c871c8dbf761	4959
c2f37fdf-5e8f-4d9c-9a03-219a8239cf5f	4960
ffb2d3e3-a4cc-48cf-8fb0-f2f846e9d7b9	4961
20278bbd-271a-4a1c-b6fd-43a13d43203d	4962
ec21de7d-2288-4640-a015-edecf6ac147f	4963
4aae17a7-9f0c-487b-b60e-f8eafb410b1d	4964
2469950a-f0ca-425a-bfbc-baf55ea3afde	4965
798d2454-7c77-47b9-8891-ccc140b82796	4966
a35d2112-4137-4c14-89fb-58e02036c326	4967
35b9706f-a6bb-4876-acf3-94fb82c62388	4968
ca264abf-3eb6-4d53-827b-6ab16988a4a3	4969
d8ae63c6-6fce-41b2-98ba-e570bc4007ca	4970
e75f66e5-75b2-437a-a54f-65688255fe4b	4971
2100ca6c-5a1d-463e-b50b-7e649debc454	4972
600c5212-a8e6-458e-bd3f-78b6fbfe329a	4973
4c0d9acf-a8a1-4765-9c56-05f92f68c048	4974
49c48b7f-1ff1-4f02-a1aa-ca1254b46ef2	4975
fbe054ec-a143-4101-9e9e-64abc5ff5ac9	4976
7bedf226-37e5-487b-bbf2-8a9c6f7beed9	4977
21f0cf7e-9058-40a9-9eb2-178f567c747b	4978
608c45b4-974a-4a10-a9e7-3a9824ea7742	4979
a9b309fe-7ddf-4754-8821-b73593b05726	4980
bcabb743-60ed-406b-94da-9bf82e032e58	4981
b0179481-ed92-4839-adc4-997eb7010985	4982
f0e820ab-f31a-400d-9c5e-8be1c8c38726	4983
4f91dbcd-2e04-480e-994f-9afe9e23b70e	4984
5b1f38d2-4a09-4708-a3c4-4e35ae05a24b	4985
451f9db1-f75f-44f9-b218-f8bdf22035a1	4986
63beaddc-ea36-4351-bd95-f99914c230ce	4987
bbc6f655-5d45-45bd-8553-cfd012178590	4988
592da4c4-9618-4a1a-a944-e60c05c39037	4989
838d9c94-4d91-41e0-a28b-60518e62efe9	4990
4b179fe2-dfa5-40b1-b6db-b56dbc3b5f09	4991
aad38e08-baeb-49f0-af91-1ab3ec6d9e85	4992
a39acc4a-985e-4173-a9ed-f325f2d3bc1c	4993
919ccb96-12da-48f5-bd91-ec410d956048	4994
42922db2-2e80-44b8-9cdf-0b3a6634c124	4995
3e0e78e8-cf0c-46e3-84fe-555a3e8ad4d4	4996
c58ad99e-47ba-454b-abbe-cd72a691b46b	4997
688d2d9d-8f49-4187-b558-2c961c699ab1	4998
87b6344f-c874-49ce-a8b3-e467ed6e05d0	4999
9362e158-a7a9-4db2-aef9-0010def4e0f9	5000
ce6d5579-1f03-4992-8189-a40f8f0489b0	5001
e9fcfbbf-1743-4f73-8744-ada8da7394ea	5002
ffb390b8-8df4-4b72-97d1-7b2fc008a452	5003
f40fb1a6-f1ff-4819-b9f1-8629fb4f36f6	5004
03746227-c9f9-4b3b-b2c6-9b31f79564f7	5005
768ecb0b-bcc8-4c99-9f2d-54a13f33c5f6	5006
ffa25bb8-a082-4b47-aa4c-9ef48df98dc6	5007
acf20c38-8a14-4406-9039-fe78d26c2e4e	5008
b128a994-2400-432d-b26a-8feede87daa8	5009
a16d1433-ba89-4f72-a47b-a370add0bb55	5010
9e090eeb-8e2b-441c-b892-5dad97b67fee	5011
be702739-f872-413a-89fb-0a5afee100a9	5012
b6c18308-82c7-4ec1-a42d-e8488bce6618	5013
455641ea-fff4-49f6-8fb4-49f961d8f1ac	5014
e7dc32a7-4bdf-428e-bcd5-b2c3c1ccf0a1	5015
d4659efb-b8eb-4f03-95e9-f69ce35967a9	5016
23b5013f-8882-48d9-b08e-ef3b3d4e5abd	5017
0584e561-1442-46c9-9593-923c34571eb7	5018
759b5ff1-91fe-4ec9-b9b7-75b7b2ceb283	5019
c3913672-9150-4645-8c79-4457c4c474c9	5020
3c960e8e-4525-4e9a-a998-b5a39fac337f	5021
8b0f9b11-4dd2-489b-8aee-ff181b545ce8	5022
44ea0ce7-6163-4a48-817d-1666e7f77165	5023
4b8eac36-8a77-4870-99ef-4cb0d2a34712	5024
6018140a-da5b-427d-8cc1-b165a08897a1	5025
ca470d02-5eba-4050-a7f7-f3ab3474656c	5026
961b03f2-85a8-4157-8f29-6048b685a2d2	5027
6f34f90d-8b30-4b98-896a-423cf760fed0	5028
ba2926a3-d394-4791-af25-7db36093386c	5029
1386778e-e0ca-460f-8a6a-e09c21b2b079	5030
72b79862-f18c-44f3-95b9-f88f46655890	5031
964399c3-a4cd-4604-86d5-8051322705b9	5032
526669d9-0181-41c9-8165-a6b582f4667e	5033
d58ceb70-6329-432c-9a87-799e66792475	5034
8f32a244-b257-42ce-af34-1e9eaa68e60c	5035
b5330942-ffdf-49cb-8a13-b5d7b5d67bff	5036
fa7a1faa-02d5-413e-864b-8b8cdbff5037	5037
a586b28a-b1f3-4c20-964a-6a8501ee4aa8	5038
82540566-d48a-436f-9030-7bf44d8551c7	5039
fe3434c1-8928-45c9-94fe-2218eefb3d51	5040
584eadcd-e493-4c59-a1f2-9eea9ee399a3	5041
8b35d711-4731-4e7b-ac82-ce61c063c8dc	5042
8bb436cd-8fbf-48c6-9fc8-a172c27e24ba	5043
49eba4ed-cd7a-4940-97ff-488cb3ed551c	5044
d3a67e6b-49b9-4284-9b4b-e968a90ff3f8	5045
3eccf5d4-afd1-41c2-aa7d-70d579097e0b	5046
5e9a6985-3b60-476e-ba75-12fbc66918cc	5047
6c876a81-961e-4841-ae87-8a6b427c32eb	5048
19c960a1-703e-48e4-8286-37b3aee7a09c	5049
9352db97-0de8-46aa-8421-8836b62525c4	5050
fad5159e-4844-44d0-8579-c5976b70e5de	5051
01aab0a6-4225-490c-9001-ced92055f79d	5052
5447bba5-5204-4029-b623-127ea6352ae9	5053
0e49ff40-02b1-4ca2-a3f6-2e6bd8b08e04	5054
968629f7-1936-4a61-84cd-c8d49736aba4	5055
0f7be1c3-f695-40d3-a4a5-4ab25240a403	5056
5340dcd4-284a-4c72-bbd4-76e522da48e5	5057
3c2c34c6-11de-48b2-947d-6b8f96d59844	5058
9af2e75f-5eed-4008-88dc-d9491625434f	5059
05010b18-ba21-46dc-be6d-615d90170b8e	5060
12a9677f-d85b-45bd-ac62-a2cd74407b08	5061
0b461f11-c7af-4ddb-a30e-5cb0aabb3e7f	5062
e3f139c7-11bc-4803-82be-2bac85ca3c61	5063
b0db1836-68e8-4fa4-93f7-f19ea5fce809	5064
8446fcca-109e-4c6d-a2ff-5a269b32b4c2	5065
64f67ada-17d9-4420-8424-b3f4474d2fa1	5066
1876ccbe-cac2-459f-9c0e-6b78546bdbb0	5067
e7f29e49-6078-4528-a5dc-5d0eeb8a1437	5068
48b83db5-1aa2-48d3-8f5c-8cc1d585e585	5069
80ae2479-8c40-4a56-8bf3-b7a99cead1e4	5070
afb29567-f40e-4ff1-8e4e-e79b9246c0bf	5071
7dfda3d8-5cbc-494a-bb6d-6a04cf558294	5072
2b8cfa10-cc42-4ae4-b0d3-5937e03dd239	5073
650f324a-d5c2-4e82-932c-65ab37ac9d41	5074
1efadc05-01b5-4a39-9c6f-da5c975276dd	5075
66932740-f510-4bc6-b4d0-160bb1f4c723	5076
fb8ffabb-b6f7-46cb-b53b-91ca34bdd584	5077
e98e4a99-4cd9-48db-8fd7-da502c24a339	5078
30509c58-3d0a-45f1-a647-575f83561554	5079
11d0d66f-c913-4a13-9365-10d771f08cd1	5080
41de9604-10b0-40e9-9d12-a70a4f9050b7	5081
d2853837-8c5d-40d8-8e59-a0ab9ecc97f7	5082
e06947d1-43d9-49f1-b7ab-d45f4a42ff49	5083
e8fab347-1db2-4332-aaaa-ba1f48bd2ded	5084
44bfb6ec-6ad7-480d-a94c-946114b3d994	5085
6702c701-d0a6-4b12-ba41-1d0ee967a9e4	5086
17c1eba7-a642-4781-bb0a-2b515ba2e1c0	5087
deb706b7-d481-411d-b374-2da023eb114f	5088
f4a89082-4045-4e52-999b-77257a614915	5089
6d544700-65f6-4d57-b1f3-537fe713f82a	5090
a5564f16-c20c-4895-b039-63a259f10043	5091
930af6f3-bff3-4132-9c7d-bfdc1785537d	5092
45576ad4-2c90-4a87-b82d-56cac95273aa	5093
7118eb4e-5d56-4f1f-a99d-8a5cd44c0fe5	5094
05d60163-95a2-44e9-9c4e-83b0677d3200	5095
f4805b9d-68f8-438e-8f13-ec7bcb4c8581	5096
ec533821-fade-4064-a14c-4b5304b29759	5097
4187cc9e-339d-442a-8db1-f6cd481ace4d	5098
bf97de4f-c1b2-45a1-a873-72a071715dbb	5099
5837d14e-4d18-49cf-a759-e5818714bce4	5100
ab1b3f93-99ba-4a5b-868f-e412ab0a57fb	5101
0fd504bc-49c2-43df-8025-0966e065a37f	5102
0b6b5e56-9c72-4106-8285-60c4983af93f	5103
e2e93ea8-2273-4a31-b421-db16f08dc4cb	5104
091a8587-a6c4-47f1-9781-136b170e2521	5105
7a435f72-9ff0-4a33-b393-9a632d09a79f	5106
86809b51-cbe2-45f1-804a-e66eed635dea	5107
ab74e46a-714d-4c2c-90e7-b0638c863917	5108
be899560-1570-402e-9f95-3182898a8b70	5109
ded640b3-6c60-42c9-9588-7e59bbbf51a5	5110
67fb65b5-6589-47f0-9371-8a40eb268dfb	5111
3d74e38d-fe7c-4751-80fe-9b81fd60995f	5112
ca2f9ff7-c53d-4b8b-a687-a5001ce5fcf6	5113
9ef3d815-e095-4e9d-ae6e-a3a4d5ebf94d	5114
478e2b34-bda3-48c8-81e4-77efac91f3ec	5115
c24b47a1-2f52-44f3-a3c6-374dca844731	5116
3a714328-16d4-4cd4-877e-b2a6b870f3df	5117
448913ad-9a62-4278-abbe-07b35cae6c73	5118
a1abfe3f-8c92-4003-b2b0-e5ed817f1e99	5119
3ca37f23-fdce-49ce-86e2-134c9a17ebc5	5120
9dc135cf-2c68-4075-a7aa-8cee82225c61	5121
582c15e8-0f6b-4462-9796-85bae34173b8	5122
0ac9107b-d659-4030-82d8-93772a6ce487	5123
6ef3b33e-848c-4773-867b-5fb1397ef408	5124
c5ded58d-cab7-476a-8ace-b8fc9588050a	5125
fd592366-5acc-4a42-884c-4ead49cc7183	5126
3b35ac17-1adc-4008-b395-249547c19803	5127
593282da-814f-4733-9004-003598e8338c	5128
ffe16bba-4d84-409b-8f22-5242c60b930f	5129
ae7a3a78-abd7-4755-a102-a2d0d16b8b7f	5130
4b330739-961a-44d7-9743-1f595ff5abe7	5131
03f500d3-c54d-4b41-a3a2-49bac9349c2f	5132
757ffb3e-aab4-4635-a1f8-9a33f42fc3da	5133
8d2531ce-6782-40de-ad71-d64cefcd17f9	5134
60a7cabd-764f-4185-9b28-d095f116a81f	5135
7e9f48eb-9cd2-4167-b844-0f4b25cc3199	5136
2fdc1bf8-97cb-4b93-962f-d5ae29913433	5137
e9aed5e5-ed35-4244-872e-194862290295	5138
6d24f102-5c43-453a-8664-4ee092f441cf	5139
5dc71d30-4ef8-408e-a751-19973ec9d48c	5140
74208a0b-8b72-4954-9aa4-b359babd39bc	5141
4d06dec2-985c-4ffe-abae-b46372ef77a1	5142
397bdd61-95b9-44e1-90aa-ff27e6bc28cf	5143
1bc69a93-8020-4e07-8b05-0b63312808fb	5144
451f8f16-990a-412c-ab3a-b61e5d265b55	5145
892fb2e4-0af4-42be-9e60-22898de51d32	5146
c420390b-32cc-403a-b31b-b8ecbcec9de2	5147
a50084a5-7009-47a1-81b7-1bb18d09bda4	5148
b7999b55-a0b0-4ea5-bcba-e5cc86e2f134	5149
c4cfd21d-fd5e-45ae-88f2-413f9e15d944	5150
98b753e9-c5c0-42f2-937c-f74bbf4f35e7	5151
6c74984c-e6fd-436c-b46c-61043df1a0a8	5152
367a400a-ae44-4917-9756-d4912013bfd7	5153
af558762-abed-4f46-8324-34fc51f57b2b	5154
5e4e4d61-1ecc-462b-b6d5-79868054df0f	5155
a8ee8df4-65d8-42aa-a9cd-edfa5bab61ac	5156
f291ffa8-891c-46ae-ba5e-fd3c53db56f0	5157
f6db288e-0b52-435b-9927-454694424181	5158
e8bff2b6-25e0-4e58-a8bf-9c48ce993cd0	5159
7f606db2-b9f2-496f-a6cd-55e2548f4daf	5160
157336b8-55f2-4dc9-88b4-d2b101393332	5161
ca3bea8d-1882-4b26-b8bf-db9916d2686d	5162
eecf3a4b-1d2e-4c54-9a60-91ff9f8894fa	5163
dcebc476-b53c-42ee-9251-f946a4c3cea2	5164
40022d42-12b3-4c32-ab56-5e338b1aa1cd	5165
91f909a4-809a-47a7-b15f-94d6878b06cb	5166
323b0f97-bdd7-49ee-8b68-dfa7fe558e4d	5167
8b26c72c-0162-4cb5-aa9f-c22835988a25	5168
e4d7cfe5-0bed-46cf-acad-ab9a4dcb7aa6	5169
73415f40-b038-4d8c-a6bc-17bd270a4811	5170
9860edbd-a343-44da-91f4-e60026d4022b	5171
2a656ab8-d8f7-48ae-9142-6e56d1858292	5172
637e3261-3f47-402c-9dac-980de5317100	5173
05f92163-385d-4e25-b160-5e7bc478938a	5174
a68a1001-8a09-4d8c-8083-289885825200	5175
fac10a90-c2fd-459f-ad22-18c8a746fe13	5176
09031726-e342-454f-b48a-8c5824b3827f	5177
13766a59-80aa-4ae3-9451-5a94b15f5dee	5178
d935bec6-cab7-46cc-bf8b-ca089563b985	5179
00dd15c9-a16b-4c6a-b9ec-941be6b51f4e	5180
5dfe458c-7b7b-4275-9448-88049cc2a3eb	5181
7b3f60c5-5a3e-4045-8bf4-6de8161e2dd6	5182
52f612c7-9388-47aa-a3de-494d673671ac	5183
e0d00886-c147-453b-be56-aaf4d3e3c09a	5184
6cfd7ffc-824f-4219-8e27-4b9417700f44	5185
d2101821-81ce-4137-bd14-7ed09ecf5531	5186
7f4d777a-3cea-43dc-bbbd-c08ebeecfab0	5187
e0dcedd1-c257-4cd3-9bd9-174a27acc1ea	5188
600f0c0d-ddf0-447e-b282-38aaa97f76dc	5189
a201fa9d-5896-423d-b629-327228c62a7c	5190
5ff2bcf5-6c76-4731-b223-9820427b44d8	5191
c6156dc9-9e26-430d-adfb-55ca745f017f	5192
e3c5a219-8d32-4b10-ba45-31bfa677e821	5193
332228ce-fe8c-4a5e-90e0-e1361553e5ff	5194
22c5cef9-80e8-48d2-acd3-6d16f6c8a16d	5195
28b2fb52-a83a-40ec-8617-6436e26eb3fd	5196
5803c81e-739a-4057-9a5c-cf84e55db630	5197
9971d692-1496-40ed-829f-837013ed2f40	5198
fc2dc66e-2546-44a3-b853-1ccc7df4ee1b	5199
b2e260ff-7718-4f70-9d4e-cc14ee784a0c	5200
da7bb7d8-557d-4635-9ca1-e6e985525bd5	5201
5c35099f-afd5-4a13-bb4f-0406ca422d59	5202
519497b1-7c50-4492-993f-1819ae12bfc5	5203
f33afb93-8d58-49e6-8546-957a41066ae0	5204
b1a5d6ef-60fb-476e-b381-c867b92f0384	5205
e0fad3ff-1b27-4e65-95ff-818c7f45b630	5206
c310b8e8-468f-4189-9b72-9589a2ff275d	5207
e95a296e-a34c-4496-9a7c-a95683d487b5	5208
fd9ad80e-b0e3-46e0-ab43-4a8ec0db6f5a	5209
02a6e3af-0c07-4b9c-8271-88c09ef9b0e7	5210
6e0ae159-8449-4262-bba5-18ec87fa529f	5211
091547f6-bf0d-47e3-bb4d-e3b5c5f4caab	5212
bfd88f45-f0f8-4fae-a895-d96cc8732181	5213
1d5ff878-e2c6-493a-a7e4-51ee9f0663de	5214
5a30844e-785d-487e-824e-0d9c9d3f654c	5215
30f3486e-1def-4fc4-b47b-5283eca9295f	5216
73a2daa7-9469-4789-bd2d-41c48831d614	5217
e5622f32-faa3-4145-ae93-a7e413b1568d	5218
499c7cd4-0944-4333-915e-97f76d160087	5219
8805d388-ce78-4683-8205-1193352704e3	5220
7f67cd3c-4fcf-440e-b46d-7960e208ef8b	5221
8d3c48f7-f8b7-49fd-b5d9-d23d52b7e2a0	5222
82f8da4e-59e5-4bbf-b210-7d1a5644df48	5223
6f3d4a7b-45b2-4c08-9306-8d271e92cb4f	5224
3a238c56-3790-4a6a-89af-4aa0c71fa732	5225
73ed4b14-e573-4dff-b952-04ad3c752c02	5226
f9c1cc73-36ba-4f8d-ba12-7d2490608886	5227
b34c89a5-2704-4ec6-b9a3-f61d2ce4537f	5228
03ba9e7e-0452-4f39-bd3d-c29671155122	5229
792f877d-8c68-45db-871a-085643604b49	5230
a95d02ac-40ab-4551-aa3c-cd12d201ace4	5231
c943ce99-e274-4a17-983a-707f8630503f	5232
e5892cbb-6673-42ce-b512-f244100ed024	5233
0e9d0de0-db26-4204-b141-3fe2ddb06ea4	5234
122a2714-24f8-4046-a532-64064b5076d2	5235
09f50a8b-0f8f-4b86-9805-513d81691a03	5236
8a1399e6-61ff-49c7-ad6d-edf887756e34	5237
06a4a555-1b69-4175-83df-2528a8e5af05	5238
36b7da58-858c-44e2-b3bd-d2e88bf02f7c	5239
11780147-21c2-4060-abf5-b0804119ef50	5240
5533fa1c-4102-4ae7-92ae-78dddb17fe7f	5241
473ad870-79c2-456b-9680-4a73162b59c0	5242
334cd452-8833-4da4-8f14-90136cb0492f	5243
455aca99-38f3-47cb-aa6b-820cf9de3c91	5244
1b15e90d-910c-4be4-99cb-463772a6430f	5245
56c2dfbb-6b0c-4a11-9673-67ff03e4b17d	5246
908fedf4-548a-430f-b806-38fca9507dc4	5247
a4362f27-5805-4e47-b327-2e9ad0e1a483	5248
f1726af1-e797-4679-88d7-2ef6abcbec76	5249
0bbf6285-ed14-4365-bc1b-473d596d0101	5250
6b49bc68-353e-44a3-ba64-3ba4d30b1beb	5251
3bdf5095-d3a7-4652-aedc-313132174f44	5252
1063391e-8bca-4987-892a-9789073c26d2	5253
68f19808-1f7b-46d4-bd1d-71aaf0f6b267	5254
cfa7c6b1-bbb3-4f9a-a636-cbfafb9b4bcf	5255
8bad6c8e-c8a1-427d-b082-1275e3ebbe60	5256
a1235272-3650-4ed7-9317-5a55a08701ec	5257
dbc5809c-7837-4b6f-961e-340d64fbb41c	5258
fe7245e7-d734-4ca1-8e26-691883f58201	5259
7bb60591-46f3-4147-b692-1814a87e832e	5260
1c893468-37a9-4fb7-909f-929751a8ebed	5261
4682d640-819a-4f71-9e7f-84be13a5e76a	5262
103d9720-942a-4400-8c3b-3eaf76852a2c	5263
ebcd0bad-75ef-4203-b7b3-7af38a9ef198	5264
db21a231-40ee-4c18-9604-bd7508a05998	5265
e82500a8-70ce-46ad-a028-b0690420d560	5266
7bf711e9-4e69-4e08-b6e8-c0cb5805f1e7	5267
75472b2f-55ca-47bb-a192-5ac8601350ba	5268
061c4920-3ea6-4835-98f6-02f3b82f5e3a	5269
0f9997bd-e079-429e-8ccd-9378c9b0c746	5270
a4c73ebe-b2c7-4f13-b99d-2fe1f9f27da8	5271
8247a3f2-3a8e-4256-b322-6c57b03a4e36	5272
197db30d-0886-41ad-908e-c9dd70e62739	5273
ba7d2626-38ce-4859-8495-bdb5732715c4	5274
01e60eba-52df-4694-8f09-39f43abe54e9	5275
f389b62b-24d7-4731-b07c-013263f9e92e	5276
0a139cda-a6e0-4fbe-9aac-fc2534bd44f2	5277
86b66dda-1c6f-419d-8a73-b5b216766151	5278
52546f37-8b28-4cc8-93e8-c3005a2483d6	5279
979d10bc-d1b9-41b1-8a87-7a7c68cbd885	5280
5a8e8239-bdea-45bd-9e28-04ab6f6fdba6	5281
542df002-31ee-480c-99fc-7235d883636e	5282
97f3a6c0-fe2d-465a-919a-4269cbb735d6	5283
cb1ca13a-4821-4e66-aff0-0fd6b3dc9a81	5284
c71dd65d-7e23-42ff-a129-4bb7de341e4a	5285
a056173b-7160-4396-b46a-2c279a3eb0fd	5286
4d37c490-4b81-4cfc-995e-ed6605510baf	5287
cd9713d6-6e5f-4143-9412-4d12b7bd47f2	5288
47ec3234-6b15-4f5c-9b48-efe7509fd7b6	5289
a629f8fc-5e7b-4085-8d6b-e4a392933e9e	5290
1b75ee35-1a0b-4ed7-8881-bf1e8548d15b	5291
72359492-22be-4ed9-aaa0-efa434fb2b01	5292
2155a81a-f0c6-417a-9b16-2f86f98bb8bc	5293
e48d590f-1352-46a0-9da1-2ce4ec6196b5	5294
835cbbdd-4a59-45a9-bf37-6d2050aec2a9	5295
e7cab571-1fa7-4ccc-8fb5-b4f1093df973	5296
31bea673-d23a-4889-8da1-7cb040863268	5297
bfaf9b70-d1fd-4d3e-b730-3e67e6f8f9bb	5298
5a8e07d5-d932-4484-a7f7-e700793a9c94	5299
ae33ce8d-f41a-4f6b-b9c6-7859acbd04ef	5300
fe37acd4-893c-4b2c-8ad2-7fd394280354	5301
a0b2f210-cd3a-453d-937d-e4f2658d17c7	5302
63b43c69-b822-4268-bdad-bcde12531f50	5303
23207c32-6743-4982-9f46-e297b2e4eb14	5304
71b03238-e53d-4e1e-9b3a-6ce1dcdf2894	5305
ce8dbfe4-3ce7-41e9-9bb3-13e35c053318	5306
e8414012-4a1c-4ad4-be5e-fc55294e28cc	5307
23b0f3d6-ba54-4597-a1c7-24c6dd348ef7	5308
8bc23f36-2d1e-45c5-ad47-69e402b0923a	5309
64f6b004-c20b-400e-acf4-6620ff8791b1	5310
8799413d-7df8-4eb9-8542-af8cea6b0feb	5311
9f0c6891-89e2-4042-a4f5-582b48fad0b3	5312
8e678953-c97b-435b-af18-2425b6db71d0	5313
6041bca6-d070-4894-8019-da9538f2c33d	5314
1377b006-bf87-47f8-a077-265395d3d04f	5315
83d401e8-3322-4491-98d3-ec3a567c5047	5316
1978391f-956e-4fe6-93c1-5053b43138c7	5317
9774cfd1-8862-42bd-919e-156c31f079b4	5318
c2b8f775-455c-44c3-97ca-f377938da19e	5319
f94db5b3-9260-4e81-9d35-6806e50c713f	5320
b60527cc-54f3-4bbe-a01b-dcf34c95ae14	5321
daf21090-1c0f-46e6-bd76-9cd4d6ef7128	5322
5c2717ab-3b1e-4043-8874-e88ecf391cc9	5323
3eab4de9-a578-4327-8909-f90ffc1b8ae5	5324
52f2c49e-43c4-4716-bf4a-0eac1c651d3a	5325
a33646d1-5284-4b6c-82ca-b688f29319d6	5326
9a593aff-62c9-40bd-9631-1697798adb63	5327
5c01ba41-ab67-47c4-ba4c-4f40b2724afd	5328
e80dd805-4d5f-496c-aabe-68dd77d21eb3	5329
6cf0df83-ff72-42ba-8332-d0f63916d758	5330
da5ff827-174b-48d1-9a39-9fa290bb2925	5331
b53868c8-3654-41d3-91db-3c5a1237f0c3	5332
6605c2c6-f115-486c-8b1a-b786882de463	5333
933fdeae-ec68-48e9-a752-8bcfd44bc429	5334
2f43e416-f1bf-4f04-8853-a0019aa12441	5335
8300d0fa-d120-47f6-a84e-91f140c74767	5336
b6fd4928-89db-4bbd-b5f4-8fb98f9f02ff	5337
27870d47-bb98-42d1-bf2b-c7e972e6befc	5338
7640225e-5758-40e2-a37b-971c2a7994b0	5339
8f831f50-e409-47c3-8598-71a61bc8cfb3	5340
65744963-191a-44ef-a3c7-b693a808a158	5341
5b86617f-e775-4675-b6d3-c4ad95d05409	5342
ee1ed7fa-26d6-4022-be87-74ca4adcb681	5343
f5b6d250-2cf6-44d3-b6ff-b91c0215b583	5344
b1865773-6b30-40e4-87bb-906bcbc45f91	5345
0d32d0c9-69aa-407c-93e3-92b72e471d37	5346
b4013ff1-d7ce-4b1a-af6e-e0b19ca7f378	5347
e9ce3f55-b35c-4f8d-8304-be24f381587e	5348
0fdd65ac-1b05-4043-b77f-24ec47f3657e	5349
4ce300da-25fb-407a-9b6d-f2754f069f8e	5350
9cbd1b43-83a7-4a94-9515-d4684ec8e699	5351
d52ac009-4ed5-4d01-97d5-8280bb7dd460	5352
cacbe57b-02d0-4d21-be86-c8a3a5ea6e1e	5353
dba14974-c3a7-43db-8de4-cfa996c1b05c	5354
7ec0b91d-c6ad-417e-934c-decfdc45bada	5355
0e422e91-a42a-4b4d-8413-9baff67350f2	5356
f4038a4a-77af-4363-a2a8-5d847bb7f1ba	5357
9e5aee7c-2dc8-48ab-b6f9-b050dc51e6fc	5358
21c5fb53-6fbc-4080-989a-b26d4540f4fd	5359
f19d3d49-be22-4ca6-9903-64d86984fbf2	5360
1bcb61f3-ca9c-4a26-b16e-0547ad6c21be	5361
2171e02c-e6c5-4109-85b7-ce4f13576a36	5362
dc6f8c1f-626b-42b0-9115-7e66ae4cecd6	5363
53d86951-706c-41c8-9053-a713ea972395	5364
52e50090-9a6d-463b-9cf9-ea5de196026a	5365
0b8dff0b-ce42-4cc6-afd1-1841f7781ed4	5366
1efe59aa-d9fb-4293-b431-75b6c3fb9bcc	5367
b88ca659-0393-4a62-abd8-f290e6c7a7e2	5368
39211611-9744-4c83-a0c4-5bcd2f480b61	5369
331ce348-1b08-40b9-8ed7-0763b92bd003	5370
8c7a8406-f15a-408d-b0f6-23be813bdddc	5371
d7064740-c3f6-4bc8-be8c-3f6e0e888ca1	5372
435f1441-0f43-479d-92db-a506449a686b	5373
8f632c44-c97f-4b12-b1cd-caf2c6e2ed06	5374
b1c124b3-cf60-41a6-8699-92728c8a3fe0	5375
81bac815-97c5-4723-8f0b-4d8edfad1010	5376
1a04c478-a260-401d-acdf-ecd5951d3bc9	5377
8d5c558e-44a8-4ab1-a4f5-98ae971f1029	5378
08962fc5-ed17-453b-9c68-ff7922eb4957	5379
28f93e8a-43fa-4cfb-aea5-11252ff937ab	5380
5e8352ec-4048-4cae-bc4b-86b060073e01	5381
9701356d-08d9-45ba-975d-977ab466e7be	5382
8448783d-a68c-490f-b5c5-4a6364ef5537	5383
2a3adca8-59ea-4180-beae-015eebf03328	5384
1595addf-f76b-450a-a097-af852ff35f27	5385
2996c6a2-215d-4f78-aed6-81a130b04816	5386
d1111f0f-33b6-4182-a280-11e2b2984115	5387
20f2dc05-9332-4760-a72c-a19fffc711e9	5388
a818c24f-d7c0-4420-afe9-09971652b87e	5389
7057a0c4-481f-48c8-9c64-28d8400539ea	5390
4cb159df-bd09-4f42-bfec-09b6a248a52f	5391
1975afe1-8ad0-4ba0-a4a4-d3acd2ba9d5b	5392
da785f6e-86e2-4efa-aca6-6c3cbd15d91c	5393
dd8e742e-48df-471a-8fd0-fc32b06f3e09	5394
15c5c0de-b8ff-49ab-8a58-506c89453f03	5395
7e786a4c-c743-4713-9340-a6f12d8515d4	5396
c56dedb7-c608-4f94-a4e1-c2a066fd029b	5397
5c4c90a4-539f-4101-83cf-301bc6a94e06	5398
3bf74908-e8b3-4158-8fae-4fd795bb4474	5399
ea7aba28-8853-4e30-83b7-7deeb3da36cd	5400
b918ac6e-15b2-49f8-9836-8e67f41e310d	5401
e68a900e-4fae-493a-84a8-f76ab62d23e4	5402
75d98827-d476-4112-84b4-44b5495581c6	5403
0cd117b2-2e21-406d-80cf-5ce0a6065e37	5404
df142807-4228-40e3-b338-1d18030da85e	5405
dbaf944e-756c-448a-b8fa-da284c585413	5406
7b353d3c-2bd9-40e3-a21d-b7da3f941339	5407
751e517d-9663-4692-8c20-942e16d484c5	5408
8b86576e-1cf5-46c8-970a-a79d13c2e0f0	5409
81fdd079-7d05-4ba4-8577-9500df6a8c4c	5410
e280268a-a5ab-4bb0-be4d-ec470ca59131	5411
9bacf78f-9132-43da-8873-8a9eb49da0e9	5412
d1153c78-ade9-44bb-b85c-1880dc7687f2	5413
4c98aa1b-34eb-4336-987f-5e50aa059c00	5414
d048022b-8e7a-48b4-be28-638922556639	5415
aedd8552-370c-4db0-b0d4-e20d219ab16d	5416
90270118-8ed0-4446-bf97-8a09b3f9e8f3	5417
d574c9bd-46f6-440a-8d6a-8412a283eeb1	5418
3f64d38c-1ad4-4fb0-941e-7f4b51d4c9e6	5419
502b3244-0f7d-470c-99e9-b17fe6bcaabf	5420
21fe27b8-e059-47cc-9064-8bfff4bacba5	5421
b301b2f3-74bc-4c44-b3a1-a3011d32b158	5422
97b4d57f-55bf-447f-a1ac-c64da34cc097	5423
bd4d397a-849a-48bf-be24-52eec87feeee	5424
da12455f-733b-46b4-ad6b-aa575914fc6b	5425
27ca69f8-7ea7-413c-a139-d357a126d8fb	5426
d660f9ed-f11b-4698-8058-36a578bf54e0	5427
3ab7295a-54ac-40e8-b1b2-3d110a143550	5428
a56f5af0-3e87-4877-b68f-390f62903381	5429
373b3663-ecc3-40c4-9241-838ae8ca34d0	5430
8d173bdf-c83e-42d7-8355-c8d6f0d10c0e	5431
1a1b956f-afa5-4067-b074-48bd181c647a	5432
acb79377-b47c-471e-a837-5b9f2d271e7e	5433
437a0e49-c6ae-42f6-a6c1-84f25ed366bc	5434
f4c53778-e48d-4da4-9ddd-cc007f715d64	5435
93560313-3950-43b9-ac4f-7ea3b4e79e60	5436
09e126f5-28c2-426c-bc08-6fb44ef8a9c8	5437
ebb960dc-44a7-4227-8b56-e1bbca0c77de	5438
0bf0cabe-def2-4113-8dc5-6e721b9c3a92	5439
090c5dfd-9d8a-42dc-a555-8d566d8680c9	5440
e6de1f3b-6484-491c-88dd-6d619f142abc	5441
0b0c25f4-f31c-46a5-a4fb-ccbf53d663bd	5442
1a472ec5-97b1-482d-b17a-9a3d6b3dbcaf	5443
a9640bb5-024c-4bc2-9d07-cf5a061a0929	5444
746916c9-fd36-44e6-823d-03185e596f58	5445
a7f7df4a-77d8-4f12-8acd-5c60c93f4de8	5446
055b084a-9a90-4df4-b2d7-1c1192f9d144	5447
cec59910-2d12-46ec-8e39-85ca06acb0ed	5448
90a7e893-2a30-4049-9ee5-832a77c5ab38	5449
ae3f6a8a-c465-4707-8667-8ce0172bc417	5450
4a438422-be3a-4359-98de-4d1d62ae1860	5451
bcee5ec3-036f-4211-a32a-3dfe8afcb4d6	5452
42e49814-6058-431c-80e2-a3aab424060d	5453
4c7a5854-6b75-4623-a684-6a3d785d9015	5454
d5d97b2b-b83b-4976-814a-056d9076c8c3	5455
c77c5485-ec29-44ba-8b89-376c1af87137	5456
e12cace3-8880-426a-a6dc-5e9b7ccfacfd	5457
411f606c-ed67-4af4-a765-1de06938f45b	5458
e8d1f02e-7e77-4415-85b6-dc17e08debbf	5459
2865730a-5757-4005-875e-84d6274cb1c0	5460
85b374ce-935c-4a56-b40f-107ec8d72b43	5461
5d7c4cfc-29e7-4c83-8893-ae02679fc9f4	5462
e74d6546-7d69-43aa-9580-51a80cd9ae54	5463
b8964f14-e88f-4070-8ed1-fa18ac44e034	5464
6f29020d-49c1-4e26-869a-0603d14b7ca7	5465
134c8992-069e-4561-8d12-cdebbf5fbc34	5466
117a8255-3b06-4339-b5ba-038d0fdb6a85	5467
b8ce9934-9ad5-4817-940c-44277703b0db	5468
a31c5ea9-b550-447a-b2ee-99b08e8c4825	5469
dda71dfb-3df9-48f9-90ac-577d3d2b2a01	5470
19cccbd1-cdf7-4b41-8b08-3afe828fce42	5471
a3021c97-6b0e-4d92-9fc2-75c2b3a18e8d	5472
b311a013-de7e-4c25-bece-afb02c8a81f6	5473
491244a7-ed6c-4fe5-a19a-0170a014f7ea	5474
8a82e15f-66cc-459d-9004-54b1207aa358	5475
ad7f6f52-e243-4bd0-b077-a7f08dc66d06	5476
b1264c05-e85e-47f4-8d05-da443eedc8f3	5477
c072647c-d5c9-40da-b45b-ff6142c91ca1	5478
18c2f08b-bdac-4877-9865-e5461317c1a6	5479
8cc8eb33-616e-4392-9fe5-28b1fd15adad	5480
d80972fd-c950-45ef-bba6-31a94bc276ce	5481
09cb2f95-0cde-4fb6-a318-556ef3cf8deb	5482
c81b5c1b-ea8b-4db6-8a2b-dd6f6349d469	5483
11293854-fc44-43e2-bb37-c48e5063bb55	5484
a65442a0-7cf2-4994-91ab-aa3d3bb7c960	5485
150e14bd-915d-4574-b574-f77dd7ea72ad	5486
06fc1189-d7cd-4344-b09a-51cd82cfefe5	5487
2b5929bc-ffbf-496b-a66f-90dae13cbfe7	5488
5e3c8159-f9a5-465c-aff0-98af8e9d7bd6	5489
117161fe-f9ae-4e31-be56-246e2a47cfd2	5490
dea28aa9-1086-4ffa-8739-0ccc759de1ce	5491
b1409767-1988-417b-851b-f43b0f96585a	5492
7e498e43-5863-4e38-a1b1-e790a2aebe3e	5493
bb8cf715-5ff4-4445-95cf-b4a1774c7038	5494
95b5d5b5-46c4-4c3e-89d5-ffe9236427ac	5495
0460fa37-b2e9-4607-b295-5654ff51cd35	5496
a2b1a5f6-92d2-4039-8e55-47360a77957e	5497
d0416e54-bd61-4498-af75-34ebf0cb84d0	5498
45926800-aa45-4bfc-a1f1-b25416d75215	5499
badb2825-7965-4c91-a8c2-3c10d9b6ad00	5500
a0f7a7d5-33fa-43ae-98b2-6aea41aa9f64	5501
6427d4bb-1a78-4b6f-b222-514cee62df58	5502
e033bee0-7b39-4ff7-86a0-c189bf57e35b	5503
a6b93c3c-88bc-431c-a46c-155dee9371aa	5504
9d5827f3-b556-4da0-a6e2-fb36da4f794f	5505
cefd870b-3535-4ad4-baae-378594b57a14	5506
cc6d62db-32cc-43a4-83be-e6187e35f34d	5507
b7723b3f-9a35-438d-bc42-8ad8b5e027ae	5508
eb6595d3-e559-4bcc-a516-843bfdba82e9	5509
a6de8ef9-b1a1-4756-97aa-481bbb8a4069	5510
8fbd27c9-f680-4dfb-b752-90d5e988367c	5511
41f0dc28-8482-41b8-b28c-05ac31af0928	5512
14039c7d-b67e-46cd-9cf3-f252d0e83879	5513
f6f69dba-4c49-4f1b-a6bc-678c1154f32d	5514
5cf90458-ee67-480f-a575-d27684e7cc14	5515
355623fa-70ad-40af-82f4-e7a132b6f173	5516
f07dbc2f-317b-470f-bad4-5f1b0eb6faf1	5517
45d91b0a-27b2-426b-abab-046fdd9ee575	5518
e2c7d7a5-b520-4232-b7cf-aaceead17b6c	5519
f363617f-56bd-41fd-a00a-166cf288ef54	5520
2f911bc5-8619-40c9-ae9a-9c6250ba5b25	5521
e60a4481-472a-42cf-a84d-6a9419e4e5e3	5522
6c1904f2-dacf-4389-b828-d2cedc6f12b4	5523
856e486f-21f3-4203-a5d2-e30993988b38	5524
9bd1e632-b17b-4842-b520-ddfce3b538b9	5525
f40ce903-d349-4d27-8d76-8efac34ae59f	5526
5bf56119-bfa5-4d7c-807b-8a6db6fb7c1f	5527
519a4f81-c149-4f6c-85a0-3628bbe94d75	5528
5b9d784c-33eb-4a78-a976-c97b672370fa	5529
7d137f81-27a6-4c65-bf78-186116368860	5530
68efbbef-3e2d-488b-ad0f-ca9b7e4f0d46	5531
7bf257bf-19a8-4205-8ae8-98511e50b719	5532
9bc2888c-f4c8-4cfa-a2c6-7384f331fa01	5533
d5117e51-0b4f-4e95-aafc-352617eb47ae	5534
270ab891-a8f7-4887-b5b2-7d8e95172a59	5535
fabe6510-9bb1-4a83-af11-3af75adc1389	5536
974fa09f-8761-4fbb-b156-390417d125ae	5537
5ae54dee-4dba-49c0-802a-a3b3b3adfe9b	5538
a1154343-1ea1-4007-97d3-2382482a90cd	5539
0145f13d-4c4d-43b5-a7fb-cd69da8ca202	5540
054b0483-eeb8-48ce-bb72-f1cb57ff44f9	5541
46160439-9999-42b7-b6aa-a8fbdb468282	5542
fa263cb3-205f-4a7f-91e1-94e3df52abe8	5543
d60c3d0c-38c0-4c89-b282-54ee9452d1a7	5544
df3f8407-f82b-4cf6-9145-6e09f9e79b85	5545
fd09d776-ddfd-4558-afe7-814420d704ed	5546
eca5dd0e-edc7-4658-85f0-762e263b4acd	5547
1859d58e-9f33-4004-8732-1d583e7a0dd7	5548
9072df14-b61e-42e2-b4f4-6bbb7fdb5586	5549
ec3d0f8e-6053-4b64-809d-0f30a09aae1d	5550
f5586dfa-7031-4af0-8042-19b6a1170389	5551
8716f569-77ce-4044-a578-26c2f142c67a	5552
e6fbff56-aee6-4f80-8f6f-d8c345694074	5553
178220ff-ecd6-4fd2-aa0d-79940a6219a2	5554
88147564-b18a-4234-bff8-d48017c60599	5555
5ea35484-b550-487e-8305-c424cb5420b2	5556
9a20cd33-2391-4851-aa4b-28874447709e	5557
edc88ebf-4790-4cb8-8a40-13efda4a00fa	5558
e586991d-65d4-432d-948e-9f1ff6cff42a	5559
cc228c72-3564-4887-aeb8-4b270929e4fe	5560
8bfc8151-dc70-49e9-a062-d273dc6755df	5561
4a180f59-6f6e-4fb5-92eb-473d075f7032	5562
721b028f-aa1f-4aad-ab4d-4e6efed277ca	5563
acf92e3f-6117-466d-93ba-362bb9d3b5f8	5564
bbb8cabe-50e0-4a97-adc9-87206f20ea6e	5565
8bc8de2d-ee8a-4cb4-85c6-fac1c9f007a5	5566
ce0afedf-1a1d-4051-a147-08d035b466b0	5567
7441bccd-67f4-4294-90d9-f9fd1bb4a37e	5568
8dd383d7-2481-4d53-ad3a-bbd183d03795	5569
5acc8f55-0a77-455f-bba4-f2f3c14f509b	5570
000fecd9-ae03-49bc-9a08-636dde5d405d	5571
b4afc42e-29d4-4273-bdf9-df545e081ef8	5572
458dc7c6-8d7d-437e-aaa6-c2be199e9697	5573
58500f03-612a-4b0b-87c9-abcb2eb7d7c7	5574
6afa2cca-c459-4ad4-8325-9fe769d700a2	5575
d6ed84da-0414-4c44-ace7-ae491ce7d999	5576
00370693-7679-46c1-8ddd-63e1d082c459	5577
391846f7-f09f-470c-b188-c16b3a2022e4	5578
635e2a34-a566-47c4-b61d-fa5d203856aa	5579
2b87a2be-702d-44b3-a1a6-5d111a5d8e52	5580
8179e236-86df-459f-bd51-0107138d0a6a	5581
74cad662-0eb6-4044-908e-04680457957a	5582
f03e48da-f91f-40c3-9738-b450cd1676b3	5583
d4309bbf-2b97-4eb4-8866-fbc647fcb36f	5584
9dff4750-8055-4a7a-9d97-c756cacbb147	5585
8a661dc0-6591-4069-ad7f-8f46312b34aa	5586
3f23c754-8049-44bd-92ca-44a4bacb4380	5587
8f389bf5-a950-4a2f-a962-daf08151ee33	5588
9a9333f5-42a7-4de6-bc36-46a705a5c26c	5589
032f633a-db44-4ab4-af09-a892de2a8773	5590
9b733899-8bf7-419c-a26e-2b61ca8499bf	5591
cd9e43ec-12dc-4567-9c60-1e554164cf05	5592
1bcf0ff4-a5e6-40d2-92e9-1123fa4892cd	5593
094952ce-9f96-4e27-88cf-76f98bdb7555	5594
9e2cde4a-3241-45df-b122-f23ffcce7093	5595
463a98c2-c430-4867-9abf-78a840812925	5596
7fb62a5c-d1d8-40e5-ab30-dafe4f74b07e	5597
470b3b55-53fd-48fd-98db-238b1f169e1c	5598
e0bba708-bdd3-478d-84ea-c706413bedab	5599
cedf92fe-eba1-45e2-ba16-b1b6af5169b8	5600
329f95db-f02e-40bf-a5f7-0dea11529ce3	5601
f1c15947-df08-4de9-b266-5f554ba05527	5602
05fd92f7-60d7-4fe9-95e2-7ff597e755db	5603
1507b368-e660-4c15-af94-3f5603561045	5604
d1c6dcaa-751f-41e7-8dc5-7db2b30a1867	5605
0637b9fc-5864-46fe-9dcd-487c5c0d213d	5606
db9ee7c8-d0b7-4004-972b-62d99dcd2d15	5607
46f4e349-ddec-4131-9367-91b630a821d0	5608
c5a0743b-de76-4311-9a11-c49c8733aed1	5609
ac9b829e-9a7c-4331-8abe-ab1eb49d1771	5610
1245270b-3c9c-4c60-ae90-954a771c6bd4	5611
8c40eedf-e858-4208-bcc7-05e45bc76646	5612
ccf7ad87-59e2-4064-9faf-f4027a8108fe	5613
6b43e5f2-49e8-46ce-94cb-a9b23e5bb4e8	5614
2fa478b1-dee0-428c-8e18-8b0b6608b2dd	5615
dcb2955e-ff59-4ff2-a608-cbb90ee3ac38	5616
48ec4bb6-47a6-4e2c-8287-7617464eb193	5617
071cb80d-a198-4f88-b41e-f4dd9a65ec80	5618
f0a96ade-9353-4d89-84a7-0b90b0f21049	5619
ec4e96b9-a5fc-4eea-9c69-2cc2a395f46e	5620
1b10928e-d6ee-4a98-ad2a-4b935a12d9f8	5621
cbef45a9-7acb-4325-94c9-70081ac8d1b8	5622
8682866a-4f7a-43f5-83b2-06eabd0f2d4c	5623
fa34b363-79df-434f-a5b8-be4e6898543f	5624
900fb180-4427-4e56-a99f-84adb74bd3bd	5625
5041fa92-55f8-4bcc-8021-3d0c876ab795	5626
4372b332-2920-4258-ae59-f4735a8aa34a	5627
80888ccc-c2e1-4fb6-a286-5b68a756a768	5628
9c1e63a7-daa8-4a05-85e6-bc8389d7d551	5629
5385c403-1c49-4f2f-9b98-7085b5c84371	5630
56d6a50f-4be2-4796-9709-7eb88c45b63b	5631
63ef369f-5a88-4a95-ae58-7803160b08b7	5632
828d31c5-d15a-4109-9619-ba350309834b	5633
a73c7c82-121f-459d-a4dc-6a05f0e7d705	5634
96cb9364-e045-47ae-af66-298ce0dc6895	5635
310e4c19-d810-42f1-947f-76889e8bfcf2	5636
7db8b02d-970c-47b9-a14d-4ba2567901a2	5637
39d6c679-b41c-470c-a755-4566bde24063	5638
8930ec4e-51c7-4905-ac40-684459878085	5639
a9965383-6bdd-49a3-a4bb-4f8008b9d80e	5640
8ccdcf6c-94c3-4030-ba26-18c538321b13	5641
eeccb18a-dcbb-4f98-939b-6dc86a6d794f	5642
a27207ee-a79e-4887-aa65-e644d2702f5e	5643
afb8f901-d846-4c70-a898-59bc183d1da7	5644
cbb99c0a-77cd-452b-988c-9829db491134	5645
c2b5da4f-31c2-4a02-80a1-e00008378157	5646
bb44b574-5e96-49a2-81be-82f439fd8868	5647
2a63d0e8-dbce-4ae9-898a-3e6da6c5d2fc	5648
bd9c9941-9ad3-46ee-befb-6709c8f455be	5649
b9ffe330-729d-434b-b34b-9dce5bad0f70	5650
dea76e62-a6c0-4da4-90ff-e0deb2955a9a	5651
5abe0fc1-63d1-4dcd-902a-be4a5a46b90b	5652
52adfa3f-a578-4b86-8aaa-3b35d25bf91d	5653
84b8d693-3136-40d7-aa4b-540c9edb503e	5654
c7752820-4cef-4435-abf5-e60de2efe2a2	5655
ba07ae41-8e41-4411-bcf6-e37e4864d821	5656
2bfbbdb7-f559-43ea-952c-af45496c5fb8	5657
039cafb3-4f3d-44a9-b956-7705323f025b	5658
a4772e12-bda2-4df0-9c3c-8733933865d8	5659
1f3b044c-8671-4958-ac9f-96e61d5341b2	5660
adec1fc3-83c1-48f7-9e49-8347ac6d40b0	5661
36a6f894-ef2d-411d-aada-07a6e4d76596	5662
a444f8ff-2f8b-438b-a680-32c1f393244b	5663
6edc70bb-c340-4ae6-bdd4-d5fb0c7411de	5664
34b67ccb-3bcb-49a4-8109-1c5282b1e0a0	5665
faf66a9d-12a6-414b-8f26-35ec04bd23d5	5666
5d69eb74-60b2-4b85-9a2a-bf4295454140	5667
26a8f32d-dd36-417c-9f5b-b270c5b873fe	5668
57652bf8-cfe8-42e7-b9a7-5572a7080d8d	5669
e4b7fbf8-2af3-4364-8d9a-feff3c396d0a	5670
f4591a29-b59a-4160-8726-da8001b2c3d6	5671
a21318db-f228-4a4d-8bce-6947a62985a5	5672
41521210-ef91-49cc-9b0b-55ca8f9f053c	5673
63ff523d-10c3-4e77-ae3e-fb410d2809e9	5674
31810c40-932a-4f2d-8cfd-17849844e2a6	5675
0568e321-d42b-4da4-a025-2643c9fc13dd	5676
49f94950-27f1-4167-98c4-34a430a41074	5677
e9022873-c482-46a0-bb78-33c15fc65b3b	5678
5f86a079-be87-4eb3-8709-afe2498afa37	5679
a6413bbd-e62e-42be-98bd-f42f7bba8e23	5680
71297544-fd63-4c1f-8bac-5838ca201e3d	5681
a22d9d0f-2c44-4220-89d5-242ada9c45b3	5682
91ef1bfe-6406-43ee-92ab-d258258a5cef	5683
759b703b-58d6-4642-b03c-0bbfb8cf77ff	5684
90ba97be-5daf-4365-8704-9a74b780591b	5685
bc1fd2f7-1ecf-46d1-9ca6-47b7d7880c4d	5686
ed7156ee-07da-484b-b5a5-be322afa1a34	5687
13de570c-a78c-4fbe-ae46-adb31197e260	5688
c381d0eb-d04b-4a17-aacd-a48d64bdee9c	5689
4435aee5-9787-437f-a710-861fcf2a1c7d	5690
6f58873b-89b5-4c07-a4b7-7881ff7b5fe7	5691
f8bde05b-a677-43d8-ac23-612bbf3c3a0b	5692
f83b635c-08b2-4c18-a574-71742d02b02f	5693
4f4fe3c3-79ac-44ac-96fa-cbf19c3709c6	5694
b44eab39-900f-446f-af67-0512a88e54ec	5695
540c4e25-1e74-4061-a0ae-5c2f9ec92c09	5696
75ebdfa0-4a8a-496a-a57f-e4bb93b14d4c	5697
7f4b5546-a3c3-4e55-ba8d-53bf937fed30	5698
e842abf7-8a63-4602-8879-75958c2884a1	5699
b0b33754-a664-43b7-ba00-be0dc4ec2396	5700
ea8f5b11-8602-4561-ad79-5989d2852658	5701
8008b8a9-858b-4df2-b645-6d7983556485	5702
f6871779-18e9-4634-b0de-2e33baef8945	5703
161fe176-42d6-4a1a-8372-280164c7f15f	5704
46e63d3b-d91b-4791-bb73-e9f638a45ea0	5705
1ab8e978-9e8e-42e3-83cf-67149ecdd419	5706
d8e9fc5d-c500-4044-a4b0-2445b6fa3534	5707
7a305f29-539a-456e-93b7-61b0e2ba3ef2	5708
0136de92-264c-4e22-b3df-647b2cc8ce97	5709
b4cadc83-7307-4196-9f2f-29ebf1650045	5710
9af7a998-33f9-4900-9396-9b5e1862298d	5711
498f2581-be21-4eef-8756-fbb89d79b1c0	5712
148b4b5a-cbd9-44cc-bd56-b91781497fc7	5713
1b2d966e-a563-48a3-aa9a-9533845b8c72	5714
56d9908f-548e-40c1-837f-cd006d79d3a0	5715
3dbc4a01-2b76-4c01-b5bf-aff92689adf7	5716
0c39ea47-7788-4254-a10c-2c8d8f538d5b	5717
48ec38a4-53a1-407e-96e1-6e124bd639c3	5718
3e356f2a-3501-4e68-8eff-f77d582c066a	5719
8f4c7ad3-c95c-4d62-a554-3416fb5204f4	5720
711a78ab-184f-4a38-9e5f-e43b4ce50aca	5721
868eb0cb-c33f-4484-bc5c-48ad1147e9da	5722
6e913bad-4812-4286-b6cc-18548422f194	5723
fc63a914-272d-4b95-9221-61adcce6f793	5724
1cf41bc8-6033-4294-8e45-68613a80aae4	5725
16bdc7b3-6bfc-4f1c-89ad-d0756af40327	5726
e2f41b6e-7045-44e8-86bf-deee758532e2	5727
79ccd63a-dd4f-4e9c-b136-6fe2b8d01798	5728
d6dfbc0b-d737-49df-be8e-517b85985bcb	5729
3a655c1f-fb31-431e-a6a8-92e80fa0c976	5730
bb17dc42-ecaf-42ca-aa35-b23207573060	5731
b90f00d0-1125-4b29-9466-45b57dc7b425	5732
6d3e8d4d-c0c9-4208-87d8-900ab1134b1b	5733
c67f3a5f-f771-4788-9801-ef29c796d72e	5734
7a27f410-7d7c-466b-a868-c3d2763ff066	5735
65aac2dc-216c-4b1a-8501-45567c901c0e	5736
f56c6e48-5d33-454e-8744-67e197e20fe0	5737
4ac6c2fd-daad-4c31-b266-017c79d2e9a9	5738
185af318-55c7-405f-8b00-0fa308e56da9	5739
7018122c-11ee-4687-b711-48bab2e6a490	5740
22e67027-3c07-44d5-8501-8eed7b13286b	5741
3df29542-402a-49a5-ae1f-82f936184b3b	5742
47dc7440-7613-4b36-b5f5-39789e75c150	5743
e888b7d9-bc39-4927-9244-a235b64b1347	5744
10000730-525f-4ed5-aaa8-92888f060f5f	5745
435c1b0e-e85d-49bb-bb68-f3fe4f7efaa8	5746
bb0a1e95-9444-4a05-a1bb-22b8d7ed7844	5747
d2a79d20-1304-47fd-a998-b4fe1ec78373	5748
437419ca-137a-4a29-a4a7-179449c12e9b	5749
d0050ce3-820c-40c4-a2f0-67eb267f63f2	5750
5a920182-b26a-40f5-b09d-0271eb99748f	5751
d38c47f6-d9bb-4a77-aaea-df53a6616a68	5752
04fc2164-c46d-4d0d-851d-13467b444b84	5753
c8d77fb8-7bb5-463a-a07d-06a59aa4edb7	5754
0cc819e8-2c27-46f5-b686-f8893fc1fed0	5755
1c25cfa7-037e-4d82-a7b9-1df62fb6d9c7	5756
2645702c-97a3-45dd-b408-707362116101	5757
988d265f-9638-425d-898e-c20b53ae238e	5758
10f87b54-0e95-4268-9857-e2660367c305	5759
c6af3f0a-9d76-42a2-8697-9460dd6b01a7	5760
116a9ec8-148e-4b3d-8fb9-3d995cc4159e	5761
1ea02369-7044-48e1-86b1-e05ce402f000	5762
4f615cfd-6365-45ce-8b2c-b461c1b3c164	5763
6104605d-c878-4e3f-8797-e0a3ea01cbca	5764
120d7ba0-73e1-4e96-98e3-e75f60f232e8	5765
9e63784d-16f4-4825-b02c-5df42316581f	5766
9b490b96-ad82-4d7b-9055-f0a196ad64cc	5767
b4ad0b11-50bd-4446-9f79-131a7f420a1a	5768
34470194-b4c2-4ba7-9be8-201105994f56	5769
37fe6aa2-9a3e-40f9-8c3b-2cb6fc56f387	5770
2c16f7ca-e331-47fc-af91-4f236cba4c6d	5771
b1500a84-a7ed-4997-aea5-d0efe22c942d	5772
e61baf26-04fe-4f07-8f2a-c1ecbf7ca4c1	5773
d91b3683-4622-4d72-8a03-80f1ff59e639	5774
31514740-f19c-44e6-bffc-b8cd9375d2cc	5775
8067c102-4996-42bc-9980-06ce2e644eae	5776
fe0f43fb-3a33-4757-8633-cdd210c2874e	5777
1cc5adcd-1422-4b5c-a3cd-3ecd4f43f506	5778
6a60adeb-c68a-4efd-b16f-04da75a866a5	5779
4444b83c-a555-4fbc-b7ca-a83f5e2d3ebe	5780
7c687bbb-ba1a-496d-919a-f322530739e4	5781
b1ea49d6-e25b-4675-9104-8329442c3e9e	5782
0a52f4c6-2e40-4ec5-8fda-092b72786161	5783
5af7a83c-88ba-493f-8bec-5c9e3b895e3e	5784
1d0ae4e0-384f-4854-a1b4-ebb4cc81414b	5785
ff031437-a78e-46f4-88a1-ab876bf0725d	5786
78404fdf-23b4-465e-ab02-21adf9ad6d28	5787
bc641be9-ca36-4c61-9394-5230433f6646	5788
acc73513-e077-471c-a020-05be6794e104	5789
c1982570-8efb-4cf7-bb5b-c9c026c0e8f4	5790
0916ab75-145f-4045-885d-71722075c349	5791
13760c0f-e191-4948-baac-3371f8a7e323	5792
2e9a2ac1-fd8e-4111-aab8-97fbdacfb274	5793
ca1dcba2-792c-4550-abf2-7b45396e81ca	5794
bf8fc7da-d8a4-4b10-a33e-0aefe9cbb137	5795
cd965133-e2ba-41bc-8659-f74b1f88aad3	5796
2de794c8-8826-48d0-90e0-6900183ba9e0	5797
3feba7fa-3837-424a-b4f1-0077d217f569	5798
04cff564-a2e3-4560-8e7e-bc2539e7b46c	5799
f4380e07-44ad-4e45-9445-6419b2f05516	5800
00f82af1-6537-4d4b-9e03-103fffe19999	5801
49fc7e46-5441-4b7e-996a-12dddf22a632	5802
6f54eacf-7ec1-4917-8995-6c2f67b606e6	5803
3ce2fbf9-3a29-4664-852c-d96b5b34293f	5804
f4d4b515-0b74-423f-a161-db184330c37c	5805
e476adc4-d5e7-427a-b86f-70ecc970b009	5806
9ff60a50-6288-4b46-8b69-75877450d282	5807
226ab2f2-592b-4323-94f9-5b3f0ef86158	5808
cba7c7f9-629a-437c-9e9e-c45d3a63bbae	5809
64f9c914-74a0-4f6b-8589-6261851b0ab9	5810
f94bf2b7-6f66-447a-9929-ac9f3c5452fc	5811
8688ee25-1b6d-4345-bdcf-40cc0e598fff	5812
ef01849f-d2b8-490d-8adf-67c6d23409a1	5813
5508631d-697f-4839-a669-06637e5bcb90	5814
51eb1070-465f-4ec5-bbd9-2c3f4d82424f	5815
b2ae2d65-09f6-4df8-98bd-7a3eafe565ee	5816
2a0cce30-071b-4ba9-bf78-ae76c9eb7316	5817
50c629c6-6f22-4bf9-a3c2-f2855e6704be	5818
0396220e-d266-4980-b5f2-b0926d905bec	5819
a0c82dc1-950a-464d-bd97-5a01296b1c8d	5820
30af8e71-6a16-4319-a130-fd09707b5be5	5821
1c8f3831-5eb7-4dae-b8fc-ffeaa184dc17	5822
8b7ec36e-63e9-4eac-a4d2-b8c450ceb762	5823
4d9fb84a-8104-48c1-aa16-21f53c9053cc	5824
617f2574-c2bd-4e39-9627-34fc9742a024	5825
84788caa-d859-4814-bf18-cbfbe277ce73	5826
a10ca116-02af-4989-9a91-fb25585216f7	5827
c3aad6b3-4462-4dcd-a7d9-b2f81c6211b3	5828
3010655f-9ff2-4753-b4f7-803c4118f450	5829
ca5daaf2-fbde-4935-ac6f-069cd20da0d1	5830
76dc461d-2503-4b24-a187-930cfd139243	5831
7e623dd5-bf40-4f8b-ba71-8226afc918e2	5832
19c9defa-1c16-495f-8b4b-694a88c32ec5	5833
ef7b0ffc-03f1-4037-ac2b-ca0ad0d336c8	5834
03e57b38-65b7-45ba-b8ac-6fa608c060d7	5835
4866af3e-7586-403e-bea4-f27bcbcadbb6	5836
b36d22e9-7f2c-42ff-98a6-b0e3f2cb36f5	5837
b7cef615-5d43-463f-9032-5d3bc0d96b7f	5838
af8bb921-4d67-4f0d-ba17-6215315f92e4	5839
7493f016-7443-4030-a6b3-98b6d6752559	5840
6cf9cdcf-ba2e-41fd-9869-417a6786b14e	5841
3db5dfb1-1b91-4038-8268-ae04d15b6a3e	5842
f205743d-4441-471d-a3af-66f584738e29	5843
91b67275-db2c-4fc2-b51f-82978aeb5c41	5844
acd96b93-511c-49d1-8438-a399d767f3ef	5845
26bcd35d-56a3-4e4d-8ad7-7bc5787c3af1	5846
24d3d19c-f402-45be-be2d-4d9bbf6e3ccb	5847
09e1f320-5f26-415a-ad19-003f6e9969e8	5848
2759051a-b7e2-4a10-8201-e036a10e5a63	5849
78977492-5888-4c7a-92b3-95293e90a653	5850
3c0eb318-d2ba-45aa-9077-b83746cc56da	5851
ceb7b6be-1dbb-4d80-b157-5588bc884764	5852
75d46007-7a13-4193-a003-644350c94f0b	5853
ecabd053-7b04-4bbb-8581-a0dd11cec2de	5854
2c9a8e87-aee9-4ad8-9065-34f176f9b860	5855
95f6e954-8bed-4f8e-a53e-d155bb6f7ace	5856
4e368fcf-94c7-4b98-bc02-a579883f98b9	5857
a0e64a50-4480-495b-b98e-2e766b12ea8c	5858
af7c56d2-8584-424a-97f9-f365f50e8868	5859
d7bd0fad-2f06-4936-89ad-60c5b6ada3c1	5860
9876cc18-e3c4-487a-b330-e67b08eee2b2	5861
f78c479b-6ec2-4c09-abec-d2b09d5ad467	5862
3ea8d3c4-103a-4880-b084-e24e10711d59	5863
de51f503-40ec-4fbe-ae22-5539b68a605a	5864
6e855495-c063-4052-a26d-959c3f226c87	5865
27784398-3ad0-4baf-bf17-82b37fe03efb	5866
697eba1a-bf52-46b1-a19f-4d7190b63e5c	5867
b7f2cca2-72c6-41fb-ae33-53370fc62fe7	5868
90967f7a-dccf-43f8-a212-e84b34e24a7d	5869
39822e8d-f24e-4f07-b51b-28b22e59fbdb	5870
8a1f012c-acc1-4dda-878f-43ac02f2366f	5871
b250533d-2823-4f5d-81a6-615eaf1bf170	5872
a098c4f4-8407-4c2d-932c-5c6e4f35766a	5873
bb861349-25f2-4e90-ab38-bde20ef9849e	5874
597dd959-1a24-457e-bea0-36f3fee2a5cb	5875
320d40d6-28dd-42d7-b05f-7e6e8d399a2e	5876
438cc576-8c12-415a-9ac9-fdedbcb18d5e	5877
a029b8a7-9a4f-4ee3-96e2-ac785cbf243e	5878
c0a05ed0-9dde-43c1-91fa-3c1b02756c8f	5879
dda04604-b50a-4bd1-8780-77564c659dc0	5880
0717fc0d-6898-47a0-9abb-e697a1c64c3a	5881
54c49b97-22bd-4e0e-998f-60ba4b9d7abf	5882
91d01e5f-252d-469d-a16a-12c613e48e5d	5883
d5fd4600-318d-457b-9cbb-b74633c51ed5	5884
722c6718-0c61-4db2-a8bc-993a8c5d2baf	5885
c1839df6-1f9d-4469-bbda-7779cc3da7de	5886
78d5500f-7cd2-4cb0-a8e9-36f51d73b9d9	5887
92046be7-0927-4835-a4ed-a90416747d53	5888
bd3deba0-d5f7-4c67-b840-36ce967b035b	5889
f4992dae-69f2-4c0d-95fa-0b65f47906f2	5890
bed541a0-a2e1-4e78-a1ae-99df2f4369dc	5891
d3a24471-3bd5-43bb-add7-5d876e9186b7	5892
17450c7d-0c4b-489c-b6aa-40faca558521	5893
d0a3080c-57a5-4c35-9389-84a5a2f819f8	5894
e24bca91-8106-464a-bc42-757f1ab24af3	5895
97c86b2c-2765-46a2-aef8-76a7e24c430f	5896
8ace46fa-e460-4f42-b570-0b0ebd1bbbfb	5897
a2e89940-5dfc-4672-bb52-01b2b99b153f	5898
cbcfd7d2-9fcd-40dd-b8ab-93130dc1bac6	5899
ea5f02d0-2c8a-48f2-a754-b1dd137b097f	5900
41b2f0f1-9142-49e9-a830-5291fe1a7b93	5901
8be5d1de-e925-4e9f-b410-6d702cd8dcaa	5902
51a77a0b-69be-41c4-88f4-22f25a9a63e5	5903
8fa3f306-f5b4-4488-b94a-3cc72b008b9e	5904
1e816beb-dccc-445b-891f-f61d7d0e70d3	5905
6c6f5412-f01d-4cce-b1bb-b2349cd7f8f2	5906
c1a61bb0-e4fe-4064-bc8d-954a2dafda79	5907
3fa354b6-aaba-4bb7-99ca-78a843047b4f	5908
5a63c831-5bdb-444d-a9db-974501e3317d	5909
65e1db8a-17cd-4ed7-b163-b74890f16573	5910
33056391-3ed7-4af2-b9fd-66313daabd18	5911
a3cd61ef-7fd4-44af-a27f-99641a82b22b	5912
635de0a0-a031-44cd-9378-df0b9dcc33b0	5913
a80d4124-e4c8-4a50-bac2-ed90e1190f7e	5914
63070885-2d88-4ce5-afad-21d08c7189ea	5915
f9288855-58f9-42ed-8001-6edc34d2f00a	5916
e0dd6216-84b2-44a9-8fde-9a98396d4350	5917
f3d71ae6-9b71-4ab9-9e3e-5e36b179c53d	5918
2bddb5f1-1908-4f19-841b-9d1c4fbb28a6	5919
18f3fff2-0896-4205-8d44-402a8d3c9944	5920
5aea6812-544c-4a64-bd3d-62c0dd3243a1	5921
374ed09c-1da6-478d-b909-1b25d4d4c35f	5922
d8458ea8-7116-479e-aeb6-0b65ea5ecf2b	5923
c6e5c5f4-984e-432a-87b8-b6afa288bca1	5924
578c1e77-4756-44dd-86a9-b1e71a5b635e	5925
7f89e84d-4c35-4d53-a965-4f3ce1c4ef4f	5926
97ea6a8e-2011-45f0-895e-8bb082b1aa64	5927
4285ce75-f472-4adb-927d-51534d72b7c3	5928
e7439df3-3f93-4060-9345-1f7335411746	5929
85235e76-ab2e-4c4b-98c3-b95ace886983	5930
553bc3a5-6f3c-403d-acff-9244eb7dde25	5931
1062cd4a-7817-44b7-a786-52ddd53f6b17	5932
7cf7ef41-9637-4bf2-ae99-d8d6611ccdc6	5933
a97b3bb7-aa0c-4889-b236-16ca1b543f98	5934
8f59cae9-5c2a-4b26-8783-03e09a37099d	5935
f6a0a03f-3b2f-4d3a-b4b4-34ca4ce7f3cb	5936
dce1f80c-3f1c-4a04-9a15-19fc005c2536	5937
09fd9dc8-9426-41be-84b0-c0319ea5e11e	5938
45719b11-5e7a-4d8a-83c8-76d9f6b8caf5	5939
14f58803-a872-4d18-b708-96ee77aa0b47	5940
7a0cd251-6e71-495f-8168-509c6c87ae34	5941
2ad8bce1-8e55-48db-82ed-d98b52a3a13f	5942
5e738ade-7a4b-4221-987b-6588f0244952	5943
67e73830-4d24-4631-928b-47d32e9eac6b	5944
fc5ff119-74ef-4b9c-b736-8b0e5fd3f298	5945
084e53d6-ee8d-4787-9835-f1748a6b3d09	5946
01fa5c3b-00d2-45c4-b7c1-8753cf8b7ee6	5947
a6018f35-4de1-4003-8941-6f72012898e7	5948
928303db-cf05-4b19-b11c-d3e5cec36915	5949
aaa78ce4-e4fe-43b6-abe1-733dc83f8eb1	5950
671715c6-46fe-46b8-8334-167b59b2bee3	5951
83d8c079-a39a-42b1-af6e-4a202b8e6ab3	5952
8ef90260-532b-4976-b5ff-681c40841b4d	5953
43c8a22c-72f8-4d24-af40-f6b42aa813e6	5954
e6d0179f-b899-4563-b6c6-88715aaae0b8	5955
08380cc5-3580-4788-8336-1b8aa9c3b4e0	5956
a78d2a35-c083-4179-a5d8-49f84e5ec863	5957
142cab6a-55a8-462a-8c3d-569d48e88709	5958
2ae2838b-3723-418e-b994-9907eb5a8e76	5959
95e92d7d-dc5b-4f48-bcb7-5628a5c3536f	5960
2bc78fbc-a59e-4110-92a6-315b6021ebe9	5961
e3b208cf-b18f-450e-a661-79f4eabe8090	5962
c3cf7f15-4a5e-4e9e-bce7-5e5b101fa29c	5963
5d961da6-517e-4f74-a7f3-5cd8a68b1dc0	5964
3e7321b9-095c-4689-a086-eb75fa750157	5965
5d0c202c-e30f-40c4-abf5-c0007af0d1cc	5966
601b575c-9ef8-45a7-81df-3bc48216ca5f	5967
5fee3020-513b-48c2-b1f7-4681b01db0c6	5968
93cf754c-6bdc-4b05-96b5-f210a7936af6	5969
896becf5-d8eb-4556-9177-15127969abde	5970
338bbb53-5b96-447a-9444-8906844a0790	5971
e72ee14f-9659-4fec-a388-a0f7e1c05026	5972
48772747-4cda-4ba8-b470-cfd5a32e05f7	5973
a42d2c52-e224-4903-8c6e-fffb2f682fb7	5974
f10e4089-d2e8-41d6-bbff-25d625a11361	5975
5083e4bf-3246-4ab9-a6d3-23be8db8db2c	5976
7a519099-d4c8-46c8-805b-214dab0e58a2	5977
adbd993c-fd28-4885-ad2d-0349546119ab	5978
2f2608ed-ff2b-400e-b614-8c648bfaae7b	5979
8c437ee8-8ddb-4254-a916-a0f0355fdd80	5980
0c321fba-7d1d-4d48-b99a-1e4811970d26	5981
a7f6db4a-1cdf-4d63-95e1-56dc45228d8b	5982
1b8fea68-02f4-46d3-bb97-26735b06c5bb	5983
e3203e01-7236-46ee-b6ca-b4a291581316	5984
1de93a63-3a9f-443a-ba8a-a43b5fe0121e	5985
a7dcad43-5486-47e8-b351-668b63dfad08	5986
56cd15a1-0d74-438b-8244-c96ffe1cae03	5987
ee190f6b-7d98-43ec-b924-da5f8018eca0	5988
feeef0f7-33d3-4df7-a269-f811489a4125	5989
fc0d11f7-b349-4174-8ae0-cfe48f9dd2a8	5990
d17a5888-7775-4541-85d6-f6344f9e93b7	5991
09bc57df-6fc7-40f7-b7e6-2261481f801e	5992
06aaeca4-2008-4e48-a2bf-119f3d363b4f	5993
4d2f9f61-5164-4038-8585-6e0c8aa2948c	5994
a3d9fc25-6d31-4278-bcf6-ba49ef79a09b	5995
7754905b-8bf7-48e2-935a-03d566fec464	5996
379dfde0-a22b-4b45-9bd2-e36285f21ee8	5997
c41c6a32-cd7e-4cce-8859-559efdd457b3	5998
6b4098d0-a111-4444-ac1a-967cffd5dd9d	5999
ecf9f3a3-35e9-4c58-acaa-e707fba45060	6000
9b70bb85-fdb1-442c-8667-0cb081a2aa44	6001
f2fc6ece-5615-4d2c-9cb3-8c5d51a839ea	6002
9b64cf5d-1f4a-45b5-a84a-5109a88f178f	6003
0a02e70e-db2f-4cfe-a646-e8ced413f7d5	6004
5f3d56e2-c175-4a50-9656-66365be8b60a	6005
fea8db99-8c38-4ee3-bd20-36fb5e3a0839	6006
701260ad-d629-49b7-8cf0-931fb3a391dd	6007
c35ff804-9448-4dd5-9d23-e58d16513949	6008
a8ed28e3-5c08-4448-b889-867483e251f5	6009
fb8fb96b-e9aa-4cdd-b3b0-b49eaa0f32dd	6010
9ad6d1e3-427f-4921-b603-7e9eda94a061	6011
e105c272-b5d7-4135-82ef-d60bded54345	6012
0ae49abe-d6af-44fa-8ab0-b9ace5690e6f	6013
e9fe34d9-5eb6-4599-ba57-421c4fcd2b90	6014
5f602a69-a025-405e-9336-29f9e8d713d3	6015
854b0687-f9fc-4109-b59f-dbe84ebc5de6	6016
60bbceb2-0ddc-403b-970b-b4e9c3b2de5c	6017
990ba62e-8cc2-4a1f-8f2a-243bb1f5643a	6018
37ab8dae-1ed9-4922-a91c-a92c19a2dff2	6019
edc26f67-c3a8-40f8-832b-15560bca413f	6020
0ca53fff-3b07-49eb-bcb9-bbe84f1ec768	6021
18662acd-0f22-4608-b3eb-60f12b0766c4	6022
dbc4f242-5402-4801-abdb-091e313ad6cc	6023
8aac1c03-a7b2-42bf-ada5-37225909fb7b	6024
de548477-205e-4802-8908-e71d3ad67be0	6025
62b756a8-e6c4-4152-890d-b1a9c1b2afef	6026
9f3764c0-c9f4-4e20-b7a8-9993124fb1b2	6027
3b7865df-3c91-48dd-9126-a71e0dfe7f8d	6028
d03c6e2a-24b9-4607-bddd-120f27ff5c9d	6029
8ab9a62f-b8e6-4719-8e0a-0f9ea94b1955	6030
b0ca0d85-24a8-4a00-860d-357ff688b69c	6031
61a4da6b-d3e2-4b3e-9b68-0ce7218ae094	6032
e043ff22-383f-4ef0-9b35-ae52c8221d9a	6033
6d180939-9a1d-4c96-b329-43e3e3a4952a	6034
37d62ac9-a94a-470d-8d81-3868a34aea13	6035
33253c93-a45a-4f56-96fc-0897fd95d8db	6036
e23eac42-f904-47da-8599-823ff431bea4	6037
ec853694-30a1-4c7e-84e6-4ca87ee3c314	6038
b55479cc-e078-49e2-9ff5-52ace46802d9	6039
d1c4cae5-021a-4543-90fb-3383e98ca19e	6040
074e3847-f67f-49f9-81f1-8c8cea147e8e	6041
8de4a831-7c25-4d34-90cf-254de0c36e49	6042
732bb732-4334-4128-b76a-e130b369c996	6043
b46d30ff-f8ee-467e-8650-c58b6b47053a	6044
f98a61b4-394d-4e1f-a5f3-f747b9494e5a	6045
bb25e0ba-fd11-4d2a-8ec3-f5674f67c874	6046
63200203-e2c6-4081-8e0d-00c9732c6b6f	6047
7dd7e6cf-a243-4382-b09f-5fe395cf3d2a	6048
2095b935-2007-4ae0-a48a-ef4d6fc3aac0	6049
3d05724d-3162-4ff9-852c-6d5919fa2e3c	6050
38712b4c-0fd4-4c65-8c7a-45676fecc973	6051
d3118da8-ff3f-4396-9ddd-06168c875d56	6052
b76645c5-78b0-4e4c-8f95-003f40013a45	6053
479e16b4-2b26-40d1-ba65-9ce5ea8ae6a6	6054
94f4c61e-5cf3-4cba-ab3e-9bd5be99f6ab	6055
0cd7ff0b-21e2-468e-9652-abf211ddadcd	6056
1ea1611b-42de-4423-9393-046068ffd804	6057
a584ee41-24f3-4709-b141-c0b6115b9d6e	6058
de50796c-1abf-4ecd-a55f-da98562ec26e	6059
c7cb9a2e-ff57-4bb8-bd2c-83524e18e369	6060
d7aa31ba-5739-427f-a9b5-8f0ce1c1e729	6061
87496c04-c857-4bd5-b86b-345129a1be63	6062
55ef024a-6cc0-49ed-8ce2-2e12193c0f46	6063
2aa79fa9-7ac0-443b-b250-18d67227a1cb	6064
d138302b-4f57-4d1d-83e3-47f95cb51774	6065
20404789-b0f3-43de-bbe1-f4fe39e83e87	6066
334c2c2c-2ae3-4b69-8f38-167d07f83d25	6067
1015b5e3-8e3d-4d78-806a-c530cf742e66	6068
3b47247e-5b57-49b6-a0ed-bad80243802a	6069
7bc8dd01-35ea-4b18-a64d-3a364dc76a52	6070
33f8e407-999d-4468-a63f-b487a98444bd	6071
aa229fb7-cc28-4a0c-a2a6-e1cee8470ebb	6072
fcde7037-181e-437f-9417-60a38958c0fa	6073
8b9e78e6-a66f-4974-a847-15681ad93287	6074
7f64a5ed-b0d6-4686-9567-6ccf0915c06d	6075
7a1daf7f-b972-4808-bc03-2e1e3a79dce0	6076
d25d395a-3891-4243-9a05-8308ad24969d	6077
55a197eb-6a12-4248-aadd-03582cbce394	6078
a17eed36-fd8f-4d71-898b-2da805ac7492	6079
cc7d3375-dabd-4091-8884-4638069f5909	6080
6739a15f-2430-4b47-957c-4f2903c55ea7	6081
b6bdb000-8f1d-4c7c-b49d-f634fb003f6e	6082
05bc49f8-3108-44c8-82b9-ac3254896a69	6083
e28c0b26-3bdb-45dc-b4f5-f309c7c35ec4	6084
8f0c7db9-6d1c-446b-913c-b5c6811ca6fc	6085
d3ba9251-215f-4ef3-a6de-8aa256b9c30c	6086
3c714102-94d8-42f4-9005-fb8a75c2766d	6087
2093207d-cb69-4789-866b-5ac772c9ebd3	6088
86aa8b2d-be7e-489c-a1b7-80e814fb6815	6089
536e8e61-8040-40a1-8b35-a2c6996dc44f	6090
baaa5f20-cbda-4f14-88bc-ecdb5097b6e6	6091
0b14d832-21e1-498e-b3f0-a0018ee1472d	6092
705c08c6-e28e-47eb-94ca-a59f32a7ea5b	6093
8a29e045-f677-4449-9aae-ef41cddfaeb5	6094
fa39bc82-9b27-4bbb-9425-d719a72e09ac	6095
63f4a78d-009d-4579-98f6-810d15f18397	6096
e002853b-7843-449b-a46a-c35fe6b8bed5	6097
c879d1da-2be1-423a-b9e8-31b83ef9bd5c	6098
2ca340a6-e8f2-489d-90c2-f37c5c802d49	6099
3c004c98-aab6-4b63-a2df-e07c98e73b0a	6100
57e0e9f3-24b5-46a6-be00-be793ca26e21	6101
0939452b-0c6f-422a-997f-e7c496ce1113	6102
bd53f9a7-8be9-46b0-bf7d-1deea3cb57bc	6103
dc335fdb-9bc6-42ca-86a1-e652318764cc	6104
74ed34ce-ee95-44e9-a87d-4d2d5056c24a	6105
d385947d-c00d-4311-9cf1-a032a1d4040b	6106
a373933d-555c-446f-a7a2-b8b8a291659f	6107
adc133fb-279c-4011-af61-d40132d7bb80	6108
10ccb5d8-f9d5-4954-9441-3419b522a214	6109
f597eafc-4dc5-4bc4-a019-a5035a3c8502	6110
482a5456-7d8a-4366-a2e9-6f38853df632	6111
8fbabd07-4b2b-4f4c-add5-680429a8c44a	6112
85e65d5f-4d9b-407d-b261-882caa52bff3	6113
cd7a47b2-bdcb-413f-a939-7d8d55bd6fc3	6114
e08ac443-f1d2-4666-abd1-fa5859592981	6115
930d2a33-3462-413c-ac32-99ecc5cbf8ea	6116
ea9889a3-539d-4549-bff3-cb721b989aa2	6117
40e69149-45a7-4dab-8128-c5a4d9654eeb	6118
23466b9d-f57a-4e73-906f-c11dca8b3723	6119
2cc97fda-63f6-4ea7-9100-7ca3e51bd881	6120
d922d727-240a-4432-9a88-05a7cf9bc403	6121
4492c65a-533e-4189-b865-b5af36003b30	6122
48896dee-a985-424d-9849-84802f7e79c9	6123
491d8124-42e9-43f0-a828-e4a40c59e5ba	6124
9470ccd6-6ff7-467c-b7be-6c0ea59039b0	6125
5c316ada-0201-427f-8bb6-535ebe17cf85	6126
62c28bc0-f696-4c50-8e54-5f8e9120bdb8	6127
e605aaba-e920-456a-9c8a-0836c46d4764	6128
816d9b5d-eaf9-4a97-b5f7-6e82cd01aafe	6129
c954d136-c7fd-4fd9-8bb0-fb0491fc6a02	6130
a61930ae-dfe3-4574-bc5b-b0fa8d8efb62	6131
f6596571-9ce2-4d79-8e92-fa8cfc181b91	6132
fd23e684-270f-4507-9cb0-a0e0d7854d16	6133
43b9b30b-f719-464a-8bf3-07c294c257b2	6134
01614f48-a5cc-4c44-868e-6eac343e1d89	6135
b3120863-d98d-4bad-a637-8abd8cde6685	6136
01d76a27-ee74-4e50-9383-b2f0683bae76	6137
622a275f-659f-4dc6-9964-0d33c34a786e	6138
d2e06763-1035-4b1a-82c7-b7c08e06ba48	6139
33736d61-e2a2-4070-88dd-ad2e173d174c	6140
ef322d6b-3ffe-4549-8d00-b8f774ff5845	6141
b6f69ada-cb4f-4083-913f-a00f47bfbe4b	6142
6965a0f4-6e7b-4feb-8709-508f83c1af93	6143
835a6d9c-fea0-4a71-ae52-9c4da946433a	6144
6ca4886a-8f77-4133-b404-46fb3908e24a	6145
c5cda118-797f-4124-aef2-f1ada89d3408	6146
a9399880-5587-457c-bc87-8c81fcf57cb1	6147
15042d2b-2d4c-4451-a96a-6f547642de13	6148
7744962e-b74f-47e0-b77f-83a2d31dfd31	6149
8b8a38a9-a290-4560-84f6-3d4466e8d791	6150
6f1e0374-8f41-402f-9d1c-4d04e14e26e1	6151
4a94a6cb-e70a-418b-bb53-a37897b950ce	6152
122a2e68-0e8d-4fc8-aeae-980bf46b714a	6153
2ad06109-0a52-4b7b-8b7a-ca7c10baf597	6154
8c2e4f17-540c-42d9-abba-bc1e6c9d9e6d	6155
e6b3fe16-d0c5-4825-b33e-a83d8fb5de94	6156
165e2705-abf7-4f1b-8971-4ceed8769c4d	6157
e43bc702-b387-44eb-865b-3e4f93461c44	6158
edd6a7c3-d174-4e5b-9134-0f0cc6e2b0a5	6159
cfafad90-b736-4c74-8ded-f3f4d7b2c792	6160
cfc6a28c-c90a-47ae-b9d7-f4772986e459	6161
bd5cf3e9-cb6c-41f3-8c7d-e9bda3c4e721	6162
cbf11f81-f98d-458d-89e1-194b40ba5b60	6163
d791111a-9fcc-4ebe-bb16-b785719a642b	6164
e075bdf3-23b3-4a77-bdec-6ed28857fafd	6165
9c79224c-70cd-4367-8d90-35ca99401b75	6166
603ba565-3967-4be1-931e-9cb945394e86	6167
499beca1-88e3-4ed5-9bb4-4b9e2eb8df34	6168
6ca14d5e-3a33-4696-9e82-bdebe070838e	6169
442e5e86-6151-41a4-bb6d-2e97b62f5e38	6170
194e87c9-b3fe-4fbd-82a7-8c54b4dd4c76	6171
5c014631-875c-4f3e-89e9-22cf9d4769a4	6172
6a1e2e3f-ad22-4844-bbbd-3ce753bda235	6173
5e094f6b-3bfb-4248-925b-30b1b4698409	6174
e2137e49-1cfa-4321-8dca-aef01cb8101e	6175
8097243f-7a3d-435a-a11e-0c5f886528e0	6176
b72b59d9-5f8a-4dcd-a9d7-507e9319aa12	6177
989a13f6-b58c-4559-b09e-76ae0adb94ed	6178
d0400f72-c2df-4cb3-81bd-72fa19aeaef8	6179
49b8385e-bcf9-4dd6-97bc-13a6482f815b	6180
af409a28-59b6-4a22-bead-aed6ebcbf32a	6181
7e74045b-e4b8-4c30-abbe-33a8219d4c20	6182
c2b37a39-c66a-44b2-b190-a69485ae5d95	6183
d3fa206b-a8ff-4b53-a0e2-83aa19a40c66	6184
5b66e2fb-c6dd-4176-9cb8-8a75baf1c933	6185
fe5fb618-2f8b-4158-92b6-464f31672bca	6186
633c13a3-335a-466f-8e01-535837faeff5	6187
ac1dd50d-9f23-4c9a-8fc7-f2d6b03a5c5d	6188
741bd697-e595-4e47-a97d-688b4b9e0df2	6189
51625f3d-adfa-4096-a7b9-113f5225cc58	6190
4c567ed6-8bc9-447a-bbd5-1dce18e4ee81	6191
741a2892-1c5d-402f-a769-2096356c77d7	6192
47c8a452-4efb-45b4-a0d3-df506dbe42b2	6193
2fe8f530-861d-40ff-ac74-51f7e2701965	6194
fcb79f1a-d3a9-41fe-9cd7-d16537907337	6195
f81d592c-993f-4693-b53a-57db5a6257b9	6196
44ecd2ac-a5b9-4b64-8edb-f3c76a5fa439	6197
8dce8a2d-8ed5-4672-b25e-bfe198b02b82	6198
7df6e6eb-8e3a-4402-a243-b5b01f0d9bec	6199
4ef24a03-45e8-40b3-b780-955bec848555	6200
c0f792c7-8334-46f4-822f-1c80abfc0d0d	6201
01d8f486-874f-4914-a455-48446b7de51d	6202
6838ca8e-da88-436c-a0fd-6d3a7e832f1f	6203
45a2c364-6634-485a-ab0a-7dc828c6ef7b	6204
a1a053b3-cad1-43c2-8234-29367a9a42a3	6205
cb710d10-1b85-498e-814c-59c8c5939730	6206
407592bd-6b6e-4803-80fd-f17e59446734	6207
52e94208-f7c8-4e07-97ed-d5edeb0cfe60	6208
9e82fd1f-b102-4890-a5f1-ed0af912fe01	6209
3d621c94-2356-4532-ad52-79e0ef73e20c	6210
dc78f9b6-afcd-46d6-894e-2149f40a4884	6211
afac07f5-d4aa-43f4-bad3-6bc2bb474cba	6212
9fb7fe77-4e8b-4cbd-ba8f-84bcd80a24bc	6213
7cbdfc61-30a9-4f17-b2fc-dcae3757adba	6214
8423b7a8-4e6a-4c78-aa51-5e39764af467	6215
67f54f43-b549-4efc-a812-70471082412c	6216
a50ac846-f4d1-4b92-8d1e-d3ff4bb1752c	6217
d93f0584-b950-4a24-b45a-129d410fc417	6218
cfb830a4-66ca-4d81-a099-033883b39ad8	6219
f5e66486-4481-4ebf-b1f9-f87ebabf5897	6220
8580ec50-775a-4486-8240-49115cf0114b	6221
58e2800d-991d-4fe9-860b-1d27931ae8de	6222
403bec82-50c4-47fe-a8be-1882a5a43d82	6223
cc92e4e4-3128-49f1-bc32-b1329a2ed9bd	6224
f7691e08-2824-4e40-b126-4e4a20675036	6225
d8bf60ce-d2af-4125-bf19-2b19d6d0c807	6226
3bdf9667-3205-4c5b-865b-ca3bb33fc5ac	6227
f20e3539-bf98-4066-85eb-12f254545660	6228
1a02e1e4-000e-46fa-83de-f3a36674e4fc	6229
cb327970-cf95-4f2d-91db-b1b787aa51f9	6230
4af16f2c-89c0-4715-9e76-3aa986f67031	6231
d5117a22-1cf3-46c8-8b6e-5417a04e8c8a	6232
c8c3beb5-d213-40e6-9ef6-d4e1cad59e12	6233
21e68cc5-1295-4b66-8f4d-6ba58d63f78c	6234
75e19ec8-ed4e-495a-8989-6977574957f6	6235
bcb77c0a-0faa-4f10-bfd5-fd8583f4bfba	6236
b3edafa8-0a78-40b9-9404-c6fc1920d2be	6237
a9fac3f0-0467-4073-a147-f7b3c2913b04	6238
a2f938aa-1aa3-474b-a070-762067274eab	6239
eca1f8ea-52af-4e33-959a-12a59e12adab	6240
0bf4a9b6-773f-49a5-a31d-76639926699c	6241
b18eed15-7628-4f55-9ca6-8b78373bcaf3	6242
ae15e0d3-3d92-4fd5-b232-f3c270416c0b	6243
38dd6337-19ae-4793-ab4b-313eff523457	6244
6d6faafd-2e49-4ec1-bedc-71c6f46f0dfd	6245
bd1510da-7c76-4be3-a71e-9f5c71273176	6246
8d1d5ded-96ed-4b5f-9cf0-a2174a2322f0	6247
6ff13427-08ff-4da2-bee8-892e1fa22d3c	6248
fa5af967-b996-4e8c-8b84-851751ba992d	6249
d4fb481f-d9f2-4f53-9039-b6b52ec388bc	6250
9f47e427-c31c-49fe-90d6-92ab6029d405	6251
febdb6e1-5ef8-4ab6-8703-010eb90ebe99	6252
38d64df7-5b7f-42ca-9d98-9541640ca84f	6253
102045e3-577c-4b10-b01b-424b7e461094	6254
a1ef6bc8-2644-4b6d-aa21-27b630acf751	6255
531643e6-b3ba-4c7f-9d0d-f2831dc42317	6256
105b09f0-cad5-40e4-a1bc-5325d05a9f04	6257
828b1208-2ce4-40c1-b659-11d7f540748c	6258
3fb55c03-3ad9-4341-8d0b-7c4c49aefca0	6259
7e8a2d88-ebed-433c-9971-643a66834835	6260
2e7afe0c-ec52-4c1d-9413-5d40f77922c7	6261
8fb61843-e724-41b4-86bd-6e3b3dfe9c6e	6262
0004537a-4b12-43eb-a023-04009e738d2e	6263
5ffe7875-614f-4823-879b-1fd66574a36d	6264
c1c10a2a-241a-403a-a020-61545f31d374	6265
980ee2d8-2ee9-407b-b48e-48360fbc7437	6266
d3ffeb64-9d7b-4911-98e5-91ee26005ee9	6267
b92d2240-5b0b-4877-a90d-4350a81eac04	6268
f28dc56d-0bd4-485f-92a2-5c3e0e9b57cd	6269
9afaa6b6-f03b-4ac0-93ce-9af698d390ac	6270
bbaa7a18-98ff-4540-9973-8f8340a83d3b	6271
16963107-9288-43a2-946c-81de2f5eddfa	6272
6ddc9a5e-22e0-4184-99cb-c3a2fa689d0e	6273
252b5d32-5bd5-4cae-9d48-6aafa2145c33	6274
9a883a69-436b-4d17-9ffd-122a9bf4419a	6275
dbd34abc-6c52-4850-bf73-7abaa146b621	6276
2e229823-0fc2-438b-aacb-5de02bd0b9b7	6277
82568c22-19a5-440b-8920-723ba70e03e0	6278
50d72f4c-eebf-48f7-a722-b0b84e770fbf	6279
b16373b3-bae0-4926-bb17-1d68c4f7b052	6280
4bc9e8c3-7eae-454f-a56c-bccf96f3926b	6281
8e57b7d5-4548-4e2b-b32d-af4b4a51cb80	6282
968f61f8-c6e1-400a-95cb-114c9d67dd8e	6283
e2547cbc-742d-4eb5-89c4-3b4daea476f1	6284
623d5f3f-3093-4711-881f-ed33eda10882	6285
3cd18a93-1797-4bbb-9b8a-c096d5e7864c	6286
7483db08-1e77-4ac6-9a85-702b2a9bd701	6287
300c4c73-33ac-4255-9d57-4e32627f5e13	6288
d8a222aa-da43-442a-93cf-9806b45f5daf	6289
d0a4fd70-d8ab-442e-8fb0-f5608936dce3	6290
24575690-019f-4b77-9395-eaf6bcc3d5a7	6291
03143cba-d359-4bd9-8ab3-5ba6590f9933	6292
df87d5be-c4b5-48e4-97b2-6440b77ca4fb	6293
9b106beb-12b5-4525-8025-42e295a2b90a	6294
88543892-2eef-4a6a-a84c-5b8502b80421	6295
40d8f506-0d62-49bd-9bae-8c52b72c9ee1	6296
6d1a5b3d-730c-4b10-b83d-ef2c98ce86f3	6297
4eaceceb-cb2a-43ba-bee6-2fd7fe9aaaba	6298
80d9e8d6-839d-4ac7-8216-09b58f58b8b2	6299
28dc7c32-8c77-43c8-8156-5c92bba8ae87	6300
267f7395-1854-4eda-9d07-49368181fc14	6301
3b179006-d216-4566-8e86-7c85c1eac32f	6302
7b004920-b04e-4ff2-b2e5-55d8f1cc0522	6303
aeea3060-05ba-4dda-8c92-3dc899e24ce8	6304
eed5f159-4858-4464-93c3-fc2da3796446	6305
2b9967c7-3246-4658-a561-ded5408dd9af	6306
b548040e-b631-4bdd-ab75-045293e448b7	6307
07f60268-1fe1-457b-8586-e6b2504076ff	6308
62f7a211-0056-45fe-934a-37a388a7356f	6309
a247b1b8-8f47-4568-9a89-fa16b4a2b77f	6310
5c7c8529-dcbb-4ff8-b2c9-d363a91756ea	6311
36f406d9-9538-4856-9a7b-0b7be42bfab1	6312
c7cf4584-bfb1-4cf5-be41-aef384310bbb	6313
9652d56e-ee75-4a19-a1db-6637a4f1bfbe	6314
6e5203f3-3d7d-4ae3-97d4-7165370842e9	6315
ad7eed52-e228-465e-a275-3005c7786dd4	6316
e0195400-ad63-4a21-8d56-9a96647cb24e	6317
8acd46ce-3c10-402e-9ede-676b31c837cb	6318
bc97dc04-9736-411e-b582-5b2f032947ff	6319
621b8812-df32-4bf1-80c4-aee05f803137	6320
d886346c-a587-4204-a583-3ffa78a26cf3	6321
95c95dee-0dbc-4d5f-a428-6a465a5b32f3	6322
ae27f1d1-b8c4-4b2f-88a0-094c3333ed24	6323
18a33653-bbaf-4aa7-884c-73f02a7a4515	6324
6304c5c2-be9f-4357-9e60-8c204479aec9	6325
cfe0dee4-4409-46e3-bbf2-edac88971132	6326
68f644b2-42ed-4d11-8bc7-633d5250721b	6327
e39c7351-7110-41e9-9328-ca08df0921cc	6328
3d9a0ce6-ad97-44c9-beb1-f6f47f1c8f3e	6329
ec863030-7c13-45a3-a025-a69195d3a020	6330
b073d6b8-253e-4f61-8d48-fd7688c89dee	6331
fd50118b-31a4-4978-84cf-60bb82752f71	6332
875074d3-6458-47b4-b515-f7ecda93bd8d	6333
1c42b705-d3fc-452e-93ee-d0030bdd70f3	6334
b3fa1a75-d947-4f32-9f5d-dc72d7438afa	6335
bbb94ad0-3bb7-42af-99cd-e92f5a42c4c5	6336
2bbdc83c-3d4d-44f4-8e26-6bc748d358dd	6337
7b7f4015-1141-4c18-8731-033bcaf56b0d	6338
668fd73c-bf54-4310-a139-305517f05311	6339
63b53421-0fbc-4bb3-8841-abc8e9396c87	6340
7db590cd-d7e6-4b36-b4e7-e8209426b02d	6341
c2a071d2-1dfc-4574-b9eb-9bd779fd0c7f	6342
27acebf2-5440-42a7-9db6-19ad2c9dea38	6343
c79c43d4-cbed-4373-89ce-6560f62eb7d8	6344
1ba601a0-3401-4b28-8ddd-9af8203661e8	6345
fd7a8bc1-1b25-4b4c-b899-8f7b3343a229	6346
090e9c0a-6767-49e0-8f51-84a43226a174	6347
4f20b3e2-adda-4063-a43b-2432ddf9ba8d	6348
78b8347b-a1e2-4e36-a917-92d632a62c18	6349
2e4c4409-4fdd-4654-a2cf-9a4247f307de	6350
c9d4f63d-6c2c-47ae-84fe-819001e3d3ea	6351
fbe1a6d6-12c9-459e-bf73-fdcc76b14b7e	6352
63721b20-b058-4176-a057-50dcd8044af6	6353
967002b0-58ef-4b22-a58c-fbc631ff695c	6354
1c7b3786-b99a-40ab-81e4-f3056da19e13	6355
9c6d95f9-5101-49d9-ae1c-cff73b9e3317	6356
f104e236-9655-4022-b794-d1567357e3b0	6357
38bfaa7f-ee98-48cb-acd0-946d7aeecd76	6358
3b81f816-bdcb-42d0-a0dd-1aa4fc4e19ec	6359
9363f65f-64c6-4711-a86c-7cba56d9a456	6360
55c8f303-8c16-4853-bd38-753090fefc54	6361
806b793c-fb2c-401e-be44-f753c0ea2f15	6362
c152ed9f-7a4c-4006-af2d-ed8b7126b0a0	6363
5528ebce-9a4e-4e16-8e75-211e475928d6	6364
54bb4c8f-efb2-4ec5-ae24-332549187ce2	6365
b013686b-0fa5-4e88-a5bc-f941efc7855a	6366
15b4aace-6126-402a-96f8-131a943ce20e	6367
d793cf63-a10c-48fc-809c-9064d71328da	6368
02390d49-c321-479b-b6f4-cd76f32fb887	6369
a3d5a6bf-c86d-44d3-969b-f345620009c6	6370
c6f5969f-1f65-465c-8603-ec2d1e31e39d	6371
a6d3a1bf-ee78-4a6d-96b3-1bd9769128c4	6372
c19ff12b-058f-44a8-b245-b0efb4752925	6373
a4ed036b-5f18-439c-b1e1-96d205bab255	6374
fb776bca-6139-4ff5-8d5e-5decd029cb96	6375
d40b02bb-de04-45d4-adb2-dd71c139c9bf	6376
1d0a249b-5892-4e09-b50d-3c0755bfae77	6377
4562f431-4019-4ee8-892b-53cd87795655	6378
d4675794-9ad3-48eb-bcd4-b98be183b396	6379
970fb29f-e288-403e-a388-d2a7889bfa47	6380
b72f115c-8afa-4dc5-bc6c-11225a53708a	6381
a5106366-6368-4a02-a580-73a3c02abb2f	6382
63134699-ca51-464b-816d-3f32efd4a093	6383
4889bd79-347c-448d-92e7-54620fab9dfe	6384
e3c8b0c8-3fa0-464b-b1f5-119cb52d3817	6385
e33c460f-011a-469a-b934-08932a3729c4	6386
6d1a1ef7-beda-400c-9da3-8761e7ecd3e3	6387
7f565c58-cf5d-441b-821f-c314ddf60c99	6388
fd86da6c-c2e2-4792-85c8-b68282da6271	6389
e5ef73d3-58ce-4a71-bbf7-72cf5cb2393a	6390
a8540ea0-1a74-4c22-8b70-1348a77a74a0	6391
6bb0bcaa-f96f-4c1a-b51d-c766db2af8ae	6392
002e9f6e-13af-4347-83c5-f5ace70e0ec4	6393
dbd8e1e8-b3d5-4c5f-9343-bbe5e86380a6	6394
fa598e78-5cc5-4a8b-a3b5-63934d4712c7	6395
b9ffd0e7-7f95-46db-bc1c-8094d459f084	6396
52fe888b-112f-4023-adc9-f8287f177f7a	6397
df9a1914-7fad-4900-bdd4-d7811712a2a8	6398
115930ad-f040-4689-b9ef-0da94dcb63e8	6399
74f5365e-d77c-4a33-9715-7d5f049c9fbb	6400
ae4e3542-7838-4a6f-b753-08216be5a6bb	6401
16fdd9af-467f-47ce-bd29-3413b445b90f	6402
ba1bf556-2af2-4772-835f-ed2e15070758	6403
b1a7ac99-2ea9-4d3e-b17f-1cad379e46ae	6404
70047e57-0153-4117-b0fc-a1d2e322e5ef	6405
638206ee-0e3d-47cf-9769-d73330b15a87	6406
dfd8ee47-6169-403a-be9e-31c75293280e	6407
3e7ef7ed-18c1-436d-b946-7e7e63ace408	6408
22f74ff1-ecec-4ef2-b1f7-44fbb8139f9d	6409
02db9e84-a750-4d22-b5b1-c769e698dc6c	6410
b02cc1b7-35ef-4804-9678-e95085e106ae	6411
c68ea4b4-85ae-481e-8345-959f6cfc1fdc	6412
1a9a8ca0-ea8e-4e9e-96aa-288155bb2c5d	6413
79feb79b-8f0d-4306-b30a-e28bd88c9323	6414
0a92c550-20c7-43bc-98ed-777e13c54dff	6415
1de9c97e-2409-409b-bf99-3ae711af6e4e	6416
2cd6d8d7-e98c-4d38-8d80-ea264528e586	6417
24cac374-29bd-499f-a0f8-72165d2f2f43	6418
becd8cc6-a453-4183-af88-dedaaec859a6	6419
5523ed49-38bc-44fa-8670-2a9c354de0b1	6420
4e6daf86-a5c9-42ea-9bd2-9482a71c38d4	6421
918bdb15-3c8a-4123-b438-b3cf72782508	6422
1d46cb3a-8071-45ba-855e-74e3cff20974	6423
ab7d49fa-c383-4c41-b890-3fe68e559dc4	6424
57976431-1a5c-4968-a422-b92c5e9b0d4f	6425
b5c2fdfc-d037-45b8-84f9-09ebb7ff8aa1	6426
cb50b2a7-a2cd-4099-961f-e8b71abb7dfa	6427
0af8e9c1-b9a4-4fb9-92a2-c4feb3b7c999	6428
e1194e66-e4f0-4351-9d26-ac95df530d0c	6429
917bc621-ad02-477d-9308-a0304c5f9727	6430
2f2fbcfc-4631-4024-8105-289aeadfdf1f	6431
707d26d5-51ee-42b2-9bc4-19884689d51c	6432
9d98662f-48d3-4243-9bf8-36b697458ffc	6433
7591796a-a545-4b51-ba52-bf2539b90d99	6434
55affee6-ecb0-42b3-9f36-40b6da415871	6435
748161b8-ec62-4423-b6f1-3a8026190ebb	6436
6b1614f1-8aec-49b7-868a-9167d9b14767	6437
1c370378-c599-4639-9492-e221895c8c42	6438
9295f2ab-32d5-4f05-8c5d-44daa34e81fa	6439
3b709eac-a251-4cc8-8259-4b379c4b9331	6440
589979b9-9330-4ce8-99c7-fa073b9dc950	6441
edccc6cc-a517-4cee-89d1-a8bbc38c66eb	6442
6a64eec6-39a7-4ba4-9939-cdee01fb4c5b	6443
4661d98a-95bd-4cf1-a693-4f9f25691ada	6444
da6d63da-e2ee-4a85-a91b-0f7b322a9212	6445
70693ef1-2d81-4b35-a483-bd78553db176	6446
33e09dd8-a998-4e1a-9e69-1a6567a3803d	6447
be00aab1-4b85-433c-92f0-39409436f8af	6448
13d2e4d7-f439-4119-bc59-bb590fc6573a	6449
1c3a3cb2-4827-4f15-8337-70bbf1afdf05	6450
e9b062a3-8b46-48a7-87d2-ce94c7cc8322	6451
d7f5305a-15fc-4af4-a61b-f6f45510cc8f	6452
7d663fe4-debe-495f-a8f3-202c8293f0bd	6453
c08d2dcd-3c9a-4e5c-b444-c48936de2707	6454
176d2217-11a2-40ed-bd72-6d16769fe044	6455
284f32d7-f71d-4eb0-a85b-0ffe1403ceb8	6456
4023f80b-9693-424e-888f-411031fdda66	6457
c53d4269-cb9c-4940-92ec-f398fa47b190	6458
8cb8b329-e152-4394-80d0-6aab033ec16c	6459
f42ce12a-5007-48b0-8730-f2348784fac6	6460
eb64fa3b-321c-46e7-ba6a-c50213e5654e	6461
eeef9e6a-460b-49ca-840f-b55481b47297	6462
5b2fe949-fb55-4b53-80f4-501612720f72	6463
08f3d5b5-6b03-4c87-9148-87f94531465c	6464
9f7829b2-ce55-481d-93dc-b63be95f3637	6465
2736bad5-6280-4c8f-92c8-27a5e63bbab2	6466
c4f0dc3e-f4f4-4395-a8a6-a52905e8ecfa	6467
b69d82f9-ade6-4f45-88e5-953353aad2b3	6468
c5809c0d-785e-414f-9f18-e6402420e4c7	6469
00cf472e-7868-4343-ad2c-92dd13261d43	6470
cf1e3271-7518-4330-85be-7fc9c209543e	6471
c75d637d-bcca-4123-9ffa-fab3c01be71a	6472
9403a688-503e-464e-bb37-84626c57bb42	6473
3927ce7e-5840-462d-9dff-2858c1c901fe	6474
1a410219-6d65-4aba-87dc-b0fca2f50658	6475
ab80d6b3-0caf-4040-9a9a-6ed3c88d941d	6476
35525e20-eaa9-422c-a463-007acd12c74f	6477
ba8b72b4-6e97-4175-a0ac-f1702300aca0	6478
a019a8cf-2601-4a81-b3c3-7b279a873713	6479
43dc147b-a289-4e64-b115-6b86f9e47de9	6480
d8509f43-22c3-4e47-8879-213654ad07ae	6481
3d46727d-9367-47b8-8b8b-f7b6767f7d57	6482
50b3ef68-29c1-42ec-92d5-90e0f40fdf7f	6483
9539f36d-a5d4-4004-8c07-cb785e1d5e23	6484
8df2629f-8ae9-4687-9207-4cf3c22cc763	6485
a1db6190-4f83-482e-a794-0088b2b4136d	6486
6139805e-c6c1-4090-b890-f0a427c9d05a	6487
93af916c-be73-45b7-ba88-5c9b0ef66d48	6488
1cf39e0b-c595-46f7-9ea8-4d2b14843c81	6489
819eaeb2-8dd8-48a5-ad07-0bcd137985ef	6490
c3a7d505-6ff3-45dc-a45b-b2fb6e39ad1a	6491
533ee016-4a2d-40cd-9ae4-9e3923a63872	6492
de1bbff3-602a-4c55-a232-117f088889df	6493
23b8b593-44ab-4ecc-bb56-07b9789bbd4e	6494
90f7f8df-db45-4a6c-89fb-9e912f77eabd	6495
55bf17c0-91b7-405e-80a5-f49a50fe9d3b	6496
337027f4-4f29-42f4-bc4d-63e7d4e74e1a	6497
c98ca195-b19a-47a2-ab96-667cc21afd8b	6498
a273a331-9490-4508-9816-f540ea538711	6499
4d2949b4-eb5f-4296-b71a-04603c6a9802	6500
e9e85a54-074c-4d29-a886-bcaaa9d44f9f	6501
5db9f569-cadd-4f8b-b460-d4031b0b3716	6502
157fa1d2-3399-4523-9481-edd2e2f57400	6503
81a366c4-a909-43a8-bc59-375a9f384f7b	6504
bc27c60a-a967-41c9-9633-c682ca0d77d5	6505
adcc6c98-0bf1-4d54-84aa-2249cf5e46bf	6506
23c037d9-7fcf-4e16-a731-a6010e0091fc	6507
9b91b443-dd2c-4af4-a58e-5d25a55591b7	6508
bcd6af9f-afa8-43fd-b1be-acbbbb2f7dc7	6509
85d7666c-d3ce-4e2c-8b1b-f20db7cdae4f	6510
36f56187-14ca-4f20-857c-574350892663	6511
924203bb-da5f-4bd0-9630-c753c7cb9774	6512
a40a8b2d-a430-45ad-a8e4-969498762f55	6513
825e45ca-796e-471a-908f-8bfe2453a454	6514
6eef76dc-5215-433b-bb29-a07121637602	6515
593f8594-83ad-4df4-a9b8-e4d225f55440	6516
acf2166a-7bf5-4d1e-a8b4-b3bf32270dad	6517
4f8b7186-b2a2-40db-97ae-6e1cd46d57b1	6518
bcbc08d6-4615-4f40-963c-5158ebe2b9e0	6519
16456fed-c9f2-4adf-b6ea-97b648c474d2	6520
c9368a03-bf26-40b6-bdfa-9af8d10b568b	6521
c661021c-3a9f-49d2-948a-c7f357cb1c87	6522
e78cd130-3717-43a5-a00a-84d24682ad5f	6523
9db654b6-f1ad-466a-be4d-d6883f2bbffb	6524
8eb5c47c-4847-4c4b-a041-879d8fc5fbf3	6525
628612d6-c622-4af8-977b-4c03ac883dcc	6526
2121424a-6317-45a8-9baa-32a7d6ff9815	6527
6d3f44c3-132d-42a6-a45b-16560b30a1fc	6528
1d5aa664-2a04-4e5f-8751-0e919e8d68f0	6529
924fe8ad-53d6-469f-98b5-38beb6cd9c4d	6530
d1322057-e047-45ee-a573-769b37a395dc	6531
38473763-6d15-4492-95ba-67c21bcd3355	6532
403bc4cd-602c-4b59-8379-05cb24f66aa6	6533
28df1bc6-60e4-4423-9c7d-c0e7466b9300	6534
42d79b6b-2cfe-43f4-b5d9-239503074153	6535
280d1620-bf50-405c-a232-c4d9a518bd42	6536
66f339ff-4591-4ce0-8ded-1936adfca67a	6537
e139d91a-f295-4a9e-92f5-61590a359e40	6538
d4f82967-4008-4481-953d-399d089753dd	6539
5c0d3974-33d5-4f7a-bebc-8f50c057927e	6540
3bb24e11-821a-4e4e-bd89-e0a2452474cf	6541
4b4b24bb-a553-4726-8c4d-a571a881fe59	6542
844bc028-d3c5-4656-a874-57232df54630	6543
4df5d35b-a9d4-4d4f-91f6-bae55693de31	6544
cd4f7c44-9ff3-4660-9f93-170fef83edfd	6545
a39f32cc-1369-4d2b-8236-a2a464332bb2	6546
8e6c3ef4-150c-4333-8069-4b2f4f21f29a	6547
038919d5-da1b-4a53-a5e9-b552baeda8d9	6548
0245b547-04a5-42df-8f75-eba5ba3b8061	6549
a68022c5-fd79-4e6a-9b58-244f27c87de3	6550
ae888df0-2a19-4895-a654-e0093875d5b6	6551
4374ef60-619a-4c03-903e-9ed6ba187161	6552
275563da-6962-4dc9-bf50-7675b834b6b3	6553
1870fb43-50f1-4660-a879-bb596d1519b6	6554
11901b0b-cda0-49dc-98e6-0f3e497826ec	6555
8c4519da-59e7-44b5-868d-350dffb30b51	6556
0c6b687a-1225-47a1-b6a9-55381755ecf4	6557
dfa0e21c-ee3e-44da-81d5-58e3c1218a9f	6558
6cba59a1-6fa4-4d6c-acaf-451c46281d15	6559
919e82ff-f3f3-4b05-a7e9-c28d1c7ac981	6560
465d9d68-4a5c-40e8-8c82-e15a3da89eea	6561
7fc19844-795c-4beb-87de-95c9c9c8a044	6562
b93c736f-a82f-4cae-9e57-a60b12d7055f	6563
787aa69f-f419-4e24-8c13-33511a20428d	6564
c3deb2fd-88c1-4489-8c3b-3883a6391fac	6565
1b54e90c-638e-4fdd-a20e-4ab09db9fdaf	6566
1bb13296-e8e8-40de-a1aa-fcf1df94214e	6567
27672880-726b-423d-8456-72b8f404710f	6568
4d436119-8d30-4804-9e0e-164b1bfaf58e	6569
6c8d5d17-aab0-424a-90f1-d579012b33bd	6570
dae36f6d-dc92-4eaa-b74d-d6470aa338d3	6571
7210704b-06de-42ee-beb6-44e65357b12e	6572
f8a5d80c-a6b7-414c-9482-c5d710171622	6573
03df376e-f696-4df0-a8e4-3bbc9c8c1c5d	6574
ba50f1a8-ddf4-4316-add1-ec1835d61439	6575
a436dd02-0549-4c91-b608-df451217fdeb	6576
1c5efd53-d6b6-4d63-9d22-a15025cf5f07	6577
ff3e120c-c929-4ad4-bbbd-04d1689ffc54	6578
2393ebdb-c80f-4439-8ddb-9e2f96caaabc	6579
fdd1f131-4bae-456b-8bb1-c132d2af8e6c	6580
85d11e93-af0f-4829-873e-ac07e539f51d	6581
93336372-424a-4c88-8e79-890053f63337	6582
898b645e-eed2-490a-8ce2-0e7a4d2d5bc8	6583
49afd610-0265-4ab1-9e13-f0cc98e33e1d	6584
82ee7141-6b93-42fa-9fbc-faf2fc964870	6585
9824f91e-92e2-4456-b94d-2b960d893919	6586
f0bf4fa0-028e-452f-82d3-7d4375e105dd	6587
6b28ecf0-94e6-48bb-aa2a-5ede325b675b	6588
73fe4a37-6860-4bb5-b3ec-0d0c367900ea	6589
b134d1bf-c7c7-4427-93ac-9fdbc2b59ef1	6590
3403f3e3-c18b-4119-8c32-899ec6d70788	6591
e8d3126f-35a4-420b-ad71-6b72e967e920	6592
efc0ee36-ad69-45af-8602-991b254b7529	6593
02295e8b-8a73-493f-b26c-efac82b13a15	6594
c0d35199-d7a8-4d13-bf8f-8997934a0a4c	6595
d6c7f4f4-fbe9-45a9-b175-94aad407bcfe	6596
2bc3d11f-58fe-4adb-bfd9-6d316973005a	6597
1339fab0-3ad8-4b8e-afac-7b7ae34509c7	6598
c622e2eb-dd68-44d7-b01e-bde489c16713	6599
3fe817fc-966e-4ece-b00a-76be43e7e73c	6600
16a43d5e-c52d-4eaa-9c3b-00b2c1d8e816	6601
91e2e08f-abd7-44d6-9a84-b8a4afa8a265	6602
ca1ca0e3-8506-40b4-ac29-dbfb60c5a0bd	6603
0a41f86c-ced1-44e0-95a2-5c8b2368ab1d	6604
8996b655-fbad-4018-b430-1bd8fab43235	6605
c90f1ed5-109c-43af-adc0-54c900d30a94	6606
e8585cbe-912f-47b9-a253-fca09d013769	6607
a79e35b4-4b82-4e6d-9689-63cb92d558e9	6608
e5fa4bfa-2602-409d-896f-07f6964be86c	6609
7fe36010-433a-4bcf-8427-7a972670e56f	6610
d52d4bea-0fb6-40a3-849f-9f3a7f227726	6611
3c9f8bef-a658-4204-9ee8-7e95d2535b32	6612
b1453649-6ff6-44bf-a71c-9e6062298c7e	6613
d703af9a-d993-4f00-92aa-14ea284e39bd	6614
ee83c623-883e-498e-8c00-fef503d87434	6615
54a96913-f42d-4ffa-883d-7f14fe897ac1	6616
18e9bfd5-db23-4bc1-be0f-5710e5d656e4	6617
9d30e408-1559-448b-b491-2f8de1583ccf	6618
120e728a-4078-47b7-a31c-d581ade28bde	6619
7986c185-d91d-4204-8ee2-eac5d503fe39	6620
f7f4c28d-2a57-4c44-a74d-112105bbeaeb	6621
997117eb-5a4c-4a37-99f9-f2515e2d9739	6622
9d119d4b-7a7d-4aaf-be18-727c9d1b6ed2	6623
8dd216da-6db2-4130-9a7c-ece756d1394d	6624
d6cd2165-7877-4ca7-ace9-34dacadaf393	6625
7c1e7bfd-3566-4833-b1ba-76f074c8772a	6626
24295618-32d7-4a6c-a142-98b19d69b89f	6627
b6d0f5b3-a6b3-454f-b161-9bffaeeebae2	6628
f28a0e2e-d469-4f9d-8080-f5548fc1a239	6629
bfef61c6-53c0-4a12-9a42-1411111e7402	6630
6b014cfd-4927-4187-a741-715998e6d785	6631
ced4c589-d194-4c12-9a96-398086940367	6632
1f1f6737-b930-46fc-8d25-110bb99f7490	6633
7ade0ac8-bb60-4429-9623-30e2fe515b4d	6634
13bcb2bb-db37-4397-baf5-e0f085be2d64	6635
ce008ef1-81f6-42a4-8a53-287115f619bc	6636
0372006b-dcf8-4fb9-8694-d5ea3d2540f0	6637
b0e81c40-ea89-40b9-95b3-e63d5cad5e67	6638
1cfe52d7-181a-4b3a-8041-d8bf9ccef57b	6639
243c6f61-d83b-4459-bebd-5899df0da111	6640
0cc9e56e-a623-47ea-b5f2-1a1757cc2426	6641
0d85b9f2-802d-48bb-aa85-6a9668869053	6642
5bae7081-64ef-4473-825a-38d310deb14c	6643
f9db232d-6513-43b7-b6cd-1d73bcd65a58	6644
084d3624-52c1-40fe-8710-971c97fb742e	6645
05e536dd-abaa-4e87-b9c0-678eb59c38c8	6646
c365bae6-5dcc-406f-a27b-0adc693f068d	6647
5719f1bd-ee0e-4454-b402-8e51ba9613fe	6648
72d8a570-eb99-43b9-afa8-0e79c39a6522	6649
a800acf3-ca6c-4617-92cd-138df973404f	6650
fb5280b5-9e0c-439d-b275-2d8b5bffc19a	6651
f318b2c0-78f5-4795-91a3-0fcbc4bb782c	6652
9bd20e6a-b41d-4983-a5b6-c0ff849fa235	6653
021810b3-8775-4939-bc99-e97efdfadd6c	6654
99acd557-c4e2-4086-9be9-85f57184dadc	6655
4f6654b3-0ae3-44bc-9bed-e9477446beab	6656
f443a331-2623-4d50-8797-bfb204850253	6657
c4b1c92b-5d6f-4f7b-a9fc-3055c7ac072a	6658
34906dfa-436c-496f-9911-34d4001dca81	6659
00330ad2-6d94-4957-b3b0-7ca1ea6f6fd6	6660
8aedcd15-34fc-4f31-9817-cd444a9b3789	6661
af45b4e2-eaf8-4a2f-a661-395911c1b256	6662
7feedb9c-bb19-4d4a-93a3-b534ba0c0bc3	6663
822a41d6-8881-426f-8dde-f5946b388983	6664
8df95482-901f-469f-a268-73b34e05dad9	6665
65d3515b-0b13-4a33-846a-b87dd97c4414	6666
adb75ba8-13bb-4a87-ac32-1b853f91d5ba	6667
25302723-b24f-4d0d-ab5d-1b4ae0195ac6	6668
ee846a6c-f354-4286-a898-b4fbabdcaf5e	6669
8cac2cfe-16e7-4835-b13e-7b3ae3aa4bc2	6670
9044c2be-02a0-4de3-8e99-e0231d8f9f31	6671
47f94b87-c184-4a9a-9f17-7c4e7e5abeff	6672
17f7a870-613d-4892-a135-3940e212295e	6673
a043cfa6-6e87-4975-ac27-5005bdfa7afb	6674
2ddb1370-2a5c-48fb-957e-21e2f64cdea3	6675
3ed6545e-8296-431c-af76-cc6f1c6dd50a	6676
5ca67d4f-d909-4cb7-9f43-89f8b4cf7e95	6677
b933c51b-e8ef-4403-99bc-3b650494d5ca	6678
4ef5ed49-7ea3-405c-a381-04cf84e17d8c	6679
50e09f1f-c000-4e56-bdf0-6720ad947dbf	6680
507cfd17-86bd-4b7a-a1d9-095011489db5	6681
f5e9718b-c3e4-4154-8f4a-be997f391fee	6682
5bb613eb-de06-4e59-b586-c6adcf3e1d6a	6683
9e47abb1-7069-4d40-8d16-8b66770c0340	6684
ecbe7008-86ad-4eb2-a75d-25e9c91c750d	6685
5dd3747e-3abf-4379-b59b-ffeb44074c20	6686
1ba347eb-58e8-45d6-b7e3-09873dc2506a	6687
47cfcf6b-44d5-4a8d-ad12-47722c88468c	6688
dd647c98-c682-4a47-bf56-4d7df5bb62b2	6689
fac24966-fc3e-4221-905a-f8897011bb76	6690
13170c96-4092-4bca-ba41-8c294bc457c0	6691
23e70bbf-3a0d-4e51-835c-9b342812aa16	6692
287739aa-2e3f-4883-b884-f9ab85b5f002	6693
83e5d4c7-0e5e-4084-8ca0-f8f93d7469ce	6694
feb23602-cca0-40fb-80d4-b3fe4a760b09	6695
8cecffe6-783a-4aeb-8720-68e46cc5c55d	6696
3e904023-557a-4cd8-8aec-bfebf68046de	6697
a619471e-ee2f-430f-b57b-262f94457559	6698
b3b9eb0c-d0b4-4570-b816-4e05e308b444	6699
a774549d-0bc6-470f-a055-c4b12dfd0085	6700
324b9329-7be6-491f-9ee1-65bfa10c7577	6701
aa3f9680-c2b2-4afc-8c6f-a5137acdc9a3	6702
07201970-ef9e-42b3-9e42-2614c8b2812d	6703
0b483ac2-aaf0-466b-a5f7-daa8b9c4de20	6704
0efa1646-360b-45b8-bd00-29ae7c0ffc34	6705
537a61fa-83cc-44da-831c-07477cb108e4	6706
04271c28-b9a7-4724-b7fd-022409fbce60	6707
3c12ecf2-91da-4d4a-8462-e4d5d9e273e7	6708
62ce0f10-45f8-491f-8393-9cead046c194	6709
0ac4c20f-e12e-47c2-89cf-d29558b60b40	6710
abb5de38-d3ab-40f0-b98b-87ab0fd779e6	6711
984a6093-aeac-4cb7-8a84-b3e5006b7e2b	6712
04124bb0-1f13-468c-817d-af9a0e7d3a50	6713
4083d781-7973-4717-8e1b-0f8786437709	6714
50c0ec9a-a2a3-4888-a8b0-a0cf565e5ac7	6715
8f0c77a9-620b-491a-9d24-b69e2c3c2b1b	6716
f2a5a441-bc7a-43c3-bdbe-c6c4c8010c48	6717
cbdbfa40-a839-4fa2-a5e1-dbd6e84fe1fd	6718
ff82ff36-5d5a-41ce-b305-0ccdef9c4cdc	6719
fd14da1b-3c2d-4cc8-9ca6-fc8c62ce6988	6720
0530066c-c1fb-43d0-ab1a-305331f50754	6721
95495d6a-c1f2-4a62-b0e3-b9c5f2e9dea6	6722
48e18c9b-371f-42e6-878d-633e25fa01fd	6723
da5e774b-026a-4117-82a4-11d246c05a8b	6724
0861709c-f407-4b79-9fd3-be641c6c7d1b	6725
647db63d-3ea5-4972-8bd2-8a981a342889	6726
4db2af78-2c2d-4677-b2c3-33c79949424c	6727
e12903cf-78ff-4d15-8dfa-54985733827f	6728
c551925a-c036-4a4a-b0e4-3acef542663b	6729
cf4a958f-d781-4780-9c8d-9cb09aab19b7	6730
1de8629a-9dd3-444c-86a0-9f9bd8c02218	6731
8b8ab7a4-add8-4353-a586-e1086e521af8	6732
2ed3180a-ff26-42e3-af30-f68fb9fe2334	6733
ab0deb6c-0fad-428a-ab95-1b3256de20eb	6734
a9a7819b-8c6a-4b9a-a3e9-cad0471963df	6735
bd6155ce-d874-4258-bd27-bbdd77c6f181	6736
46193c80-959a-499d-b42f-f33ba7b9b18e	6737
8d88f4a3-0cc7-4f5c-a46c-e669786c8e62	6738
69ead53e-b2d4-45f4-b777-71363fdeff28	6739
fd64e185-9973-44d5-ad09-5d5562804292	6740
c1365ab3-93b6-45f0-bc40-c20cc1d20b09	6741
861dbed8-5662-4778-9eca-3abb2245710e	6742
d31e78a3-4fd8-4b10-9c49-0ee8d4dfd61e	6743
cf8ffbfe-02ba-4b91-a608-9783d91f709a	6744
e9a4b76a-cf82-46f5-a166-e93473624189	6745
b58165ba-ac55-49a1-8855-caf16c68f5f2	6746
15b1cbac-060a-4136-9e07-4622c52c0f60	6747
56c6ebf8-a19d-4462-913d-049f954608ed	6748
606da894-aa6e-4a13-b253-e37b4403e9fc	6749
67f0c7ca-14e8-47a3-be0e-bd2f2ffe25bb	6750
fddf4c3e-fecc-4fe4-83d7-eb830dcfee2b	6751
dec32f34-eb0d-47ed-b1de-d6eae549a93c	6752
280d9262-c2fd-4875-a971-13a28a22f18b	6753
db648526-4e44-4fbe-87e7-048f6dab95d8	6754
3fa17b15-b8d1-46c4-a0e3-6e0f2a064a1d	6755
1f48f09f-0c18-4e64-9392-0fecb326da89	6756
6c51e42b-3e64-4bbc-9c9d-c9d452d2870d	6757
441111d5-fa9f-4f08-bb03-60a081394487	6758
cb882ad7-c2de-485e-9986-0a1462a2e254	6759
e2c8b2ea-8b6e-4d6e-9ea5-e2b34b073045	6760
5b325da9-3ba7-41a8-8b2e-657ee837f65a	6761
77c1d20a-2374-42f0-8059-61d1f453d5de	6762
a5dc5cae-31bf-414e-b75c-699c856d305f	6763
fac7e802-9a98-4cd2-ac57-f28d689dce6c	6764
0a3b7840-a488-4e7a-a776-1e0bed40da4a	6765
6590156d-0ded-4b18-a9f0-ad450df33e77	6766
00c168b2-5ea0-4838-a437-62cbf4a4d003	6767
59e8c378-08ae-4406-9213-2bc5f918557a	6768
b370defd-86cc-42f3-85b4-7c2a8305c04a	6769
29a001b5-271a-4359-815f-32c6671843e0	6770
ce71c621-a515-4af8-b755-dec9c1937ef4	6771
df3131d7-9cbc-4ad5-945a-09e979f003f4	6772
5fa419d2-0381-40cd-b56b-26364fc13375	6773
d5f2a267-a363-44f6-8b02-b1fc61d1e1e5	6774
e71c4fbe-c6aa-46b9-96cd-772824c6de18	6775
92d08305-85df-4c25-b4dc-75a9a28a36f4	6776
5805761c-fa24-40e5-bb79-295a64195bf7	6777
0d4c4273-66e0-43e2-a3ab-dd9c262e1682	6778
5861040a-93bf-4bfb-a314-7f3979367543	6779
b2cfebaa-0e1a-423f-b0c2-4b2ce65c6523	6780
dda1dc9e-42e9-4c35-bed5-b5846d71de9f	6781
3a04ffc9-843f-44ba-b098-49b68e6f7f48	6782
a484da54-e795-4708-a289-f425710d8e53	6783
c8c01789-646c-48fd-a319-946db1d06d4d	6784
a1f8f29c-4163-48d1-9469-35f74e61ee4e	6785
df6f37f0-b528-4127-9d5d-29b4c8959f4c	6786
b948e199-ad8a-4321-9a84-58f36226d9fa	6787
d23e3d24-f725-46ab-a89c-94e2653d12a4	6788
2b1ec960-982a-450d-a27b-d7a77a1b40ac	6789
97fa7dd1-4706-4fad-b6ff-e099a37837fc	6790
1e76c9f2-2f79-4521-a418-a3c22eda30fa	6791
c8762355-2d0f-4f37-af51-500baf7c4331	6792
6e019bc6-5c23-4935-94f0-4a896631d846	6793
b5ffc3aa-b868-4b88-905f-d73d51dbe51c	6794
a6c97c30-4d97-4929-a557-1065fae53b4d	6795
66101a13-70cc-40a7-8371-abcb78012aa3	6796
582db984-5fce-4cb1-928d-12404fa570c4	6797
e9e2a634-984f-4c10-bf7b-7970179e1ef1	6798
ef454227-c310-4a03-80d0-79caec4492a5	6799
d89de379-665d-425c-b2e9-41b95d1edb36	6800
2e3b75d8-00a8-486a-b4e7-a1f8f65e64c9	6801
355facf3-c72c-45b1-9727-8d9cc6a5ed39	6802
328a311c-e924-4a63-a79a-a5bb9801dd1c	6803
61a12e16-137b-4e6b-801c-0ec7e6287bfe	6804
680d9f43-3287-4f16-a9ab-b5904746f745	6805
c2a44e93-3a2b-44aa-bd8b-7a71bb76e3b5	6806
7bb40169-4789-4a48-bf66-605abd910dc3	6807
f6acd23a-56fd-439e-a69a-99af379d4411	6808
86f78011-5087-48d2-8922-c381d2eb0c40	6809
3619a3ab-a31a-45f4-8b8f-2f29cc7ca8d5	6810
29266b3d-b5ae-4d09-b721-326246adf68f	6811
26cc84a4-a762-406a-b06a-2dc2e72523ce	6812
705076ef-a0c5-472f-bebd-3e72174fcaf4	6813
8472f0ce-c57d-46f2-93db-d4a6f6e6473a	6814
e5c6527c-1895-454a-b0dc-f5bcf8bd0414	6815
d9d01a26-c0f9-427e-94e3-2afa01e7a5cf	6816
74d23930-2f06-4fd9-85ce-122c3d7d30ff	6817
fa79cd15-4cab-4404-9dee-d7e87c67031d	6818
ad16631c-867c-44c5-8fba-25e239c51000	6819
3e46f4da-eee2-455f-bb72-9ca83887e9e4	6820
5cad62bb-d08e-4ed7-9b22-7c2026587fc4	6821
1c964d5b-ddf8-443f-a722-4e3d57b55d3c	6822
45fe1ac4-c260-4825-8eeb-faad7988dc10	6823
b7a4eab2-75c8-44ef-aa2d-06a6b3a36165	6824
9e759871-95c1-49d4-8c59-c171a01c9d8f	6825
93942b87-215a-4626-b5ec-bf129d9fa2f6	6826
932cb13f-677c-4e63-beb1-fca45574d280	6827
0e5b035f-3b77-4e57-8fa9-b6fcfa4a7373	6828
bba11721-9195-4a6c-8218-a128c9ef5846	6829
3a58d9e0-fab3-4ac1-9f8a-157f5f428997	6830
68179c0f-792c-407c-8b51-fc2f1b72be91	6831
1bc1aadd-ce79-472c-8490-e677d4e26a47	6832
4e3e072f-452a-4bc0-a993-2fe3d456e908	6833
ad0811ea-e213-451d-b22f-fa1a7f9e0226	6834
aaf6e4a0-5009-4664-99d4-1b534277c686	6835
dc3dbfc1-f1f1-49c6-9d7c-425fabf3ae12	6836
2b615bcf-baa0-4657-b9a5-1a5f34c386c4	6837
8c9ad692-0b05-4388-a66a-e002ee787ef3	6838
35f92c4a-69d0-4ed1-ab9e-05259db89d14	6839
2228019e-67b4-4d2e-a101-f2d5dcaf892f	6840
96cf8760-18ee-443e-b950-4a219e55e443	6841
bdbd48f5-abf3-4a4f-9a21-4551dbc3fde9	6842
74508b04-b376-4f38-966c-f16d53eab3de	6843
88f219d8-4140-4191-af4b-de81c7c587c4	6844
712559c6-5805-4aeb-bb37-e093c490db40	6845
4bb712d6-8be9-4c09-810a-eb3bed2be345	6846
9a5e684f-8c8e-474f-bd03-0ac39d35df6a	6847
ae21a40c-e6de-4419-9295-d4fddcc0d215	6848
0579e174-f377-4fbb-a3bf-db7ddc7aabb1	6849
3cbfd3e3-6d9b-4327-84ba-42cf646c98f9	6850
973d7c4c-11b6-4424-980a-eb9262a08589	6851
d12ff4e5-3ae3-4320-827e-d09421e09fd1	6852
30d639db-5c8f-494e-a937-460a4b67f3b4	6853
f11e83a3-f5c5-4480-923c-64ba532a8733	6854
ece61599-470e-4eb6-95bb-0ad7030809b7	6855
9ea1ba7d-1d21-4208-9b8d-4b2d1cba5a82	6856
43a5364c-7096-4f9b-ab63-b71d62af52bd	6857
e766f7aa-ca9f-4f84-aaf6-886a2b97db23	6858
a03bdd54-fe66-4785-a027-05fbf544e2cd	6859
9cdb07de-bd54-4985-9494-849ff7ad95ed	6860
5156bb2c-45d7-4660-8234-4d84452c93e1	6861
344c7977-1c4b-4010-a0f7-27d9506301ec	6862
462dabf2-b1f2-4f8f-9b96-05a10796b675	6863
8fab478a-6800-4b5c-ae98-01d65eeec146	6864
331de830-024a-4c7f-ae0a-23cec1e6b450	6865
a12a225b-e835-42e2-aac1-00bd43a09662	6866
3225d99a-8b48-43bb-8c0c-d4a8845be472	6867
ce5ddfcd-bd2e-487a-b06a-cae007dc112e	6868
c231a7c0-b0bc-4eab-ba45-9c1ff02927a0	6869
1c4570ee-36bc-432f-8065-ef4e273a6b4d	6870
e1f115f2-9784-428f-a403-df0103a92de4	6871
8b1ff40c-2f5c-4121-8f3b-3e8db0b80606	6872
7bc3a2d0-7eed-4b42-ae96-7d68c644454d	6873
1bc6e6a6-00aa-4f83-b809-0c7fcbbae9ff	6874
e334509f-5aa9-4596-8762-50a6c8a422f4	6875
fbb941cc-6891-4c8f-8697-1e464aaa8c78	6876
66904609-750e-4c35-8943-c724efa761a6	6877
eff0f76c-9d4a-4c80-b59e-5b6b5bcd8643	6878
d2266a12-b654-4c59-8d55-2e113537eae9	6879
16aae9fa-d8f7-4e2c-a907-44aee1ad67fc	6880
83237b6a-be97-4fdb-ba53-bc979721987f	6881
f49445df-5de8-4597-9fde-cda38a4e5442	6882
5879a47f-c54f-4ebe-8d63-cdc9c6310dd2	6883
ec93e078-ef9c-4f0b-aab0-6eec009443dc	6884
b0dc0db6-d2ac-4206-88e7-2c85105c0c53	6885
741fef2a-c9ed-47fd-966a-eb911f488378	6886
e4d0504d-a0cc-486e-9f8f-32da470698a5	6887
5e13f1c0-6648-430d-92e8-6435119b0036	6888
ec81be28-4c2c-4711-b8fb-c4c94e5bf112	6889
49875fef-5345-400b-8a00-f137ce28bcbe	6890
1cc7ebc1-8ea6-43fc-a8c2-6f2836f56c9f	6891
8b46a7e4-704d-4f8d-973a-a0ab8ea8249b	6892
65a8ee1c-20ef-4e2d-bf55-33a35bd7e644	6893
c6a54524-35b9-4716-b7eb-31411e2bcc19	6894
7b185c70-0170-4683-ad2e-7f448833e06a	6895
90e8b39f-efa8-4b6d-b24e-c25bfe575328	6896
b4b6743e-45b2-4c36-bcde-e5037ffa0b7a	6897
5c9e111d-579e-4eb3-a6e4-51e223635ee0	6898
be0e9a66-3ac8-4f9d-adb4-0c8e6a373388	6899
20953548-6d06-4428-99a9-c284bfaa5514	6900
61494b89-a785-4c23-8402-de70cf7a9c76	6901
251b5564-6dcf-4299-b1a3-921885bdaf88	6902
baad262d-55ef-427a-83c7-f7530964f212	6903
18b25143-dd86-4170-afed-7a7970310d1c	6904
469eb232-7163-47a8-96a3-8c82d24b2888	6905
68bd8072-0412-44b1-81dd-807aa6c1918c	6906
76bea740-9961-400e-845c-33c189ad9eda	6907
b1e23ada-a7eb-42d7-91ec-67a43bead43a	6908
c064d097-4a1e-4e81-bd6f-22ba86ee2904	6909
75f4b30f-cae2-4812-9953-2e6969a16934	6910
9e6458d6-7053-48eb-ac8f-bf6fdf9169c6	6911
2aa07e57-bd8a-4fa0-ba5a-72e8f7c3e63e	6912
39977a2d-659a-43e6-b2ad-0c33687624f7	6913
0bd96fa4-9835-49b0-a1f2-7421e6a79dfa	6914
29bb04d6-5602-464c-8577-f55a27511b27	6915
c1f8e226-75ea-4fe6-83ce-59c122bcbca4	6916
9bf82496-9d7b-43ac-b3ee-076c90ada9d7	6917
fc1abced-ff90-4a42-9998-2e18cceef041	6918
67bb6c77-b00e-4218-b0d4-aa36b9e234f6	6919
fa37018e-3557-4cb7-973f-555003c30174	6920
d715b810-7e58-4dbc-9d7c-6f97242060ac	6921
fd092d99-377f-414e-a63e-3dc849ad2cc9	6922
f706bac1-a02a-4569-9164-9f3371e6fa74	6923
d24bd0d5-0bfe-43ca-9ddd-d731abda89d7	6924
96f25b78-e27c-4a0b-8850-9fbf9343d347	6925
1db93446-5b1e-490f-a558-d2c8528695c1	6926
9516242e-ab62-4e6e-8404-c453668567c2	6927
7981b295-c8ee-4653-97d8-385cdf8a0409	6928
dc8630ce-c5c3-49c4-a7b4-c7cb155f9b68	6929
f362fdd1-3ddd-4c4e-9629-ef170b08d093	6930
0e4df37c-a45c-4398-8c74-c2e9b53e3009	6931
ba03daa8-0a45-4432-881f-4de8e0e05305	6932
6b22de04-fb48-44aa-bd02-c1427f635477	6933
3b141e34-8c02-4074-b68a-7d64e3212acd	6934
5c0c9c6a-e85b-4544-a139-a8bb028ce69d	6935
6cb35b9f-1972-404a-8882-e915c39d33da	6936
32673e42-5ba2-4528-b3fe-a000a0c606e3	6937
4db5f10d-51d4-412e-9465-945150422ab6	6938
a04f1b7d-0d1a-4452-a4bf-51bde109dd58	6939
e5e88ded-e7dd-463c-994e-412ebab56fb0	6940
aac7d2e7-4e25-40ca-873e-3930acac4626	6941
1165d619-d5d5-497e-b1b7-261d1e355d96	6942
350a221a-b1a2-4480-8697-bef1910b1063	6943
fd1baeb3-0ee9-4838-b4c7-615c78d68d10	6944
711c9171-14c4-4644-9099-15831fcfa750	6945
ce55e49a-32f4-4757-9849-bf04d06d5fcc	6946
9d2dfa19-26a9-47ec-a45c-c354ae54b9cf	6947
685f97e7-b402-4cde-8e3a-17405a6fd6d4	6948
c176c310-59e8-466c-9099-d927ce602d43	6949
c00d0642-3c55-4385-83b8-ab0d0086fd65	6950
db9fbcdb-8585-4a18-97bf-42ceaa37b3d4	6951
c9757f7a-0882-44b5-8968-0485dace27a9	6952
2d4bc261-0c96-4599-8c9f-81d5dc0760c7	6953
42685d8f-4f9b-4d45-a72c-43bfb5e60dc1	6954
c1e343a5-54d3-46e0-87d3-f1710bfc6a1c	6955
e07afe7c-16ab-47cf-aef9-ed2611da4543	6956
ecb42480-bd27-484a-acab-4ef56de126d4	6957
d7fbbe08-e3fc-43d1-ab47-082ba7a4202f	6958
e00aa801-7772-43bb-af37-8b49fad1e026	6959
7b288ade-8d1e-4abc-b6b0-84eddfcb7ecc	6960
bb1c0a99-6abe-4675-ada5-601da83a926f	6961
9e3958fe-e028-48f6-8679-f14d968be594	6962
9b49456e-839f-4118-a4b4-55170a2a8e1f	6963
c8d08423-7f5e-4869-89ba-5d12f5325930	6964
dc083bd6-41a3-436e-9e0a-28b4dc773820	6965
808c1fbb-ccfb-4b15-a541-72bec155e696	6966
42d2d6bd-e942-4e75-a8ca-b54c61be90ba	6967
b89a2c1d-1024-4e7e-a809-cedbddace06d	6968
4439c2fd-a754-4f6a-b3a6-791b47726156	6969
af7f5e8e-ac05-4d55-b860-a4dc72c78e66	6970
afbdfac9-2955-4404-ae22-c08bf1c1b51e	6971
86a4c4dd-653e-47e4-95fc-485ded6de9da	6972
2393e891-c63c-4654-b7a9-c5fb9dc0c8a0	6973
34e17f0d-3b56-4302-92d6-7159ae237c46	6974
7d478bd2-d228-46a8-8a7c-ef68a61fd339	6975
66a01e01-a590-4297-b8ac-595982f1d3be	6976
c63b3157-959a-4100-8291-700f10b952a3	6977
0183c62f-1f0e-4e35-b09a-9fa0aa45da1a	6978
bc66a950-fc90-41a3-903e-b436e83c1e3c	6979
f2355c92-3970-4202-a976-60b6a5a155fa	6980
e9047e79-300c-4a0e-9110-621aa4a2d3bc	6981
8dd73d1a-0424-4581-af8c-ade3edb44c5a	6982
569c0d90-28dd-413b-83e4-aaa7c27e667b	6983
7d7a5fdd-0d04-4c36-8bee-906feeae239c	6984
0171668b-ba7a-4cef-8a28-22aa782dd56c	6985
958a3f5f-c980-4319-92a1-5d2c6e94eaaa	6986
94232a04-13fb-40a1-a21a-303fb0643623	6987
44a2b61e-5264-4c4b-a765-8f520a46a02e	6988
b4c4c0b9-9d1b-4dcb-9430-1f2c9e821c9c	6989
f8e9efed-d204-4829-b351-cdb6775c430f	6990
7d3996ec-e9e9-41ec-8f4d-e336f64fc7c6	6991
3df914b9-e0bc-493c-875a-c412f84ecdad	6992
3c9e1220-e9b2-45d0-9f8c-8b0a81a27bab	6993
d29c21c5-8ee7-474f-b5fd-55ac9f459d08	6994
ca402c85-8a30-4406-885b-a0234df0a4de	6995
8263126b-9b1a-4509-b88c-fd87e4d22773	6996
cbb81bc6-fc8f-4d90-8a56-b5e0b357de3a	6997
3b997560-44d4-4b50-befe-b3450f928404	6998
080c9809-0542-4ed1-aaa0-4502242c3e7f	6999
df6e6fe3-520e-4d9b-b80a-5081b251d1c8	7000
42291392-0853-4515-ba84-e6151e52a667	7001
34895ebd-1bcf-4a26-9fa6-90f0de85c600	7002
560a1d71-d6fb-4046-84b2-d619f48bcddd	7003
b629f8c5-9d95-43f6-9558-629b2a41033d	7004
8018e544-2486-4786-a21e-cb80e232feff	7005
6e08fed1-2f4a-4e95-871d-d4ddf6019e62	7006
ae934b5b-0236-431f-a9dc-81406c10e66c	7007
1cb54d3c-ba82-43c7-ba95-50c14f0d5097	7008
965d0cca-b60e-42ac-be33-4b41247261e9	7009
8a9dde70-e1a5-4905-a188-56daf95ea690	7010
37977c6d-91fd-4027-9a43-beede8c7e292	7011
f1c1963a-ba17-4c61-b4d5-344aec12e1c0	7012
929ca8c3-5df3-4fe9-bc59-f8d603780bce	7013
99b48ad9-260e-4de5-87c7-8109f51abadf	7014
db18747d-166f-4593-bf73-4e55f532e420	7015
d0440ef0-bb45-46a2-aa89-7cc661604781	7016
98164029-9cbf-4516-85ca-df2686dba0d8	7017
f025c4b8-3910-4ca6-8812-1dd2f163316e	7018
7473425a-05ff-41d2-b375-9b213b8bbde8	7019
7840325d-75a2-4bf1-94b6-8be56ac7a387	7020
7e9bd05a-117f-4cce-87bc-e011527a8b18	7021
1cb45855-ab32-47fd-b0cb-a4a464ff4ac7	7022
c563d318-83aa-4934-8867-886a668b94fa	7023
5fd0fb7f-542c-4c4b-bbd9-d1fa74a9a083	7024
7988bfdd-305f-463f-9e23-0fd2b81b830e	7025
6b5f8f90-ee6f-4dd4-aba5-1dc685f42779	7026
9c9595ee-cfdd-4b8e-962f-0756bd218bf8	7027
1bd50cb2-09b8-4539-b660-af585cb3e40b	7028
b7d567df-e26b-4da1-b29d-f903f0ff9bbc	7029
0dcf7f6e-da64-4fa7-bc80-5950c55fa8d2	7030
a1f2450a-c076-4a0d-ac9c-764bfc4225f7	7031
3c58bb82-38ef-40c6-889f-8e3d2011eca6	7032
cb8be4d2-d0c2-4960-9f4e-8413258b98d6	7033
587fbf06-1cc0-4ae6-91ef-afe832385b13	7034
fca8cdfa-120d-49ec-b1da-0ff8aa90c3ab	7035
f90bda8a-6748-4e23-8021-d3ca6dc15de4	7036
95bab79d-e5e8-4d7a-9368-d51430763c69	7037
bcb3b939-b391-4362-830e-62d76915d2bc	7038
fe563c67-8e92-416b-bd6e-b53a04a42568	7039
05c98c82-60f0-486a-8155-c7cc52a0f4c2	7040
23d89243-79c9-4afc-8db5-fce27e7ba78d	7041
f23feff0-ed20-4e9c-ae45-4ff68a83be70	7042
86547248-6f52-421f-a1bf-a58afde87399	7043
f76167bb-c117-4022-8b6b-54c796edf5c9	7044
ba51d80f-69ef-4320-a434-7948ba472dff	7045
b41e43ae-d15d-4a45-b8ee-f025424a5a62	7046
60baa87f-f3c7-4395-8a0c-eb70c17a9bc9	7047
b17fdba1-22b8-424a-b5b5-e80b55b0c2de	7048
f7eb3be3-1065-4a53-94d4-e2d0c15c0b33	7049
066e598e-baa0-4e34-b511-c70bcec6f783	7050
2f951906-5629-4fef-a260-5033151c162a	7051
fc63d806-ca89-4ea3-a404-ee6de695743f	7052
4593d49a-7f67-46ba-9ec0-126bd676286f	7053
0d46a2b2-f85c-4271-8ade-2c33d5b2c56b	7054
96fafb0a-2f1d-4b15-b2a0-9e0e660e7ecf	7055
f8e456c8-b8ec-4621-ae22-9a59902a287c	7056
8a4b3f38-1549-4e3c-8786-433d8004576b	7057
343b3983-1506-44cc-a4a4-e12afa636467	7058
e500d79e-b0b4-4189-84b4-9379f1dc531e	7059
2cc0cb62-4556-4f19-98fc-d54dbca18317	7060
9cf16514-25d6-46c2-8cc8-a8e857e7a3f2	7061
d9c8dc3c-15b8-40d5-8153-ae9214aeef55	7062
8716a313-c6df-440c-9b74-370e8d79728e	7063
f04f25c4-4b4e-4e5b-93c4-54c193d8f866	7064
912f8045-c9ec-4020-b89e-44f748b5012b	7065
e3660b01-dd9f-48f3-90f4-5158f2b8917f	7066
eec163e4-a013-4af0-9641-c5b2df41fff7	7067
99a18561-8a7d-4c30-8d3b-31bdf8c4b8ed	7068
b506d0b1-fd16-4ba0-a3dc-a20095c93024	7069
ea8aba9a-0163-439b-91ff-fe02e9d67663	7070
eddc0911-21fc-4327-ab90-ccc459ce1ef7	7071
3f180da3-4d5e-4678-957c-15ccdb123d84	7072
c6abc03f-b24b-4cb9-b8a6-fe714818f2ed	7073
61e04682-ebd6-4bc3-a482-67b872d49fa8	7074
ee07606a-f44a-4050-bc9b-b89bc098c01a	7075
e7b8fbc8-b1f2-4d66-8d42-4d0b58e440bb	7076
22a6c14f-baa4-4459-b1c0-89da990485ef	7077
3f2e771c-6559-4603-8c4a-90c89bc94aa1	7078
65126645-5568-46da-b9e3-432b383fa64e	7079
40dc452a-6b63-4b7e-a106-062739155866	7080
0e1d8e50-0ad4-484f-950a-d7cc64beb172	7081
e6a32fc7-9ddd-4af9-abbc-cab93cca1cc7	7082
9481db30-6467-460c-8fc4-1b6428e9265a	7083
2de5a50a-5cdc-47aa-8164-8dc4a4201581	7084
f0f9f0c9-f825-48db-ae7e-cda75c0f5614	7085
b16e3960-4e08-4dac-9606-32090f3ad5d4	7086
4ab7ef36-5111-44d0-8104-54f884724eae	7087
fd259410-b408-4ba4-9e75-977dd3cb10df	7088
343b54e2-9b1b-4bb9-8d0f-06c3942c3c67	7089
7d209631-ccb8-4a87-8516-64abe4c22dba	7090
69fa5c49-12ec-4c86-a238-4e07cc6d1a7d	7091
66e6a03d-3306-4508-9eaf-40be9527b4f7	7092
320112c6-9a63-4c2b-b0cc-d2b88fce290a	7093
e4bb438c-321d-4130-8f36-5ea4f31a323c	7094
da5ba81e-a597-495f-a705-49b0d49a4d2c	7095
39e92581-e59d-4070-b157-abadd9969f3f	7096
7561ff6c-2ab7-4776-9a9a-662f23b2effc	7097
2d576cfe-7669-4af0-a66a-86c8362f47c5	7098
3792dcb3-036e-45d6-8ee2-ff8d12c6c6c9	7099
a436a8c3-0601-464c-bf5b-1fd89ec5cd11	7100
c286a7ff-ac95-4d26-b57a-820c1eb34dec	7101
149f91ef-1287-46da-9a8e-87fee02f1471	7102
d794450f-e4a8-43f6-9883-12bb67874119	7103
5efe021b-61c8-45ed-9c89-ab808a892c96	7104
de6c2864-ec2c-4bba-9c37-0c3a995bb104	7105
8b35e4ca-1b2b-4d11-8716-dc0ae687a0bd	7106
4cfe744b-fcfc-4d05-8627-d0f4f3969163	7107
70fada2a-5b8c-4988-a2d7-79576d7f6daf	7108
341e61ab-c0f1-4397-bfef-3674a922816a	7109
744b52c8-509b-4451-abfd-a17d18d4bd1d	7110
05b5488d-7141-4b21-819b-d4713abf2a98	7111
59d34d63-e209-4f26-8a09-b08d12202082	7112
69681b02-05b8-4685-80cb-e98983b7a96f	7113
6d783ee9-e9bc-40af-aba0-a7c393b42c79	7114
0a176d0a-ef46-4e7f-b018-9f4d65614668	7115
657fb3a1-7f4c-49c4-9f20-3a33b96e763e	7116
935b9c64-39c0-42b7-a4f5-2566f1878fdb	7117
7859f3f1-656e-4901-9194-f1d177d51524	7118
3f19d594-f107-4937-9d84-5e9ffb75550e	7119
ce070290-a764-4ac4-877a-0b507166c22f	7120
1f223eed-aa38-49da-9e76-62ab3adc2e04	7121
000b1990-4dd8-4835-abcd-bb6038c13ac7	7122
2a31da8a-eb14-458c-a60c-9df2739911c9	7123
7bfdd0ec-adc2-455e-bd1f-eba31d64aa3a	7124
8082d52a-e103-40f7-90c9-d4b82a40f349	7125
7bf37602-f8fb-4218-95ee-222a158cf1cb	7126
142db9a8-d42d-44f4-8f3c-db20e5bdfd78	7127
1b8a8801-49a2-48a2-8c49-04fa34476b29	7128
1aff9117-5820-490d-9938-ccad96669292	7129
2cb0d013-1956-4ac2-978c-87be896177f1	7130
acea8d90-d796-4262-8abf-a2d3daebb90f	7131
948b10cb-28d6-4a2e-ad41-38bbc2ec962d	7132
ae9ed5e2-4caf-4b3d-9cb3-2ad626b91714	7133
475b7312-4fcb-49a4-8bcc-cf3a679b255a	7134
8cc8481f-88e7-4b0d-bb79-974cf1ff50a3	7135
f95d6809-5479-4981-91e9-d122f38950b9	7136
b0a16d0c-3d99-487d-be88-902131ad03d3	7137
89a879e1-d133-4ccb-87ae-3eedee44a05e	7138
b5c4dbf3-95da-4d3a-8a37-94bc50b8e7a7	7139
83234f8f-44d3-4047-8d56-28c9e4966f21	7140
8f3f7fec-cabf-4366-9c31-06f204b402f5	7141
b9bede5d-89b6-4c43-9c45-ca3930cf4db8	7142
df73222d-43f8-477e-a23b-8145d518987f	7143
4f13e8cb-11aa-4b1a-8bb5-0ad1437dbdee	7144
031b1e7a-8d42-45e8-bc90-711ec4d490c5	7145
27ab1ef7-7f44-4900-b963-0efe97d74a40	7146
7830f37b-1b86-40bc-b7aa-84a562112ff7	7147
c685765c-b778-4ed6-9035-8f7088431765	7148
b7639749-d40b-44a5-b04a-cb15599a5956	7149
f91b9b28-25b7-4064-81d1-f43163085770	7150
c6c6f154-b3b8-4f82-a500-589373f41556	7151
7d9c5717-56c5-40eb-97d3-9a80642637e9	7152
449f264b-1a94-4ef8-b601-2ffccbbedefa	7153
d4aecf18-37ea-4ed8-a9f7-2cd6ce224ba9	7154
acd3d634-eece-4171-a3e9-69bc4fe2217b	7155
7cce3b8e-623c-4078-b079-837cbcf638c4	7156
bc5c2918-4aba-4ef6-a245-100563a4487f	7157
1b764e7a-ded1-42bc-8c85-85703b6d72a5	7158
af18a9bc-e4ab-4068-9489-b64e8186fcf1	7159
62fa3eb2-1b73-4029-ba35-16ab66d29d02	7160
906bddec-bc73-49f8-ac1e-eaee691c6cf9	7161
9a33a7ad-f725-473a-b50a-1d1796183af1	7162
a3546087-fe59-47d3-a3a8-42d58e2573c7	7163
810af667-6a1f-40df-87a9-27f726cba4f3	7164
e60dbba7-6f55-429a-bd22-5e9c6a87ae70	7165
2fd6f2b0-832e-4c6b-896a-cfbead330fca	7166
720f3f3f-49a2-47ae-a9ba-0d150ba4ee7a	7167
ee20d564-25ca-4ef5-aba7-93a39f78ed60	7168
30aee0b1-7871-4c2f-97d4-7989cd5e9ee7	7169
d8df7087-06d5-4545-9024-831bb8558ad1	7170
cec7447d-a39c-41c5-ba74-5d7057e5c731	7171
f30118c5-f783-4969-8427-f3c096378267	7172
60497e76-7587-42b6-9cc5-f9882fdf1e90	7173
4bc15d2a-7b0d-40f2-9b28-6041b6257361	7174
ddea5540-2c7d-4266-8507-b367c2635d35	7175
3943ae31-40b4-4de5-a4d6-819d9f3de72e	7176
1c1de177-984d-4208-9177-ca94f8776a39	7177
713c3f17-6be7-44c0-abb4-5791ab4d650e	7178
61abaf45-0244-410e-b9c0-1a6eba14f7c5	7179
e256d9dd-795b-4771-9e0d-b02ab9db75a3	7180
48b48175-5ffd-49a2-88e2-ca84118544ca	7181
8b35342d-9501-41a2-bd95-948831e53f1f	7182
39a973f2-0785-4ef6-90d9-551378864f89	7183
b0df243a-519c-4a87-b6bf-73d9ec55e05c	7184
2c69465c-0f76-45ce-90a2-1ed0fdacc997	7185
5ea472eb-5040-410c-b021-1e678276aed9	7186
cd103368-a248-44d6-90d7-ed36afda8d7d	7187
69689acf-d9cd-4d20-a972-47db4ed51b1a	7188
6eecf987-b848-479d-b417-28a26276f5b0	7189
d72d000b-b860-44f4-9ac1-5d82e3fff9a9	7190
10317c4b-4543-43a1-83fd-083ad3e60831	7191
ee287f2c-b209-4edf-acbd-c2fa23e8da40	7192
26fe36eb-fd75-4799-bf0f-fa502a7bcfe8	7193
aee63f14-ab80-4b37-86e4-d06fe05a898c	7194
de67cb81-4de5-4c8d-a27b-1f653a463850	7195
d11f9c07-0eac-4a1f-a443-19cd0f63d5f0	7196
016fba14-1fc6-4986-86c2-2113ec9b28de	7197
2f96b6f8-40bb-4092-adba-45ee900ffd3f	7198
9119e57f-1086-48b2-8a93-57feacb7f6d9	7199
89240fa8-7e01-490f-8b4c-59f3f488eec6	7200
6a9f4c41-fe50-43ee-8efa-5826e22fb069	7201
f45e99c9-3a84-48b0-8cf4-aaae031f6a57	7202
b6d26780-d862-4b7b-9d78-a186c963ea6b	7203
fc708243-232a-49dd-a9c8-0383285890ad	7204
fc433b50-0061-4298-8beb-af6f51cbd677	7205
1d77a204-340a-4a9f-84e1-0887b31b0094	7206
4159ac30-ecce-43a6-b200-b48801968e30	7207
09292e4d-b7ad-476b-86d9-7806303ef8c3	7208
9c52f2bc-bca9-40ec-9640-2976fdf24236	7209
037bb92d-efd5-48d9-b197-3ce699067e3c	7210
9d6f92e1-8841-47d8-af65-4af46bbbb160	7211
d5c55b61-78b8-40c9-be1b-de7517c3aebb	7212
d14ee6ff-ccc9-41c7-a60e-2b529936dcb8	7213
56805268-cec3-4820-9a32-e2f7ace247c6	7214
8a8bbba6-72f7-4900-a306-c40b94f2631b	7215
bfc03211-a3a2-4700-8fa3-00968c02c5d0	7216
209ddf15-ee0a-41a1-a1f5-6f4c0409d2ee	7217
ea6185ea-0138-4b8c-a81a-e8fb90d7c680	7218
a801318a-fdb0-4ea5-ab24-0fd2a636724e	7219
1a5c6b6c-3b81-431a-b5d3-15a7698de499	7220
679ec43c-bc04-4bb0-b619-2da702a214ba	7221
a0909969-764a-4ba7-846a-3c34f697e755	7222
0f7a9866-5644-4a45-9781-b87e60eb3269	7223
500053c3-d673-4768-94d0-9e02aea5d0bf	7224
30331c85-26d4-4daa-9f66-3075cac4c20b	7225
bb839dd4-94be-4732-b014-135a64c340a6	7226
bcab8301-c7e5-4689-a4ad-9ee947b4ce37	7227
a491fb17-daf1-42fd-aaa8-7078e3ae28a0	7228
ed8e205b-2b03-48f8-b068-37b7a553fdad	7229
9bffb20c-dd17-4895-9fd1-4e73e888d799	7230
cb4fa3f4-b383-4b0d-967d-b8e8c5d82998	7231
ec475fb8-d454-406e-b473-7f0b0d815f9d	7232
43403f83-1c74-4658-b06f-b27bf0dc76dc	7233
23fc006b-ae66-45ec-bfc0-4cc82482b1d3	7234
a85b66d2-34df-4d5a-8c0d-d585b8a14ce1	7235
cc1588e1-5ba3-45a6-b80c-b31035c89339	7236
25cf5731-bed9-4604-97a4-8b9655de1a30	7237
07bd5e28-8cb7-4efd-b811-a48dd2bb7dab	7238
d0630a08-3b40-4cb4-9f48-7d525262c1f6	7239
a3b21e34-18a3-405b-9347-9be6aa9cfccf	7240
353856b7-8d79-4136-9ac6-7e47954e5be9	7241
aa47ca2e-a20c-4e5e-a564-bdedb48e9940	7242
5115929f-f133-47b4-bf1c-8a0df582ce23	7243
c40ce0c3-a83b-4f9a-8cd8-d457b3c97933	7244
0550993e-ddec-468e-b05f-da81bf6f7694	7245
53e90c12-6ad0-4d1e-ad5b-f2e5d0059946	7246
2ec73913-df20-484f-b638-cd63a5122b9f	7247
d98b3f60-7a4c-400d-a3bc-6e123b12727c	7248
438fb798-f554-417e-b1c6-e4cd5d0633a8	7249
79cd0d03-3d73-4faf-8bd1-f1c86e2aec62	7250
b3d0f168-cb34-47c6-8529-fc05d1fce3ee	7251
176650bf-db9c-48dd-8c01-376104966997	7252
a062f507-7f2d-41d1-8924-be3f26ca46aa	7253
ef65b3a7-ff1d-4cb1-a13e-0a8e6c517837	7254
7739b88f-8d40-4af5-b4d4-5e5e53755fd5	7255
5146db52-8ac5-44e9-a89a-affdb76bbb0c	7256
e49faca1-5796-4c9f-8e3a-f4109b1cf2f2	7257
76a2eaff-b6ad-483a-a427-d3a2aa3c4f8f	7258
79f48fec-2ef2-431a-ba4d-9a5ea06bb655	7259
3e95edd2-5af6-47d4-aac4-c27e58fb08f8	7260
c8bd802a-6e4a-41a4-95fa-2c1ee33f65a5	7261
7d56cd51-6496-4626-a26f-341457f130dc	7262
2379937f-6e0d-46a2-b8ff-633fafd72002	7263
b556bdfa-e55f-4891-a9cd-ba40010634e8	7264
31100a8c-3cbe-465d-afe9-af36f318164b	7265
5b20c8bc-9ec6-45e4-9a89-5b41686e9726	7266
dadec058-023e-498a-b1c7-776d03cc88ce	7267
f47a0968-f2c1-4ec5-b0e3-0a15ae73b88d	7268
c5393047-0c44-48eb-b5a8-070759f04371	7269
b83c0c75-5cdd-44c8-b1af-b04e5e2c306c	7270
c45f4716-448b-42ef-8e56-1d711672077b	7271
a8d1126f-9ffd-434d-bf40-6e93bd02fc50	7272
0d74dcc7-5684-4695-830f-a9846aad8ba9	7273
64c8c6d8-4f2b-496b-8a85-1e103f4ffe62	7274
21fd8769-5573-4eb0-9528-e8162c24024d	7275
e073f6af-d696-4340-b847-e81fabc4d55b	7276
d613e4ae-093a-49a1-b06a-579480f7f7e8	7277
d176f2fc-b71e-4e73-b112-b97ced7165d1	7278
4b795277-9be7-499f-affa-6af2889b1dcc	7279
8c7aa18e-9392-47c7-9d56-97d34d746a8b	7280
d422e9c0-b492-4cb2-8267-ccd5973e8a54	7281
f961cc71-0ac3-44e4-9821-0ab0b69988bb	7282
a3934f47-c4cc-4e73-8b37-ce41775797d4	7283
a4f478db-7e4f-4d85-b676-14619b0e838a	7284
ba5d56ac-b8c4-46ef-8c06-1c1f6a35584f	7285
78e5e81c-0563-4a89-a94e-0f03b7d5f71d	7286
6b605219-90fa-465e-82ae-60d2347bd030	7287
59697478-d3ee-4525-a1f0-228758919094	7288
d733cde0-4e84-4b3e-bfbd-4863939c5b7d	7289
b397ce2c-f720-4af7-97ee-8b65f05e55e5	7290
19499124-36d4-4ccc-b28d-04dde3d2076f	7291
4b6d948c-372d-44e0-ba09-a649cc0e5c76	7292
7cd536a1-8d66-49e3-bf14-e1be74a06363	7293
592a91ea-aa85-452a-8d10-e538c315765a	7294
a64448e7-8936-430c-ae77-9f556481a56b	7295
3bd74fdb-a35e-4cad-bdd2-f2944c9db3d3	7296
3c174d9d-139b-4fa7-8f0b-ae8eceb4271c	7297
0f3fc559-32bd-4c1d-9735-fe00957de432	7298
b4265534-cf8f-4a8f-827d-fc490ccd15b8	7299
3dc658d0-0d75-48d0-8f3f-851ec757f17b	7300
f14c12ad-efb0-4044-ac80-de6da10fceaa	7301
ee459bd7-9768-4cc2-9452-a09700c4aeaa	7302
50c35b52-700a-4dc9-8d36-fd656b556886	7303
e261c42a-cbd7-4b97-8b72-218801bdc5b9	7304
3acb627b-787c-4276-bafe-516a5806aeb8	7305
522b0135-00dd-4307-adce-2bf7d51a253f	7306
cc3d4ecd-5224-4d4c-8929-6fd409a51fee	7307
22dd2db3-88ea-4428-a7a8-5cd3acf23175	7308
33299664-1156-4888-a01e-f12797aa1941	7309
849511d6-5e08-425b-bc05-f2232ed220b3	7310
eba5d39f-8cb7-4d54-871d-297e5d7f1aad	7311
3960ba99-ef92-4aad-8f06-11da59974935	7312
1c8e46d4-9343-48ce-aed8-0862e03878fd	7313
32a509d0-6c4c-43c9-b169-03b601367dbd	7314
25f95ba8-016e-430f-9902-af9b1faf8393	7315
b2d75f20-26e8-4f26-94fd-6343124d5dad	7316
418189fb-e779-4983-8674-cfc5feb15244	7317
569fc5bf-bcb6-4bc5-9a00-bd0d258e34f1	7318
09af22dd-bdf9-4850-a8b8-2af771f6b2d8	7319
675c8568-1f02-4a29-a5d2-ae237d58b526	7320
5d39821b-83ad-4c9a-bbaa-2ae32ab0f7b8	7321
903123a5-f9b0-4cac-aece-747cf0dad732	7322
a13e0f83-1c89-4034-88dc-19313b80e586	7323
4a231a20-fbb7-4737-abfc-e48e89ab58cf	7324
cb3e092f-5eae-4bc1-9ffe-bbdc13dcd823	7325
f47d1c94-c3e3-4c84-a42a-6c33e0032839	7326
1a329949-6586-47d2-994a-cd64e13cab68	7327
11169133-202b-43fc-8efd-8155ec7e659d	7328
94144c85-c5ee-4ec6-85cd-15e48b16ffea	7329
3cf02d78-2f60-4e82-8252-ec080941a00f	7330
d5f3aca0-cb59-457b-8199-891f8fd44a12	7331
9a6c053b-6547-4a8e-855d-460ae08a3e11	7332
d9968436-64d6-4a33-85e8-7f4fcfa78d63	7333
186edc09-db32-4d4f-ba71-eed418630c83	7334
14815d08-f46a-4aec-8328-f46727bb7aab	7335
d0010ae1-34fb-4d97-9496-b19bc854f5a3	7336
472fcf2f-eaa2-44a2-8e8f-2ecd23cd0fc7	7337
21cc597f-1ed6-4a00-b728-4ec0d3b811e3	7338
bd8f19ba-c3e9-410c-9253-e4d997a0c310	7339
d2a77089-c85b-4754-a28a-aea785ca1b43	7340
17cf2413-99c1-441d-ba92-700e811daf56	7341
3c98e32e-5bf5-4484-bdab-bd8d1736112a	7342
ba617653-44e4-404f-91cd-f74adce5687d	7343
0636bb22-1bc9-44aa-bebf-fab6f3754e6a	7344
174d9bdb-4e9c-4c42-8e6a-a29db39bdda5	7345
b42a9ece-2a18-4660-9c26-94dc01127962	7346
9ea88e5e-f03d-4086-99e8-7ab4e94a5d96	7347
96b07e37-6c19-4241-920e-834496b1f263	7348
f1bafb80-81ec-40c6-a4ca-036c0ea9e5e4	7349
3376bc9f-c766-4a7c-8792-c1c938587e00	7350
a1b9cc73-a084-4468-970f-959aebf1429e	7351
a2019e51-9ce1-4c14-98d0-25428761e9f0	7352
2335c166-4335-41de-899e-d39bfecad14b	7353
e02d67b8-b581-478e-be33-c988627e4050	7354
eb132583-2351-42f0-b371-08245cfb8711	7355
8cf49f40-b8fe-4a63-b4ea-f922d6145bb4	7356
3f41479a-8486-4c70-a338-be75e10b6efc	7357
a8176337-b4a9-442b-b874-4fe696aaf552	7358
f7be8db8-cf51-4266-b4a6-81f0a1d40575	7359
c5e139cf-3686-47bf-99de-657f08b4ae64	7360
371d6599-6292-4f3f-94d2-5b2fd19b089c	7361
63287966-6021-474a-ba76-edc37a5f1b7c	7362
95c043f1-0bdd-403a-b714-663908d7e4fc	7363
e7614f79-638a-4085-a9d2-967a9a94630b	7364
e885f72e-4617-46de-9454-5485061f29b3	7365
f69d655c-ffd6-4bee-8c2a-3086b2be2fc6	7366
f74e2126-0bbf-4a3a-8e91-ec23d8d63921	7367
fcb476f9-d17f-4058-ab30-520e590df076	7368
55441123-89a2-49ab-ae3f-df7a3e86835a	7369
ac00aa43-3fb1-44c1-953e-62d01858168b	7370
68fbfdf0-e59c-4378-8ce6-cbfbe8255117	7371
601f8530-9009-4f73-94fb-a355b4497b70	7372
689851b0-bfec-4ac6-954b-11b3b9db14ae	7373
f11a5c84-d2e0-4139-956a-d556fabc496c	7374
f270a963-3926-4b21-96ea-630626529cf9	7375
3deeb747-c228-4d33-9892-f0aa081783c3	7376
b7e6a7fb-1d38-4ad8-bd97-c125ad4421ab	7377
e90428f4-29ef-47b4-a081-75e415f51037	7378
af84ee9f-534a-4f7f-844b-188ba1c47e87	7379
abb91078-f7db-41f2-8f07-7f37bb739143	7380
e99f6d62-f62b-4e1e-8593-33d5696d85f0	7381
a1d044b9-76c9-46d7-a5a6-0f52421e1ed7	7382
598469a8-3bd6-4f8a-a5bc-a2e15e128eae	7383
fc272874-7f58-40ab-979c-1a1250f365f1	7384
af308783-61fb-492b-9c37-a8cf48f2f064	7385
9724aa19-fdf9-49d0-9f9d-944e462e2a5c	7386
453321a7-3a77-47b0-8125-7bd385f3a730	7387
16dad944-c492-43dd-88ed-e0b7ac520c40	7388
7878a1ce-1f6d-4e44-8a2c-39e7bc547dde	7389
1b444b91-ed25-4a88-897b-a1d648a53f05	7390
85e20f38-8d17-4526-9511-80e04b5c1ee7	7391
ade9b668-e38f-41a8-a6e5-51442c5d6468	7392
191de76f-a224-445d-b041-54df16d65bf7	7393
4efc4d86-18b5-4b6f-9380-6b8910482d37	7394
a92a55c3-5780-40ad-89c2-e62e58b2bc32	7395
1afcd689-9be4-4d1a-a9fa-49e086250f51	7396
35a125bb-674e-4155-b6b8-bfde69a3f3e7	7397
2c3bac0a-5158-442f-b50b-056aae52138c	7398
4c2c7d41-9008-4bc2-bec3-81b0cb6b80f5	7399
9968756b-d504-4c90-a184-776ba1dd32ea	7400
a62a96d7-fe85-4935-86b9-7806241a10d7	7401
1945e27b-5b00-4dc7-bd0a-7c653cb68f45	7402
26d6ecec-419b-43bf-bf0d-8322f8a46828	7403
387ae7c0-187a-45b8-9eca-72c389f003e4	7404
d2c70457-3103-4742-acec-c9152e9786f8	7405
c2a54221-2208-4f01-8c35-19cabda618b4	7406
7a80fe36-c854-47a1-baed-4de2e2e9230b	7407
b71abaa0-dd97-4e85-943d-3ffa2d3278a5	7408
d6bd72bc-b1e2-4525-92aa-0f853cbb41bf	7409
051b8830-8aae-4b4e-a48c-ee8d6a2dec50	7410
f8d6e5df-069e-4b8d-9a13-cc7e0a558dd1	7411
935d146a-ab8a-4745-b4c4-6043d4cc15c4	7412
a70fca82-889a-4f70-98bb-39f7ec968566	7413
b58a2815-9c15-4fc8-b023-9bea7207e877	7414
20172e89-b8a5-4675-bd79-792d50d846a9	7415
019a473c-46ea-4133-9020-5e9421e8640f	7416
375a3c4c-7898-47f0-ad0e-443a75148c7a	7417
0a2d8d95-9cb1-48da-927c-613b4e12ae72	7418
63ba8239-cac4-402c-bef6-f26da4881da4	7419
8d4c13de-6e61-4a8e-ac4d-d0e1996bcef8	7420
889c9e81-d4c0-4963-99af-66581b266b68	7421
6daf40f2-3351-4b27-a27d-876078fc542b	7422
e3207b63-ab05-42bc-924e-b1299b89c406	7423
ed091eb0-c1c6-4af1-94d9-4c727c0e6382	7424
cc6115aa-379c-4133-9f46-5743a4a341d0	7425
670cc8bc-a6e1-40cd-b20a-86753456d6fa	7426
519ffb10-8132-4403-a4fd-7b5d00c4e52f	7427
28a20b09-5ef7-4f81-878a-a5d8aef5ab1c	7428
388abb52-946e-4745-a475-f5f031e2ceb4	7429
90b5e47b-e432-47ab-99c1-97f85c88dc9a	7430
09c8218d-454a-489f-b500-80b305f79917	7431
4430600b-0fdb-43a1-be52-c81aa7ab1682	7432
40b8a690-94e4-4c82-ad0f-73f4b841e46a	7433
2ac08359-7091-479a-a397-6eac56683218	7434
86871dd7-f50c-40bb-a298-a144775b64ae	7435
3e103047-217b-496b-b54e-1e2db4dd58b3	7436
2882ffa3-dec9-4055-a842-a950728bcb02	7437
77cc643d-8e35-45e0-ae52-a8cf1e38f87a	7438
4b585f70-385c-4d55-871b-24ac1b1622e9	7439
75fd76eb-09d8-4567-b24a-5fe43334ed15	7440
42782b94-01a4-4531-8884-3a839291d294	7441
d2f421c0-47f1-4f87-b900-3172545b7d75	7442
888bc436-cc47-4e42-bf5d-936aa9ee40c3	7443
0317c868-7b10-4f18-a664-b348ce802610	7444
e27e789b-bd86-49dd-baa7-7d7ee51e16df	7445
3214be8b-6d78-4c8e-9c93-b1e31a9bc4d6	7446
75336c3d-2833-46cb-8037-b835cd7d646d	7447
d6ad0ad1-2a7c-4d5f-8776-331a3732360c	7448
5898a370-5c9e-4924-97b1-c72b7e0452ca	7449
5a2e73e9-15b3-4bd5-bd4b-7a331ead808a	7450
577d92bd-32ac-48b6-86df-4db6b0b52fbf	7451
8363f94f-fd86-41b8-a56b-26eacb34f499	7452
158609db-7e03-43c5-a41f-4bda48499d28	7453
6be97d02-b66e-46d5-931c-0a81087fecbc	7454
c55d7605-030a-4086-aba5-c39a6849af4e	7455
63e166d4-b490-48d1-84f7-c19b45c503de	7456
103241b0-6adf-4b4f-9cff-5c87459f61a4	7457
923b747b-52ca-4d87-b7ad-1f9f56a6432e	7458
013d71e5-ecb2-486a-bd82-6e7d9129acfc	7459
0eeb3de2-968b-481b-9723-ad4d630d8a01	7460
a5f8887e-e178-4969-ba9a-18a64156c42f	7461
62fac2b0-fd00-404f-8295-e979ba2435b9	7462
c11ba128-03b1-404d-ae88-452524b7ecc3	7463
c03e2388-9e1b-4b78-8194-28c0d6ca19a0	7464
bf61e8ff-7621-4655-8ebd-68210645c5e9	7465
c6e07b54-f788-437f-9a80-8e46d21aeb77	7466
75806efb-b691-4472-8484-e44e7f5d4770	7467
5aea663c-7508-4992-bf56-fb0362797187	7468
80d1d7e0-fdab-4009-8375-54bd63d74c0e	7469
71f17703-cd11-4579-b08a-1b1c8e6f5ac2	7470
c8dd5b47-a9c7-4dc8-be8f-ec089a622599	7471
5bac9b4f-2f1c-4d39-8d11-231d5b6650ce	7472
6e0568d3-d349-4395-84a2-47d9b7014df6	7473
ab4554b5-ea24-44ae-b04e-3e72ba173010	7474
abc7cbc7-a3bc-449a-867e-f8b22dded93c	7475
84f409f1-c543-4d54-89bf-52ee3c94a40b	7476
39076047-fce8-44cc-a388-4f6baba4acb4	7477
7e4082d5-81b8-4b17-8c01-a783397c91ee	7478
cec8cd6a-e3e6-464d-a3e1-ed4ab9953c9a	7479
03d8f83e-a647-4bde-968a-189c0f147783	7480
8a4bd6ab-acd4-4f1b-b1c6-bee1cee43fff	7481
4fd53e84-ffa1-4434-9146-3fab25ece7e0	7482
a0a17e6e-d396-45b5-a141-b4a82ba0bb9a	7483
763ee036-b5ed-46fd-9dc5-22a5a7565bcc	7484
7a2d7204-28f4-46a9-9ad5-ce6f5582b7bb	7485
99790314-885a-4975-8614-9c5bc890364d	7486
e8b9f2dd-b197-47a6-81d5-7f5850e18b37	7487
698ff525-ff51-4206-8f08-60a7458aab24	7488
e32e0c8a-694f-49f4-844b-8ff5336f1b82	7489
e6e4b25d-37d7-4fc1-9022-2b83a298fad8	7490
df6a8115-03f3-4731-ada8-a8f7ab87132a	7491
58fffe42-217d-4346-8539-8ddc4f1c7daf	7492
bfad6964-d578-4f81-8780-05eeada93f24	7493
b3c94036-6166-41d2-91a2-dc3a0b5fa188	7494
e4d32f51-bc57-42a4-8165-b80f7a86496d	7495
ad57c336-45bf-4aa9-8f44-79eacc2fa281	7496
62881dc4-2776-4743-a938-79a7d865ea53	7497
6ed9f05b-97f3-437b-ae52-6b6fee5ecc30	7498
fdf0d5e1-e773-4740-a50f-a032c96c63d3	7499
0687b17a-98eb-49f2-bde4-20539bc82d18	7500
5922c949-8249-4b6d-9bc9-0e8367461c02	7501
18d385e9-1448-463a-b623-981c3ac6ff86	7502
0530c9ff-c207-41d6-ab37-6d2e542dce6f	7503
7aa2221c-1560-4517-9c40-abf3bca891bc	7504
699e687d-9e77-4fd0-9b7a-54d2aaadf05b	7505
72eafbba-ff08-4257-9594-267d4a6fcdca	7506
3c92c119-b8fb-414c-bb09-9bfbfc189432	7507
2d023e0d-985e-4265-976e-f91448bc8f5a	7508
0d78ae17-2caf-4c8e-b513-b68eb813825b	7509
30c3a060-1315-4a45-b405-fb2a7648f5cd	7510
2d09279c-a477-4c45-8df7-fe91dd7a59f8	7511
eec5be10-3fb2-48b9-9cce-29c29934794e	7512
181e9d3c-ad23-40d2-8c6c-a54011571c18	7513
e09983cb-182d-4e45-b085-664800953cf1	7514
71a4d9f6-7a23-4405-945c-1db3d47fd38a	7515
af256aa5-4bc7-4aca-9b89-55ca26fe5468	7516
e0e445f7-a212-43b7-863e-2744b02f0d68	7517
ba85753c-671a-409e-b813-1e3be41e2a2e	7518
a966e841-bf19-47b1-93a0-44a310bc1cbd	7519
a3dac7ba-9c0b-461b-92f3-29273b86ba63	7520
6786ab5e-0d99-4aa6-8aad-9b5f42965ddb	7521
ce660ac5-0b6a-4e5f-ad2a-628a9002cce5	7522
7e49b8f4-69b1-4927-a2f3-de6b2755da14	7523
83fe323a-c235-4ed3-a9e7-6f8b5169df52	7524
d2869320-0da3-48e7-9570-fb195c39c60e	7525
9a08128c-63ae-478a-b55d-e7a32eaf2223	7526
14b05d93-86a1-471d-b7d8-8090dbe50b82	7527
6188b61f-c07c-4764-a9d8-52add8c92636	7528
13e4cbff-72c0-4e4e-9e8c-32a353e48647	7529
3ed31b23-96d2-4403-a37d-1cd355a3b687	7530
c6b0bb6b-a8b9-449c-8c88-b6c36f038736	7531
2f929d46-5246-4cc8-b117-ed899907fad6	7532
88d9c2fc-607e-4df8-bd57-6dfce91dfe26	7533
31f3679c-fbed-424b-a611-65a73912928c	7534
63768df8-b589-49e6-ae62-899206bab9a2	7535
acb4865d-0c4c-4dd5-b958-c399b5d75b8e	7536
6060d1bb-94f8-4863-89b9-425487f2f6b2	7537
c0cc5d77-937d-4296-a349-0a09d733fbfb	7538
29eead4d-3793-4625-8727-c03edbb38b8b	7539
55210efc-9dee-4e81-8741-7af235084e7b	7540
a14492eb-c863-454a-90bf-82079919f274	7541
19f253de-109b-4086-98bf-65987edca55c	7542
d3506fff-19ac-4a8b-b64d-b344c07951fc	7543
e731ab08-45c4-4e98-a1e4-7a16462c9cfb	7544
24f7a6d4-c9bf-4f1e-ba90-0f36cb51964c	7545
94929f01-b91e-46c9-bf44-d37dc5f5fafb	7546
47ea59b7-81c2-4001-8ac3-567877b3172a	7547
124212e2-801e-481c-ac31-6038a4389603	7548
d8c4900b-f228-4258-b5d8-e1916db3eae0	7549
5d7fd997-3f4f-4682-ab8f-3b90993fbea9	7550
8ca3f991-47c7-4506-8fa2-327e376c71b4	7551
0f2fea44-7e03-47f9-86e6-91d0a22fd0ee	7552
f5c461bc-48ee-44e4-bc0b-777570cca397	7553
f2fc3767-1688-4a84-be35-38b7928a1fcc	7554
4072139a-699c-4011-9bcc-baae6f959390	7555
9f8ddde6-4eb5-4d4e-969e-c647e0bbcb05	7556
b1255bc8-4e89-4061-bc01-2b7000b4b85f	7557
cbedbebe-8d4e-42cd-b313-8b1c8d349cda	7558
5394752b-3a31-4281-adc4-9249dcae50c9	7559
265a65ce-58b2-4ca1-a410-a5d31b94f50b	7560
1423a2be-3a9d-44dc-a86e-741f9ef7e0e8	7561
960a1d2f-2b5f-4fcf-bf11-4957529a6508	7562
01695167-968d-4afc-9f94-06c33ebabe16	7563
b1b47948-6b3a-427a-9951-1c3be8a2e4dc	7564
e3003c05-9b18-415b-b4dc-2f2369eafb56	7565
ddd553d4-977e-416c-8f57-e4b72c0fc746	7566
85d2e30c-92fd-4c7f-a2dc-f988a70e234d	7567
8c87dda0-be58-4e48-a3b5-2626f26364c7	7568
b7be7cdc-d77d-48a2-8d5f-f273e6545dd7	7569
0879bdd2-e5a0-4a43-9ba5-8c7c02b65080	7570
55b42c39-4fc3-4760-8f33-9b5fc6a64efb	7571
ff748426-8873-4725-bdc7-c2b18b510d41	7572
5c232cd8-297a-4586-9090-f7cf30466fe2	7573
94144800-e903-4b08-ab7a-e1927e1d9361	7574
d2c2af59-e511-475d-a7c3-4707644df8f9	7575
162a4696-2585-4b8a-be97-8df8a1ffbbdc	7576
0c9bfbdc-4e64-497d-bf80-5c891e6766a3	7577
0c624637-4a2c-4df0-ba80-b4ddb25bb5e5	7578
5545a012-0977-46ff-9d69-39bf5952616f	7579
a67d2694-1ffa-46b3-82ce-7401b528fb18	7580
8ee00333-ec2c-439b-a619-ae160aca2a15	7581
2aa5bd46-43ba-4a09-9c7e-20b07036db51	7582
9b7b2fa2-17fb-4118-b0fa-d43e759aa9d0	7583
915f84de-eac2-4e78-99ad-9ab6e2c50af6	7584
312ffae7-7fd6-4bff-a655-eb2b410d96d4	7585
81b37c88-b541-4e2c-b2df-8521e5c5af17	7586
9481010a-db23-469d-87df-b04118850efb	7587
571a3166-8676-4e5d-b432-876aa98ea760	7588
5a7a3629-e608-4fce-887a-a9028eef1c72	7589
e93424ae-bf3b-426a-952f-cb89bde5db0c	7590
226166eb-ae5c-499a-b772-cfc2c1fcdaa6	7591
8ddf3da1-dfa9-490a-93cc-7d4072319995	7592
b6dd2eca-a877-4c7f-b9c9-ba74dc444585	7593
9a0038da-314c-4cfa-a320-9a620d20cf34	7594
c281ed6c-7faf-45f4-83a7-809de9d005c3	7595
14553432-e492-420d-99ed-6e2fd6b4543f	7596
c5a9acf0-302c-4d10-a8b0-63fef3566289	7597
43670151-f762-4c71-b560-d279d389eb44	7598
9a8ac837-a0e0-4a56-a1cf-b677759a44e2	7599
0e031c03-808c-407f-a335-4bb430df4855	7600
5e6512dd-160b-4512-a4b4-2c30fa894a08	7601
b4046b7c-cb7a-4090-b9a2-859359bd7415	7602
f7ccd53a-234c-4800-8d1b-21b201bad1de	7603
8a3be197-2afd-4e80-b795-17f9df3aefac	7604
9463868f-edc8-427e-ac07-ea89698e5f15	7605
931e1d1f-6b2f-4ff8-9f70-aa537210cd46	7606
91b6382f-f2af-4a97-be5b-86471567594d	7607
95618488-45e6-4421-a4f3-b6d2ed672107	7608
7a605776-eba4-4648-a4ac-33387500e2e0	7609
34aacaab-6139-4e8e-975d-7f8b66d4a058	7610
9341a67c-4f0c-43c2-9ec4-c222d2cb97f3	7611
ccf7e67f-ecc5-4a27-861a-a039fd141627	7612
dfc6d0b8-3d0b-4b33-9b3f-dff972e25594	7613
ac4989a9-12de-41e5-af26-6ef59a881c20	7614
d3dcef08-31d2-45b4-8e12-e4c7ac0d26c8	7615
83e32d32-fee5-45de-a4b6-b49956a069eb	7616
f795c501-1c41-4be2-bc2a-875eba75aa31	7617
c9841058-560d-465c-a8e7-e59ad928aa18	7618
cbcbb22c-3a8d-46af-b4ba-09c98f0d7931	7619
437874ed-a132-40dc-990b-92fae12c732f	7620
4fbfc573-414f-4094-aeda-d7dee5f3370f	7621
512dadba-faa1-45e5-9522-6ea3c07853a2	7622
f8166e2d-2c91-4403-a07d-a258477ff08f	7623
cbc83fb1-2c23-4ad1-9187-594b30da3f21	7624
b88a8ada-40da-4008-9ac5-87c38773ca09	7625
87d50f99-335e-40f4-ae09-5815fe98c4f4	7626
2da9b8e3-e2de-4599-aa30-bf47e35e3fc0	7627
c2aa7d6f-ea94-4ee1-b138-deab27b280d3	7628
dc767c6e-74d1-45fc-be31-bda00253fbda	7629
8296d738-f28e-4557-aee7-2c249b132a32	7630
b15d7103-4ba7-43fb-973d-5d302af1bba8	7631
200a07b4-0e6f-47b8-851f-784281e1de07	7632
ee94cb90-504b-414d-9d09-1250d7d6192e	7633
21f03444-20ff-4959-aecd-5839ff4aad8c	7634
c0f8b899-b3d3-44dc-8148-5ce21d670d5a	7635
d5bd9aeb-08e8-402c-afaf-9dd0e1a974d2	7636
822e92ef-72ea-42e0-9af1-b987816b487a	7637
b383f48b-ce8b-42b5-ac42-a0743f475f33	7638
f41dffcf-2edb-4939-999d-2cc28c7b7daa	7639
91692502-b832-48c5-b20d-b1780c15239b	7640
36fb40e7-380e-4463-bf4c-358080c11462	7641
d9d6c4d8-10dc-47c5-a0de-ff260c8b8afe	7642
d7f473aa-ab4e-405f-bc90-c35fc30bbbe1	7643
f7e854f4-d845-43e3-8b39-6da632e273e2	7644
a4d4bea9-6534-4de2-a3f5-354c6d4ee64c	7645
41df3304-43a0-4d51-8701-3d48a02233ba	7646
ad80a421-d1f6-4882-a749-c331751bd511	7647
cef9233d-78ef-41d5-9bac-f2ca21aa4a40	7648
f2da4752-8db0-4e54-8f30-680acaa8e1cf	7649
c1dcd1a2-785e-4277-9816-c514cbcfa2c5	7650
a3033f27-ba74-4712-989c-953ea6da503b	7651
44f49e8d-125c-47d4-bab1-37a8a46c5eb9	7652
d8433dee-d1a8-4b40-b27c-40bc53481167	7653
f6580b26-77f7-4a7b-8513-6db0476e8f21	7654
cada66ce-743d-4545-a72a-c6ecbcebf7cc	7655
8f88db93-5914-4754-82ee-7d889bbc573e	7656
d0a0b3a2-ea58-4a7a-b18c-849d589bfac7	7657
45e334d3-d1b5-460c-a3dc-022dec16f3fa	7658
96edeebb-d173-41e9-a1c2-5ae52959ab41	7659
79c531fa-0495-46bc-99e6-cecd9de04374	7660
7aacce38-8ab5-4a4a-a206-0fb4b1c505c4	7661
10581d36-e9e6-4340-82dd-20cd17fa5b01	7662
78192f3c-607b-4190-a02b-8e036887b9a7	7663
6d3d08dc-a576-4501-83af-e4ca4334e2ba	7664
bdc70372-7e8a-4cb9-8d33-f036b3b7cdc1	7665
d0d93f12-bb1a-4053-99f7-bcf5e63cf844	7666
3fb60f81-261d-411b-8cb2-45e2c077fe1d	7667
c2314623-e863-4fde-af8c-d6e00fec5f2c	7668
420d6371-31ee-4254-8d98-d3f66d50feed	7669
dec1aede-420e-4381-bfb7-e87ba02f25d6	7670
1fb910ff-917b-409e-a787-6143fd7b1387	7671
6d438cc5-ffb9-44e4-bb2e-09f438f3be6b	7672
2116f058-2196-44ed-9c0c-72b34c095cd9	7673
24ed5b09-02b1-47fe-bd83-6fa5270039b0	7674
630fb2b2-6a4d-4944-b2fd-b918290bf88a	7675
26cad87d-5be0-467f-955f-b3ccecce007a	7676
0d217f85-f007-4643-a543-047949661d10	7677
8ab5c24b-480f-44a7-ae20-e565a13c22dc	7678
90b5813d-fbd7-4539-89d5-034094f64a2e	7679
774871b5-7dc6-4378-b284-deb31b124697	7680
653b286f-fb28-459c-91f3-5968b6aa6169	7681
97205704-b75d-4287-b1d4-ce4ead1367c1	7682
306ea624-07ef-4988-872b-0a91b8fefe7a	7683
1e6b7643-8dac-4b0e-a8d1-4abf6211b882	7684
7d6d748f-13fc-4f9c-adc8-087d34c4bdef	7685
e554daf4-4ad0-438f-a7f9-832519451fd2	7686
ccbdc2ab-1055-44d5-8417-a6b4898bf91b	7687
467c7eeb-3741-48b4-9bfb-7d6d0b2b0f83	7688
e52494f5-2dd8-4ebf-8635-f543f1436e2a	7689
2d6d27d3-b18b-4436-b174-b155ca917ab6	7690
3c0a0074-4f26-4d3b-b723-a66bf6cc3753	7691
d8b36b97-e279-4eae-acde-3350e588aed7	7692
40316898-fbcf-477e-b019-ccbafd710f46	7693
203196b3-3d62-40bf-a014-c135a29ee478	7694
5838185a-0ee6-4a0b-8d4e-76a6e15f7d4b	7695
5938c629-1d06-480b-9780-859b153af11e	7696
9047fd95-770f-4a8a-a6e3-3b071a882e4d	7697
1792ec1d-f06e-4ff7-9231-19140bdf08a4	7698
5f000e69-3cfd-4871-8f1b-faa7f0d4bcbc	7699
cfe85625-10af-46c1-99fb-765ed3a4f1ad	7700
fd8f6b23-480c-4605-8152-51a5e8a39dfb	7701
5fcd7daf-25e1-47fd-9ba1-830b42708f84	7702
e8b37da4-6cb2-4641-ab53-da42f02fbdfb	7703
9ab63902-cb14-43e0-aab0-e0307bdd702e	7704
96938fe0-ae23-4a71-b3dd-fb54b1971eee	7705
a49ada03-1486-4221-9864-b826b10bc155	7706
b3bc168f-24f6-4c46-b901-2c491c0a7abf	7707
88d6db37-0d87-4e84-a949-9cf8e8879505	7708
21042d7e-4622-45f0-b1a0-a6dfa458a2e3	7709
63c5d2a6-bc32-4991-bf3a-9efe3a1d741b	7710
c694bf65-83e9-47d5-aeb3-bb68f78ef981	7711
93a922dd-f019-45aa-bf3d-47fcb65eb30f	7712
9dc9f4b0-a7b4-43c5-8f6b-fcd43c426a4b	7713
3b795eb4-8971-494d-94f0-963c22eb15d5	7714
b892fdb7-b884-41be-a0fa-2091b4a67210	7715
73d27773-4600-4a46-b933-4d1c84922434	7716
b698ace2-7f92-46de-a9f4-f14418f79eab	7717
e08b91c0-297e-4245-8ff5-380ffae1d0e6	7718
6b537c06-b3b2-4846-a1a8-ecb3e6d79848	7719
29c5b1fb-5dcc-4499-b225-4ceeeb8a73d1	7720
e86492c1-0376-4df0-8042-8ba058c83960	7721
068bd7ab-c38e-4fae-8ed2-cb0c153ed68f	7722
4ee75011-678b-46e0-b8e1-8ef47e5b7379	7723
7ea8a523-b33d-4944-ad31-fad25a81d603	7724
80e91439-21f6-4a0a-84f8-23be4cd48549	7725
4c503aca-2c43-4d8b-be44-f6abc67b9950	7726
4bd3c8e2-bfbb-4d61-8fdf-891d672c28da	7727
0125618b-703d-442c-94c7-5d6cbbc631cb	7728
59fc30ef-c110-4d92-9e83-ebb1d7a343fd	7729
270adcac-38ab-4147-ad1c-a8426498e2fc	7730
86217185-7f95-483b-aaf5-842f62efd1ba	7731
d120904f-3c5d-498d-900d-392a0371a7f3	7732
5b1f2fff-e71d-417c-8654-64f91fdd7ad3	7733
4ec7ec91-0aad-4887-90d7-c9599c0a2f1a	7734
2837ce25-815f-4a2f-8c9e-1a232056a91c	7735
103ae173-2204-40b8-a6a8-f1623304deed	7736
563f1d7a-a566-4645-8d28-4696020347fb	7737
74dca2c7-d7dc-4b13-bd17-502a35db042a	7738
01d336ae-7f79-496d-94f9-211b57517b17	7739
7217d3fb-a04b-429d-abcf-a74265a93c73	7740
2027b08d-45b1-4fb5-aa6d-f6ccc4db78e5	7741
b183f26f-366d-4ddb-9276-b0aab7a6ec75	7742
01bdd90c-59b7-4e18-8934-7db4ac00d094	7743
3c79e3ff-f41b-45d8-af26-40151798056b	7744
85fcc6c7-4b54-40dd-bd0e-0df68309acea	7745
e29a9edc-fbe1-4a10-85f6-e669f43c5055	7746
9df9b90e-53ec-458e-954a-69650cbe84eb	7747
19b3c333-bfc3-4915-ace8-cdb4a5a79a9b	7748
b0d6108a-3dd5-479d-b518-803f54b3ba45	7749
1c233024-a070-4809-9618-ea9b7151680b	7750
e3a3c55a-b95e-47e9-b4cb-7bfd63c51bfa	7751
eb51090c-662a-47a1-967c-c63292d9831a	7752
184699cd-f489-463a-95c3-f2f72d6fd92a	7753
41bc6aa8-c097-4a7c-9758-564fc64d0d6b	7754
e998bae7-e9a6-4464-bdfd-8c6bde28062d	7755
bff587c9-617c-4fa8-8699-2720a722d835	7756
ca0489a4-3a7b-4def-b66e-e00b2f579ae0	7757
79489e1b-5658-4e5f-8841-3e313946dc4d	7758
ecbd1331-95b6-4a77-b739-b4bd8ef222a7	7759
33243025-1308-4bf0-a2b9-cad776b64d5f	7760
0fb7d725-4dfd-45d2-944c-6ffa375a142d	7761
3696657d-d488-47cc-bcbe-f4782013e176	7762
e61afe5f-cc42-4a17-b88e-41683225c360	7763
7a4311d2-5f0e-40df-b03d-ac4a5465b236	7764
2d50057a-5541-4b1a-990d-92d3698e7ba5	7765
3d113367-769f-4200-9ff8-e19d47def451	7766
d67a52a0-568e-4382-a8dc-79fdf71351ea	7767
8f6ac66a-4411-460e-aa66-818350a13f03	7768
72bfcd14-0a48-43d9-86cf-e8d0f264fb13	7769
109ff34b-d773-46f0-8931-2b003cc7acf9	7770
bd774a8b-e622-4ca1-ba1a-f0936984da9c	7771
ad3ff126-8bd4-4cc6-b08d-b2225db748d6	7772
53e48f4b-35e8-4e0f-a5dd-62ba1303e666	7773
bc92a52d-aea1-4dd0-99e5-1fa4cae90bd8	7774
81466dab-d98f-459b-bcfb-cef44b2d9647	7775
b4651dba-a3e4-474d-b4a6-f8f4f5b6c8a3	7776
0798d15b-64e2-499f-9969-70167b1d8617	7777
44fd61e1-119c-479e-8301-8ac5c77148bf	7778
fb5ee67e-e31a-40cf-8b06-5f1a0f53529a	7779
43fe7a49-2a63-48f1-871c-12450d21eeb1	7780
4071e367-ccf8-484e-a269-bc80ba61e4ce	7781
329f036f-26c3-4cf9-826e-bcc067040e48	7782
07d78001-dde0-489c-9281-d2fa98a85de4	7783
1e80c4d4-5492-4417-bf99-21a08aba97df	7784
c3480e79-a8d9-44f5-8c93-9f7b490df99f	7785
ceaf841a-60e9-4391-9e26-88b853cd4658	7786
1327beb8-ed6b-4c26-a8b7-5209eb01ce2c	7787
7f98cb2a-9b68-4b3d-9acf-e858694a3396	7788
b94b5fe7-a756-4736-907b-e4edcf3eda6b	7789
3949bcae-4ee7-443d-80c9-534125d75c55	7790
ee1eb273-e040-42ca-a076-c02faedb378b	7791
5e8291f5-00bc-4f63-b09a-63acaf84b162	7792
c67b7746-d097-4945-ab0e-9d9a5f2d1493	7793
81e02e29-e46a-49cb-bf13-d204cbe86daa	7794
691b0e9d-9e57-41cf-932d-a3d21b068e75	7795
802484e0-90de-4611-9fa4-f5ef0c7727b6	7796
441b8d20-8f8e-4d02-985e-b0e69936b7b7	7797
e68b06a4-d47f-432e-89d8-db43c48a2726	7798
f1a3fb4a-fff6-4556-a290-3704b109da90	7799
b123ba15-c4a5-4281-8117-2e57f8f02496	7800
6cc14953-8882-4197-8c3d-3bb9dd929be6	7801
8af64037-6d26-4d24-afd8-7e085abb01b1	7802
e83f8dc1-f875-4f71-9e7e-4dc7ab07afe0	7803
4709dd69-1034-4634-9e88-d1099453b192	7804
82315599-2215-4c3e-a36f-87be58d06ec0	7805
286e4fb9-4d6a-40de-ac50-01eff6a3c13e	7806
18870405-17e8-42a7-8a4c-7c79b432019c	7807
a15988bf-2d7d-4576-9405-2352873bc5a4	7808
91fc56fe-ac9a-4d35-8cdc-34eb72fa59bb	7809
c71b4f57-29da-4bf2-bccb-9dc81cd2d905	7810
9ffa627f-32c2-4cb1-bfad-00cf348abc70	7811
8a14c00b-4779-44e4-9b2e-4cc9dcd92e9b	7812
8d2651e1-f539-4492-957a-8b4dc4c5d9b9	7813
7bcf8b20-72a6-48b1-bad3-b28869090dda	7814
98ddeaa1-3b00-4b4b-8eae-b498bd0d7b65	7815
f58654bf-c6e3-45b6-9fcc-62cf8f0021b2	7816
9d4e0a6c-7b56-4c51-99e2-5bb03995c5b1	7817
66ebc271-6a26-4fe7-848b-f217da119d92	7818
4a76400d-283f-492e-9754-18ef41755f81	7819
3594dd1c-1267-471f-a6e2-78978bb3e024	7820
c5d581b7-3b8b-414b-92ae-8f8ed6198901	7821
fda2967c-cfbe-43f9-8e16-0a78ad5cea83	7822
8766cdd6-066c-4b14-ba53-c7958e613bad	7823
44b16e44-da77-4580-b851-0d765904573e	7824
83903121-f611-4875-984c-673ae7173e56	7825
1f224f42-e452-469f-b1e3-0025075569d9	7826
24ac23ce-93a2-4605-adb3-c59f1147a245	7827
ada49862-a9ba-4754-81ec-ee4467520026	7828
bdcfb781-68cd-4178-b10c-e9f6fb01da18	7829
3d6bbeb7-f90e-4d10-b440-e153c0d10b53	7830
c8be81ab-b536-4499-9d16-da997125e942	7831
802247cc-77a2-4671-a02d-ad25bf90e23c	7832
cea32fe6-b3fc-4580-a138-e827108a3eed	7833
2f8763ff-3110-43e0-98b1-b30f7ea6d2ea	7834
4d39e78e-1880-4eaa-9b7c-d8f02ee6aaa9	7835
6ccbe964-a897-4da8-8d44-1be62d1ec87e	7836
2cbd56d8-afe3-483e-bd9e-348b7880738b	7837
3877a6a1-093c-4478-b5a6-58a99a1338db	7838
a260f7bd-f5e3-4f16-97f3-e46a9d065332	7839
104ed17c-1e58-4cf6-aa11-722341032571	7840
5c8e059d-c861-4990-bab2-114567479d81	7841
57829f93-1815-436e-8e9e-55eb788a6f54	7842
c30ebe30-514f-4e6d-823a-19adf0225a56	7843
ed3af6a3-1db0-48e3-bb39-2730b22cf8d9	7844
7e916aa1-a00c-42e5-968d-a6f243206433	7845
1061b529-0a78-4420-a445-66a7e20e407e	7846
2ec249bd-76e7-4749-a77e-a9c3354c8e6a	7847
7d942b74-f556-49c5-8987-067dc0488c90	7848
db66d463-28f7-45e9-a113-4da99c397eb8	7849
fddb7d67-7977-4ab5-884c-f5644c78b700	7850
0cf0af1f-20ca-4863-9b24-5f52772f7715	7851
88502cc3-20e7-4c5d-b583-ea84ed263db4	7852
fc6548d9-cc7e-4311-bd6c-6eba9c0cd06f	7853
839adac2-084f-4d31-92c5-40e83d8dd756	7854
00565b31-14a3-4913-bd22-385eb40dd13c	7855
dc2ffc68-c938-45ac-bf56-5cb50c7a374e	7856
556e6577-24b9-49df-944b-242c9c32bf08	7857
31303fcd-f78d-4693-aafa-9b274061b032	7858
c0c0f1ae-8c8a-4763-a2c8-d2742f25499f	7859
81295bc0-44c8-4cd4-a83c-5b374453cbfd	7860
a2f97cc7-448d-4ec0-bfed-921bf8c54400	7861
5f581290-e1d0-4440-9e52-a4217e25e100	7862
9b1ec6bb-6c5b-4e74-b02e-10573e05ac3c	7863
e38ad717-93f9-4dc7-a23c-02542915f855	7864
b3998c06-04e6-4b1d-bd2a-d5b83572ae7b	7865
00c49f40-d715-4b79-b223-432048602cce	7866
0e5bb99d-0c7a-479e-9287-9b55d77de331	7867
46ae9ef1-bdb4-4da4-815e-69b944ee28bf	7868
d911ca90-7786-4ea5-ad4f-8b7e0ae2ca6b	7869
8b4d99eb-7a54-4648-b299-8e1564d11385	7870
e3a592a0-115a-44cd-92ea-e040249a519b	7871
40985bd2-6d44-4c86-bd16-35cad449cce3	7872
6a8dba8c-b52f-405a-8737-eca91d4d82fa	7873
456eabce-d1dd-4481-a206-36ab4f2eaeb8	7874
5810667a-9db6-4fd0-abac-667cdac5d415	7875
cd5f01dd-244a-42f0-ae2e-66ff13020024	7876
d41817d9-893f-4dd1-99ac-7b12dc3ba265	7877
fbab6da8-e1e4-4927-b669-502a6e37a8d6	7878
8a3cf5e4-2a31-4a5f-b616-5eca012a698e	7879
614e392a-0d63-48a2-bbd5-03265c407bd1	7880
c1b620ee-6540-42ba-90df-f0740d42cbbf	7881
b494e318-ce8c-433b-8623-653b5319a86b	7882
9541a456-6c13-401a-932c-bcf76e28840f	7883
3a5d1cc7-627e-48ea-aba3-fdd20d782c33	7884
45e00f0f-f52b-4db8-a480-cf87b71c4800	7885
8eebc0a9-653e-4b12-bfb6-471a95f8cf73	7886
e3087942-a74b-4623-9349-d22cde0a9ad5	7887
ea3b97e8-8a76-4ea7-8e6f-3ebf40acaeb8	7888
55db491a-5c30-46a6-ab15-2ec1eabf4bd0	7889
16c5bb7a-35b7-418d-880e-7ed3399f1b40	7890
31cc08f3-838d-4160-bcd9-a691dd126901	7891
b92ffff5-43fa-4655-8afd-d4fe5278d4b1	7892
91f65c11-c802-4934-be87-0fcf5f664f25	7893
60388d41-0bea-452c-baeb-a37d97ced6bf	7894
22fe7b6f-af38-458e-87bd-8971e7a2912e	7895
1ecff755-607d-4130-9a8a-8873f27e5de5	7896
3bdcd49d-212e-4f4f-877a-eac1e4a2bddc	7897
e9ec4424-2d6f-4332-b969-6c07caedf371	7898
35e3200c-a82c-4357-910e-76b1a9cbaf05	7899
2303f592-119c-4ca7-b8fd-819c5ac5667d	7900
8a75ce0d-1df3-47cc-b076-ce2f4e8250f0	7901
813d273f-a945-4c09-8318-49dba4fd13a4	7902
0878c1d4-23b2-4651-b473-75ad2cecb413	7903
693097c4-17ec-4bb8-9b7c-74a5a2a85723	7904
35ef61ca-43db-4772-ba27-0489e9ebcb69	7905
e78202c9-7717-435c-9aac-dd5ebc4e64d5	7906
9476ee3c-ede2-46e8-ae24-ce2db54b5df3	7907
72c090b6-a68e-4cb9-b330-85278681a714	7908
b025b720-a68c-4bd1-95fa-0ba95ed7a920	7909
f72a79cd-4ded-49ae-88b3-dad39d11f64b	7910
026c4d7c-8dfe-46e8-ab14-cf9304d6863d	7911
ba474cdb-fd06-4a49-988d-819a6bbd2077	7912
3f55dbb0-8ba0-4eda-b4dd-5a9169c5d29c	7913
bdffa540-6840-4d3c-9f49-dadf6c6f087d	7914
3790f026-b042-4f4d-b5e8-aa59a5066363	7915
6943f887-27c7-4006-a451-f9c28f7408b0	7916
a7047bf9-dbca-46ef-a401-573f419d1474	7917
19659aa7-cd3a-4bfe-bca0-6943e9e5c6e0	7918
cf64ffd4-e2d9-4876-ab3d-3bea9d223b8f	7919
be36143e-6fb7-43ad-bf48-8e3769694c58	7920
1e018877-f6d2-4487-8eb6-659fb389ada3	7921
080157d9-fe06-43ea-bd20-b2fb712a14e5	7922
63ba47cd-3a9e-42e8-bf31-df0db673bccc	7923
f1019a9e-2937-42ea-b2be-291eb1003573	7924
c4df30f5-5487-4806-9189-b69c9f27532c	7925
72447757-809b-4de5-8e25-f4a9adc24cf3	7926
bd4acb17-b9df-4f42-87cf-39d08af79a8d	7927
8b391c81-dc53-4b0e-aa09-3d01292496e8	7928
d99a6247-94ab-4685-87df-572ba6ef44b7	7929
82236152-973f-423a-bd78-9090c51c5db2	7930
23463b5d-c972-4676-a89d-7ad472e80b73	7931
8a888444-8dcf-46ec-8d93-94f9136a4b70	7932
346fa4f6-3f10-40ec-b8d0-4666e4e8b094	7933
a8fee308-c305-4ca1-8d30-28d150a8d5f7	7934
996a7ed9-d3ae-4a09-819d-c864e7056b47	7935
21eb2468-3976-4a4b-8c5a-fa01fc3e5d13	7936
14156fcd-ba0f-45be-88c0-e10fb6acf4b2	7937
6f23db9a-c501-4c5e-8a1a-e09ffa48ef5e	7938
1a21747b-7b43-4e97-849b-db5ab664583e	7939
eaa784fe-5c12-4ffa-ac34-0cb295a085de	7940
101754b5-00d8-4972-8662-e341461a0035	7941
05b76bc6-7811-43d8-81cf-8fd3eaa81633	7942
a48d40bf-d00d-4d3a-a053-419fbcbb842d	7943
964cfb30-80d4-4f83-a26c-f9d6cda35069	7944
355e35eb-86d4-454d-ac9c-656a2271181d	7945
7e915503-cc34-43fa-a6d7-986ff909d5e9	7946
ca9b9b7b-5fd8-4760-91cb-9d6d1db245bd	7947
8ba42c7f-1ac8-4831-a68a-0e219393671a	7948
2fd7e5d6-fe15-480e-9f10-6c48f297af23	7949
3e6bbdb8-66c8-439c-a3d9-87391ce88740	7950
067f26c1-d678-410e-8217-e554a3418143	7951
bc5e04ab-51fe-4364-ac78-54b657ea2848	7952
89ec9df5-cb5e-4d45-9968-41567e432260	7953
1f4c0c5a-be94-43e2-ab01-1aa623daa530	7954
f97c4058-cc2b-43da-97e5-96bef7e55f40	7955
054171e2-d157-48ce-9e04-d6b1f075ed5b	7956
6e8853ac-58ee-499e-8cdd-883a5797721a	7957
e9ed318d-8cc5-4cf8-ab77-505e39ab6ea4	7958
3d1ce0c0-2664-47a8-b82e-736c65661e2f	7959
794387f6-dff2-4b72-bf75-55dd79be8c56	7960
049d86e6-be73-4cb9-b498-0b6103ae3cb1	7961
a5f1a265-22b6-4db1-af7c-ab04c3367b6e	7962
8f51eb15-9b4d-41cb-aa14-bec4f9234c2a	7963
89e00fb9-0553-48bb-b665-69ed0fc0a38d	7964
4b87ac1e-ed88-4951-9c52-6f3f7713f67d	7965
493fd68d-c75c-42ca-9c70-00e44b4be748	7966
795b83a0-9315-4201-aa82-675a1699a5c6	7967
37367b2f-69e4-4df2-9e64-75ca6204764b	7968
52d9bff7-1776-46ae-8e1b-7a76afc73358	7969
70cfe8a4-1efb-4576-82a7-77533d4b9929	7970
6732e9f3-5f24-4ba4-aef1-a2a49442b96b	7971
9ea3a456-1886-4dd0-8325-bc02b408eed8	7972
0b70e909-b5cc-48fc-96c2-f34ee642878d	7973
bdc23193-548f-4130-a9cb-026dd6775c8a	7974
371c8525-8111-4497-83ba-1ead9d7ed148	7975
3f200582-beab-49f7-be50-9cd5a0a08a65	7976
829c6f97-7897-436c-9723-9fec4b3effc2	7977
42b2e95f-de76-4a38-9564-9bb011b21f63	7978
6e5490ff-714c-4e8c-9e7c-89a9f37bf9df	7979
6b52e1be-f27a-433c-b51a-3f2d63abc2ba	7980
55d648e3-60d0-4fce-851d-cf6fb1c4e398	7981
d9562589-942d-4971-a030-77df0503366d	7982
62b7f4ea-ec4c-42ef-9d52-4c1a1b21cdfd	7983
0da08c43-c04c-4016-968d-b9d3eb9b7751	7984
2f6d511c-0bcd-4926-b363-a98848f63edd	7985
318d3337-7ca5-49af-aa94-d95934717858	7986
c1c6d3d9-e435-4b0e-946a-357160ebd974	7987
55c36b06-4030-42a7-9f14-d1a5317c5a22	7988
5c6f6348-15b5-4eb5-a8ae-d8a3ee3354a1	7989
7bc51021-6a84-4a04-ada3-0541615a97bc	7990
21bb4dc1-f5dd-406a-9983-f09f10ae4980	7991
6e987552-beba-4cc2-900d-ac01c7b4c964	7992
9a1e8414-d32a-4058-bab0-c1b36934d39e	7993
802d37d5-0aaa-492e-b366-99f75e5a196f	7994
d06d5f9c-b047-4035-80b4-d4fbd79c93ed	7995
883e4ba4-8ccc-47ed-81df-df51e41792a9	7996
e9452446-7702-4853-96ce-5dfe6748d3fb	7997
6d1164bb-251f-4efe-a744-a179acc2eceb	7998
6a2ce0f1-2bb3-4e9b-a973-b259aa13e494	7999
34df576a-1c21-45a1-aefc-b6b96598689a	8000
a48cce8c-8632-4e6f-b46f-40139be33ba0	8001
ad73761f-c66d-4149-899d-21f56d1969a1	8002
c306d351-62e9-4d04-ab9f-7d7a07059e65	8003
b005c297-6a72-431a-81f5-f20344155002	8004
3d85e326-78a6-4965-b81d-ee30960fac08	8005
1efecedd-4785-432a-9e71-57317d09e89a	8006
16b97aaa-d7c0-469f-8c97-47c705b2d02f	8007
e1ce2605-8406-4933-b7d8-89e106e3b6ed	8008
354fece9-a4cf-41d4-a508-9f4e99d0e84c	8009
e69c42f5-28f7-4eb6-93bb-e6fed9b802f5	8010
8b1bdf8a-69dc-4c73-b6f9-0ae6f9cdcd31	8011
2b604dd8-ef77-455c-b6eb-51112abe6ff5	8012
b0633a9d-b576-4d7c-bb26-e4c6ed2728a9	8013
c6177e77-151d-422d-bc87-57ae21d2780e	8014
d42d210e-b903-42c5-bd85-48c91218dd44	8015
ea734eed-ca0f-42dd-a04f-32f0242a4e8c	8016
57fa88bc-415c-4943-8e83-2ff6fa66a9ed	8017
545f9a53-f816-4b59-b196-07d16d01160a	8018
d77f4539-0661-4741-9307-60ebbd72f5ee	8019
3d49e36a-cc9e-411e-93c6-d1646ba5bd3a	8020
0f4681f3-1d4d-4463-8a68-eaa60d6d6865	8021
900041e6-03f9-4bc3-a4cd-68452dd1ea2d	8022
637504e3-be95-4005-83ee-3ebb91f9fcf9	8023
428139bc-24b5-4b68-a683-447fa0a4e389	8024
47b0af85-4a35-4909-8ab5-7f9a5ed37a48	8025
1a7dac7a-01ab-4119-849b-e1e3cab854ed	8026
ff03878f-5947-4d7b-b4a8-7f3f0c19c120	8027
18c9e1ac-840d-4d30-86a0-16b2f608b20f	8028
96a0ffd8-d1dd-4cc1-aa9b-f43f1fafafcf	8029
5abe9855-7999-4517-9475-888222148a9a	8030
9641c354-53da-4fd5-b8ee-d52e8e1e7e7e	8031
c0c1183e-6940-48ca-8f96-98250fcb3ef1	8032
e5e9a7c1-9967-4385-b167-ff65a67779df	8033
a580aa0d-b1bb-4e5a-9591-de832ed3ac1b	8034
90d63976-5e70-4c73-a500-eb67997d6ed2	8035
77ee0adb-afab-4c1a-ab1b-9e273fc6c601	8036
373701dd-346b-48ad-b098-c1ffe00f9df7	8037
1087a691-35da-4450-b6bd-5d18d4304b97	8038
77c50d8d-3e58-4e38-9f7c-8a776f7d6741	8039
f6705e91-319c-4ef2-879b-4f4e670e38ee	8040
fa33363f-c0fc-46a4-aaf5-898b2ce08cb8	8041
285e8d57-662b-4aa3-b2f9-74e0f4b40d08	8042
678bd323-a298-45b0-825f-441bf6c0bb96	8043
656df013-464a-44ce-8554-430303b3afe5	8044
d11ea373-77ed-46eb-96a8-b70ea633081e	8045
69cd93fd-1c2b-40f5-ae03-7bf4b4213fd3	8046
b6fa9b9b-41cf-45a6-adc0-0a4c9a8c0d3c	8047
439591a7-045d-4f90-86e0-40100506bafd	8048
02349767-d5ac-4528-892d-17b6d40107a1	8049
a3494b6a-32b5-416c-8dea-dce62c8e9244	8050
2478be4e-dc20-4415-b171-abc18e960e3f	8051
58f23499-f263-4772-9b7a-2f6cd2fe428f	8052
22212d7d-0816-4564-a7fd-1ec849a03380	8053
452fec0f-6330-45e0-9d55-03c3d7a8a5e1	8054
81e07550-d0e2-467e-bc71-44b5d52de8f4	8055
8c03bd6d-77fd-4628-b8e9-e7aa1c5e46c1	8056
f221328f-bc6b-40f1-a750-ce11a1321489	8057
1b337b9f-1562-4863-a5c8-50c9d6d5e010	8058
e6a409c0-498f-4c86-97ec-df5630ccebf9	8059
5f0c668b-aa98-48bd-b87a-b71e3e724836	8060
23388f69-9c11-44a6-b832-b9071db3423e	8061
de7d54d7-0fce-4fb9-84f0-6fee794335d2	8062
cc3c8231-3f07-49da-88fa-04986e954a9a	8063
c7f33343-7870-4e03-9892-65ad81d18db5	8064
38d92e5b-8945-4080-aac2-6f8f444682d4	8065
1ff3b301-cfba-421f-b74b-fe96c9e57f9f	8066
270ff0d9-7243-4411-bce5-eeafbefb1b65	8067
be69bee9-2884-4cf3-9750-dd76faf6df94	8068
cf816800-4e0e-4d80-9cca-50a725e93787	8069
a13d7621-b81c-4cf5-87ac-eb7e86dda70f	8070
4e66c761-ecdc-41b1-844a-343571adb607	8071
51798612-b5ab-4f15-a39b-5cf38dee4fc8	8072
61d0d732-34d1-4ae1-964c-c96d4418601d	8073
f7cee9ef-7616-4071-85ea-9753799d32a5	8074
1b8ed32a-294c-4224-a770-2c20b8a5b0c1	8075
c266a7ab-7b9f-478f-a26d-91c5f8f04c7c	8076
31824f36-753f-41a2-b191-8b38b7dca273	8077
f08f7fe3-0751-4984-bb1d-5b7e7a457422	8078
a66d3050-a3f1-4517-8680-04223d97ef79	8079
69402db7-efe8-41bb-90c2-90a5676d2c62	8080
8bb978c1-a003-4f6f-ac53-0c84ec8b28ee	8081
7291957b-c463-4275-a41c-a104c9e2337f	8082
40627299-0979-45ba-8924-2af5fdc36ea8	8083
42e1a761-429e-403c-971a-e85c2f748cfa	8084
8f614665-3418-4ca8-aa6a-737b4636b995	8085
bb26310b-3e84-4b77-88fe-cd2ce2cfbb01	8086
a5041a85-efdb-4115-bd73-fd9142d2c4ae	8087
7c743881-aed4-47d4-93d5-9fdd6e2904bb	8088
2cf241c0-0d6e-472c-be49-d7691a7aec61	8089
c2765ce3-c309-4d17-83dd-4a89b8f86178	8090
e421cb5b-ce8e-477d-a77b-2c77f1efc25d	8091
79b1e1ca-e895-4dcb-837f-f9a4abf7b2c4	8092
3f962bf0-42a0-45a0-830f-07b66301d35f	8093
2022a00f-b22c-4ccd-a069-cdd915685bf7	8094
ab566c20-22d9-40fc-ab1e-0a01d1439aad	8095
d251bbd5-3b3a-4021-9ac0-b1d453ebe65d	8096
018d8a5e-76c7-450d-a0a1-a97f8c26466f	8097
d557c4bb-253c-4f3b-967f-b6fef3e6db37	8098
5b1b5dba-a48a-45aa-8ad4-19bcb4ee9367	8099
65a8e571-8a08-433f-a5bf-ead38c269ea6	8100
664a8867-2e24-4d05-9bae-de5f7b16f17b	8101
ee6f2ae8-9288-4e4a-af45-878f97b20f08	8102
0d6f5050-f43d-43fa-afb0-b0263dc9e88a	8103
dda3f50d-2205-40c6-8f70-223f2eacd92a	8104
ba561cc7-2050-47d3-8bc2-c645a1393d90	8105
ed962474-bb85-47f9-b108-073184f09bc8	8106
05929155-4a07-42f5-9c18-b239bef4ab10	8107
329a39e5-1a9f-4a6a-8e68-49fc8b400a63	8108
35d4519c-e1b8-4131-810f-042bb2ec748f	8109
02cc7f81-e2de-4bf0-ada4-dfd0e2728216	8110
243a2b73-5fb5-424b-9a89-0e569df6f266	8111
a063423b-92d3-4a30-a8d7-2079d5d62b7a	8112
0056b13a-e79b-4e9b-b975-0d7d19e842d1	8113
d4ab32fd-e45d-44bf-9e70-891521672085	8114
4ea47188-de59-4d11-9154-657749319a41	8115
9c104a31-db1e-47ff-a232-86a31cacb176	8116
49a5b367-9a25-43eb-a055-34803a5dce55	8117
20374192-9f2e-475a-b423-9aa2d5834875	8118
9572db59-da29-4f9d-bc00-0287ee3386e9	8119
24d3c205-7263-4bbf-aa7d-2057298730f2	8120
09e71853-7c2a-4a77-964f-35ce29bd9745	8121
16432a24-c0f1-4de7-8798-81ae46f0b024	8122
99e34e68-0320-4c3e-901d-0a307ed504a4	8123
6e4cbcf5-1b18-4719-98c2-7a2c9eccaa6d	8124
3989ff5c-412c-4abb-a461-ad733291ed45	8125
60207585-4593-4550-8706-b65a4bcb5eac	8126
d1ebfa7b-94ba-4d2c-bdfd-148c8f2f89c7	8127
472bc127-8861-45e8-bc9e-31e8dd32de7a	8128
daeec599-bf5d-4428-994a-e76ba5f86e2f	8129
12a9818a-60aa-4482-a8fa-05ed7949b178	8130
822e180a-061a-4da0-a1f3-35e8bdf5f240	8131
a1d32e75-2391-4d94-904e-13536304dcf6	8132
2b3f31fe-44d8-4861-950c-a653ec92ed7b	8133
e78b6124-f2f2-4fac-a3f2-8caa14b651e7	8134
1805915b-0120-419e-926f-9d117ff67c39	8135
65fe9ece-5a3f-442d-8d6d-34f58b1dce23	8136
169153fd-ba80-401a-8ccd-2825efaf9155	8137
c17d3b64-57f1-4e28-8a85-2c02bfc0bc05	8138
802d971d-5fb1-4ca1-8e56-69c64122d957	8139
5286b91c-5d42-4cab-933a-77e30eb74ddc	8140
62bd8d93-5e1e-480f-8642-9c346e93ff11	8141
e2a02b0b-ce39-46d8-82fb-2a0fdeff929e	8142
89d21333-d040-4602-9dac-b565651f5a92	8143
d1f52341-81f2-47b8-9ae0-32134991268f	8144
d7dc00fd-0018-47ef-a9e7-3538a652be58	8145
92337972-f0c5-4ebd-be8c-f6b23d596ae1	8146
d92e5e90-2266-4835-bccc-e94c7790e1b4	8147
d8a137b2-7958-4d64-9192-95fe4af8a8e4	8148
38fd1c6a-ba2f-400a-926e-f88fac8583cc	8149
7e790b84-98bc-4104-8332-b78495563b6d	8150
4b61339a-4074-43a6-bf6b-7f9d0d5d530f	8151
904cc1c8-021e-45ac-bbe9-95c01a1f8099	8152
7ec82933-b4be-4821-8ef7-3216db6a35c5	8153
af8a8ede-2c56-469e-9069-463218595f85	8154
e48fa0b9-7e30-4406-aed2-3605854c9e52	8155
62c2f99c-d777-4ca5-8602-548807cfb824	8156
d3029a62-7d9b-46fa-aee9-5e16809f8aca	8157
e5087985-b478-4c21-ba1f-c8048c78fb49	8158
61ec51bd-cb8d-4c07-8b9c-632b2f170063	8159
7b8dcbd5-d390-455a-8510-2b29f4fdc46e	8160
dba8be06-3af7-42c7-a218-ca9c199e19c1	8161
33f1329d-0704-4efc-b16d-16c43dcbd7b2	8162
9efee4d1-da8f-4a8e-b34d-b5f0abb5a8e0	8163
53f402db-7d17-4927-ba1c-35e75f76c24e	8164
9631c170-7522-455c-8d39-c83630d5b79a	8165
049e3c43-9c6e-491f-9fe3-4f8003afc224	8166
9d6108ad-dbc2-4bf1-a746-edc1044d2749	8167
4e0e884d-099b-4ca9-bf4d-bcb31e739540	8168
73fe8b5f-3baa-41ab-b3e3-1e5f99baf84c	8169
4d499e30-aecd-4847-9601-3f5c07e395fb	8170
3fd61726-7d1c-4bdd-92c9-ac82c3a7aab3	8171
dac77ea9-7975-497a-ad22-7833bee92eaa	8172
fa4ad5f5-568e-498f-ba98-9ffc18e54ff3	8173
ef59e206-221b-4bfd-97ab-49280137c479	8174
e7990ab6-0dbe-4438-a7dd-ef0fb1c5b302	8175
b7fbe223-4ee4-4c3b-bcb5-3d96ce30823b	8176
e8bb1df3-2076-4e7f-afc3-5671da69a0b0	8177
e6d9bb27-4c85-4eb4-93f7-a56d52ca956c	8178
cbbc9919-1bda-4126-8e1f-ed1d9c91cb97	8179
b54a3b47-8f52-46fd-85f2-49165ea437b8	8180
edbc42ea-6040-4414-8c4c-9eb7d503f64c	8181
8b569a97-359c-4eb3-b084-9baa6c8dc0d1	8182
b09bcf6d-3a27-4fd5-8300-f42f51a80446	8183
7e571e09-887e-4544-b993-eb75e7837ec1	8184
ffaff287-8849-465a-81f4-501a49eafd42	8185
7240a9e1-01d1-4322-b34a-ad573703f108	8186
d149fb4d-3bd4-46ff-8908-0638d7166407	8187
9a121283-e355-4741-8729-f4b84650ff78	8188
22ebe5e6-99ee-4ac8-9c24-9fca385d97d1	8189
5201f3ff-3be2-4667-96c0-e325b8cedbc5	8190
32c8792f-0c27-4f11-a0d9-c30589440e80	8191
eb8b0a8a-dc7d-480c-b83a-70a069150d05	8192
407d7ae0-c297-491c-bd19-4185e2b12ef2	8193
0b1733d7-83d3-4eac-8ef4-758ae3473071	8194
04b61dcd-28c9-4a3a-89af-4c290535845b	8195
fb42bc41-953c-4040-88e7-0f6757339ea1	8196
efc798e2-3165-49fd-a83b-d659cdb20488	8197
8ecf80c2-d090-4cbd-97ec-0a0824301041	8198
1ee6658f-9375-45b2-ab7a-54c145b513d9	8199
9ca27db4-f127-4aeb-ae87-29e21f558c13	8200
0320a32e-b781-40df-bf48-5cb5ee842762	8201
5654b011-23a6-4306-9326-409c31f7dfea	8202
2b9c3601-17ca-420a-ab30-10db51e474b6	8203
7604fd80-8984-4dab-a52e-f74a84e1a122	8204
ec7bd678-53d1-4ad4-8e59-639ce44f583f	8205
82d1972f-f815-480d-ba78-9873b799bdd1	8206
2a90aa9c-d2ff-49fd-a8e5-2463f657eb45	8207
720249d5-62c5-4679-8ead-dcda3329d6e7	8208
bc9e5155-c3b9-4e68-8d73-6ff12a15edbe	8209
ad6f1484-1da9-49c5-b9ab-fa136a7ebea1	8210
5bb9b216-d852-44e9-8fb3-cfdcc6d6df83	8211
0c235ae9-7e9d-428f-b0af-3fa8dbb20064	8212
fa6b8030-067f-4f80-8ba3-8585b9cb9cfd	8213
b7226a54-4ae2-45e7-a5e4-2f2800475edb	8214
4fc06895-2693-4802-8b30-172b6b6196c7	8215
dd77b8da-cdc7-46b8-8a7f-10894ca0490e	8216
1dc9369e-c30f-40d3-8d68-1b1ac7f6a62a	8217
4f6a521b-a769-4761-b89c-76946f319914	8218
b4f41f07-4927-4787-b688-4f1b170e09e6	8219
89ee62e8-ddd1-4f03-877d-4db6ad0c18e0	8220
2206529d-ccc2-4915-8485-d406723dc22d	8221
32567eb3-aeca-467f-8b89-a69b11fcb781	8222
70ca0083-d23e-4129-87ca-f70257cd8181	8223
13991835-5e66-4fdd-aad3-211e8129c599	8224
8fe90664-ee90-4b18-b4e9-9b7cf02807bd	8225
c054ea6b-c585-41eb-ae7e-4b0ca43308ff	8226
b669c53e-5a1f-4adc-80be-755e64e8115e	8227
83c1abfd-352b-453a-9988-362dc802826c	8228
bb7ef759-5319-4521-b58f-42333804e8e3	8229
558b9efe-8fd8-4534-a343-6936c2759041	8230
8b4019a4-0189-4bed-abcb-230613cb0474	8231
10a402b7-0e50-4479-b007-9cfdd5eaa287	8232
ed114045-8462-4b49-89ae-527fa2544a2b	8233
9319e8ca-75f1-4d43-acba-eb31c9f1c38e	8234
cdd257b7-7099-48b6-aad7-03a7667029d7	8235
74ba575f-3420-4d62-8e48-ac473d3c4282	8236
9e1379bd-8ecd-47f6-bde2-d745c476bf1a	8237
2251718f-7b5c-4a92-9267-895125c594d3	8238
562ff334-c34f-45b0-a519-e5d171482df2	8239
c1ff0be7-b894-4881-9571-b5175009912b	8240
70794157-c217-4847-b33a-6accafbe953e	8241
0f06b40e-8bb9-4c59-814b-540a801f22d1	8242
a78ab19f-9f41-45b4-baf7-5ffb95774867	8243
2b3551a8-7704-4194-86ae-c8865fad7227	8244
5bae9c05-fabd-420f-b806-c5b8ba88bd7e	8245
19202b40-eb93-48a0-b6fc-fce9568182aa	8246
323c9a5b-ca01-49ad-be39-046223a0c9ae	8247
0de62cf7-6a41-4a33-bf34-8792d46c1d40	8248
41e0ef0a-afc7-42b9-9c97-f9a8f0542b5b	8249
d6864f27-532d-4912-af81-d710d58b1f01	8250
4c815fc0-2cac-457f-90a7-5f57c9dc3dcf	8251
068afbb4-e37e-472a-a43f-d336ffc2f76b	8252
5dfbf314-2052-4c3b-9a7a-5270fb3b2a55	8253
2bf3971e-8595-4bd2-aace-8a71c42afb66	8254
081a2d60-9791-4e05-a075-f1890355eeee	8255
3f819d53-a0fa-48b4-aa0d-6930c243bbaf	8256
fcf7a3e7-135c-4c7a-b0b9-1a7867761263	8257
ebd7d505-9eb8-4c74-9dd4-ebe308e04d72	8258
e28f9ac9-65a3-4b84-bf61-2de06dece364	8259
f11c95b2-532a-4b4b-8550-07c6977082c4	8260
bbbd2644-b4cb-4bb5-a442-315310f68a0b	8261
380e2880-567d-4991-a9b5-93a07e428652	8262
c340e42f-99ef-4dec-9ba2-5d9ad5296c08	8263
e307a34c-5229-4e75-a210-2d1808366cfc	8264
ff711332-b409-44dd-ad1d-f7714f8906db	8265
fc3f7bc9-8ced-48e3-8d6d-66384e9e01dc	8266
bc6a4b1f-a04f-4ed1-bc90-a71e1acad6d1	8267
3c60235d-d58f-47aa-97f9-7a1b3ed25671	8268
6fba3339-e6e1-43c8-a365-624d6ea6e1ba	8269
71280101-265e-48ad-a1b4-983f386ef2e8	8270
59b858bb-e13a-4608-b30d-8a4b7f282e26	8271
81837001-d881-4fd6-8f14-6b66dd8335ba	8272
8d08484c-c532-457a-a04c-2510da38744e	8273
36e912e4-b1ce-48d6-977a-6ce2d928c0a7	8274
b74cb0c9-86fe-426c-9d3b-f07f6a2936d5	8275
c9458568-f6e1-47a5-9477-2d58e3e18edb	8276
1bdd1d2d-5974-46e7-8003-2e2ee3176653	8277
99edf598-fea1-45f9-8f8f-5bb23d3d2a5f	8278
4f3d90f0-4ea5-489f-a7d5-4c9496949db4	8279
3dd5e428-5770-4cfe-bc65-5972f00fbfe1	8280
10cb71af-9838-4401-8288-b5e14448bf5f	8281
1c149e34-0319-46e2-817b-ded446dae69e	8282
284460fc-c58a-4214-b81c-299a66bbd786	8283
da2c5d58-5e5b-41d8-9c14-2bee47394644	8284
64e16898-97be-4b7d-af5e-d114f710005b	8285
aada5414-189e-4b59-bf10-0212daa27618	8286
07915e9c-9ce8-4f6a-91d9-faa137e2a9d8	8287
3a51b862-0144-40f6-aa17-6aaeefea29d9	8288
fca2e3b9-d29c-4b41-bde9-0ea5fd279843	8289
54906119-a131-4056-98f9-4b27dd9ba729	8290
0da0f48c-3689-4c38-bf4a-c5b50d516689	8291
0915e81d-e897-415c-b129-04dab2843240	8292
7c74d4d5-8901-4370-9e5c-924960f0fdb8	8293
af723a8a-d3db-46c2-82a3-201dde8fa27f	8294
9ba4b3a7-bf3d-4130-83b8-0600264b18b2	8295
ee03c284-c6dc-49b5-ba31-e388157f6ed3	8296
8d0acf0e-c099-49ac-b4b3-d57ca9eb2561	8297
0835497f-b901-4aab-9422-ca0dd5413f32	8298
92cd0826-11fd-40e5-9ac7-f69b193063a9	8299
ba2a3bb1-23a4-4c1b-a6fb-8c93dabaf96e	8300
3063a653-a11d-4306-8c28-f92fcc2b883f	8301
3b5c4551-428a-4167-9922-bf015c1a4931	8302
1d3da898-4fb4-4445-b704-cd7315e01789	8303
fb03e148-31c1-498c-bdf5-7e16750bad68	8304
04fc15f9-2555-4699-9215-2ee6c84a2346	8305
cf6fd745-1035-4bad-b0ef-33ed822b00b7	8306
f8855974-4567-462e-ba27-fc28961f8c6d	8307
52820efb-5497-4fc5-955f-9c8b63a3c83e	8308
eba0889d-f87f-4cb5-915d-bf21774b5367	8309
8b1628a7-130a-4faf-96d8-2418bd9043c2	8310
dd5f8909-245d-458b-833a-cd6b698399ce	8311
5d3fdc5d-bb35-4542-b648-c58abd6f21a2	8312
d2c2707a-e9d5-443f-9112-23cb2f42d553	8313
9661a587-fdb1-461d-abde-f6280acbde6b	8314
d83bbea5-8b48-43eb-8b36-a063486d3fdd	8315
07f59ab8-32ff-48ad-a9ff-866078e1a2d5	8316
fc19c778-f7c9-40e4-85d1-427236ef8b4d	8317
084caf07-2959-4c3f-9374-6b2f2845660e	8318
961f31f2-31bf-4469-bc66-f6a2fda12db5	8319
cd783c5c-4035-4bd3-92d3-4dfa3dd51483	8320
bfb552a0-7b6c-4069-9936-7d0a9d4f15f6	8321
94d218d9-2b54-4603-98bf-f8461ed7b9f7	8322
ce407e9f-de68-4c8e-b966-43a1b3356191	8323
c8c021ad-6397-4990-b3b7-23d027c5931a	8324
ee7da4ab-3ed1-4a65-99eb-69218d6453ec	8325
e50f9da8-a0a2-4a97-94b6-c649a2b96c0b	8326
bac651b9-3235-4361-94ee-e22b0f1e5913	8327
4ddc0620-38e2-40ec-8915-009967520168	8328
d7381ee3-d8ac-4622-ae9a-7e659143eacb	8329
8ac580bd-5b33-4ee3-83df-8d406908e300	8330
3e9b6434-5f16-4bd1-8601-ee46a4fed4e5	8331
0e56780b-b99c-4078-a098-bba329db985d	8332
1cfbc7d1-299c-46e6-ba4c-1facb84ba435	8333
094f10e7-27d5-400d-a145-331013e67229	8334
6474e7e7-b598-4406-a1e3-8507ba1df60b	8335
07196030-e7d2-427b-99a8-0b5ae68bb3b7	8336
f3e93b5f-33ae-4b30-8e22-0a0fb4c4847e	8337
e2f9c452-7eb0-4782-bc3e-36f2c456ffe0	8338
cdd2e0f0-703d-454d-b5c7-cc3bb6dd5552	8339
94b0aec2-e8d9-475a-89b9-6a0380d9009d	8340
ad04bb32-4377-4538-b941-a6abfc9c14dd	8341
eac97210-6b86-46a3-85fb-62fa350b9bab	8342
2c110f96-d36f-4b74-9715-dec205a6e088	8343
8d0c6147-90f0-4045-810f-97f5789f9bd3	8344
35290bf2-aa8e-412d-8f4e-0b3362044958	8345
ff6cb06c-a6e5-4ab9-a5ce-fa2095be45b9	8346
4854429b-66f7-41c0-a89c-030bb7ccf958	8347
7ba311d4-c068-4b85-a64f-c7d4f1adb868	8348
ce382524-3f9b-461a-9202-60041105741c	8349
db6ac2f7-5bbb-4ed4-88f4-540d5b29542a	8350
b4ae1cac-aeb0-4d03-a0d5-5e33314b8e3b	8351
210f7873-edd6-4e4b-8a7d-d8b7a368a33e	8352
0dba9622-5b00-4410-b105-1932fad84d65	8353
3d921e76-94c4-48c8-9f18-c2d96a8e53c9	8354
ba065e43-cd90-4c65-bb47-d137df5ddbff	8355
3a115a19-83f9-4f13-90cf-ab10d4fb76e8	8356
d727e506-8bfe-4795-8d3b-1a4da55c43d8	8357
7451c6e2-02f0-4158-904c-7f477683ce5e	8358
b57bb478-ff2c-46e6-ae67-653f9e873325	8359
1461ef67-5312-4dc1-843e-711bf912217e	8360
1206e9c0-a650-4e2d-bd7c-6bc1ae260634	8361
d10c7c90-54b1-4855-a9f5-1099a8dd7f54	8362
c0b745ac-229c-42e7-9cf2-b07b8fbc11f5	8363
01b405ae-8ca2-4dbe-8a30-0587b597f598	8364
fec02932-60cd-46ee-a70c-05c07905ae77	8365
7903b54d-b1ce-4061-91ef-4e8b25fbdc33	8366
c0366a67-0320-4cfc-971f-d4ead8dfd63e	8367
1d5d9b06-1b0b-4c40-8481-bad62e03b4ab	8368
dadd10f1-9db4-4a35-b939-9469029deab5	8369
ff9c106f-e342-4543-a376-776e08121f69	8370
f92671a4-1635-45b2-bc04-20d029a4cd49	8371
857963d5-146c-41ed-b151-51eabd38c5b7	8372
17be2a06-5295-43ca-a363-c683b562df72	8373
47d7b25e-585b-4c97-b98b-411b21a53379	8374
5ceff60b-8183-49bf-a855-328d3c172106	8375
1d5c9d59-83cd-4ac2-9079-3f8809756331	8376
66ca7462-753c-48d0-9fe7-80d4b0897d18	8377
9db1e69b-935f-4c1d-a48c-8bcca179a25c	8378
702d3a87-5b30-41f4-b54b-92688ec424bb	8379
2b0c21c1-587a-4e0e-becb-3096c0d9e3fb	8380
b5fc48ee-f161-4d93-a1d2-a6c64f2878bd	8381
18191eea-369f-42e8-96ab-c1c24e4d0011	8382
9d59f45d-72e0-4992-abe0-56c66f97b911	8383
8fb30a98-95db-4117-ac7c-cba05b945450	8384
65d29ef4-b829-44d4-a19e-1626da25ec53	8385
a92aaa32-9f0a-453b-903f-9c227486300a	8386
5a75a14d-5994-4d37-a778-d5bbd39c75fe	8387
a52b1147-41b2-4a77-b4d3-eb916140296b	8388
c9b3bf7f-e237-4d43-be6b-02bf59b99f90	8389
0f50beab-d77d-4f0f-ac26-0b87d3e9b11b	8390
75ede374-68bb-4429-85fb-4b3b1421dbd1	8391
6f16979b-790e-4c0c-bfdc-076e7e195161	8392
b5a31e9b-1fa2-45f9-91f5-b3a25fb38038	8393
41ed6db5-7a87-4535-b9f1-67ce54598662	8394
f4eea5a3-5ce5-4b3a-82ef-884c797b391f	8395
28fd67e8-573c-4cdd-a37d-8b74af74109c	8396
dbb7d2fe-f404-472b-b407-7ae44a8e0ad0	8397
bd55048b-137d-46cf-845d-604a51b5ade1	8398
31770d26-a5bb-407e-86c8-592478ee70c8	8399
a22b573a-7cd7-4580-afd1-a5fd890e17a4	8400
f9b57146-c5ce-41ad-adfb-ee904a4f7b19	8401
d877b2d5-5b6f-4020-a2c1-25c44dbbaf94	8402
f73634fa-c89b-4bc3-8cd0-81891bcafa9e	8403
c073f75f-e99b-4584-b954-d5488d87b970	8404
4befe93e-7cb6-4adb-b822-8b19ceb59768	8405
b6fd87b6-c2ce-4241-a11f-fea34a9bd028	8406
e9a4a145-e1bd-4384-ad26-b344205dd9df	8407
d67ff511-57b8-4d02-94d3-6c6a331c2ae4	8408
5586fa75-8cf5-4531-ab50-e7994b7003b8	8409
c5300096-cfb0-4801-b146-166e2d02f08a	8410
837cd182-8da4-4c1c-924c-03daf72f0237	8411
6a7b9d5e-a863-4a90-a056-77942e9f43de	8412
ee7db106-6996-42a9-981d-b2d55a9b8366	8413
77c53cfc-6151-4582-80e4-99af55303896	8414
923a63a5-bee2-45a8-a0f8-73ee4d5dc37d	8415
7dbac7e6-f351-42da-9dce-b0249ca2dd03	8416
e70f13fd-dd10-4eb9-aadb-3d9d301d70da	8417
bcd7a1a3-ab7e-40cd-b604-d5197f3fc598	8418
6c9a6dad-472e-4a1d-8fe2-b49e52746b3c	8419
983825cd-4c25-45c5-adbb-3f9cdced6285	8420
7a3320fe-ec80-444b-ae06-503dbaf7293a	8421
ed52bde2-9c04-4e8f-8748-cb08b457bdb3	8422
ddf2c2b9-b368-4a13-8171-ffa8122a62ed	8423
725fb443-0a26-42f8-b4b7-5257b3a61eb5	8424
7d5ab287-fa89-4ff7-894a-5e4afb1b1c9f	8425
0bfb489b-7da8-4b28-b144-eee7599ed1e9	8426
f1eed144-da46-4bae-a9ca-48208e051024	8427
5be295e7-cc1f-4b29-b8c1-22b5c025efe2	8428
e0647eee-82ce-40e6-af54-953395ad1c08	8429
0be8eb1c-a6a2-4a43-9585-bcf63e4d9bb7	8430
c9605929-6b48-4991-bb96-0bf460df8ee1	8431
e7edc301-cd55-41ce-b3d8-c3f83cd90a60	8432
61386f55-12b6-45be-baf2-7c9406965808	8433
9f42398b-56e5-4430-842c-1d843ac9f116	8434
968bf044-8703-459d-a349-17d15af2ac74	8435
e44ffeb1-33fe-48a5-841f-48856542a899	8436
7b8d0768-7bef-4c01-ba61-1150e72b49bc	8437
62aef01b-e0f3-4545-a0b4-29cb3670de0f	8438
3178cc4c-cd9f-4842-96fb-28bf9cfec591	8439
536252b0-78a6-45af-8a10-8d87544dc85d	8440
5739643e-3037-4349-8ceb-73e337158f2c	8441
1524122d-ad9d-48e8-9d02-f7eaef15bef9	8442
2e3020a2-6a5f-4011-beaa-302ee622d6a8	8443
810eb6c6-cced-4944-8f5a-1e0b15d930be	8444
de2fbc46-e06b-4ce0-9cfc-d590d7a04d5c	8445
80eee8dd-55e4-47ef-8246-f17ffd17c983	8446
dd77e400-02a0-4eec-840b-e9c020810501	8447
d9c9cfb7-f751-4fb0-97c0-b3ddd768bc78	8448
1afc60ab-4825-4f85-b7ea-16bebe28337d	8449
30f7232f-a09a-4dc6-9818-f8224bf72004	8450
c12d8aaa-219b-4f1f-8469-97f7ad7cb39e	8451
8e32499d-bc8c-4cdd-ab8f-1b5eb774459c	8452
55ab8438-9dd4-41cc-b897-47b996f4b668	8453
80eb910a-9a7e-43a2-be70-9335394cbaca	8454
e5a6cd5d-c652-4695-9d24-f9697f4c8cc4	8455
26b513d8-199c-492e-9be7-72c340e40214	8456
88d1360a-bc2d-47df-90d1-d2de285560aa	8457
2061f628-01cd-4343-a078-900f639d67fe	8458
b04df404-eefa-4ae4-9f3e-ba220d9dce16	8459
cba9cec2-be8d-41bd-91b4-a1cd7de39b0c	8460
c3fd37fe-2f09-47a7-bae2-4b86f6d70f59	8461
ee74192c-d21f-4de7-83e5-eed93e07ac07	8462
2374ec6f-229c-47a8-9853-5efe3c47f5ca	8463
38c8254f-ceac-460d-9123-5af2d7a4fc7e	8464
967a94ea-64a9-44b8-8e17-daa29141c548	8465
4382b934-64c3-47ac-98db-65f26d845c48	8466
8c5755b4-2de6-4158-bca9-e354cbf07437	8467
5be7d200-5499-4bba-b29b-1ac554199d23	8468
62162215-b023-4f0e-84bd-1e9412d5b32c	8469
776b2c10-31fe-4c4b-9982-f408279b80a9	8470
926059d2-20a6-4667-8a35-95622b460279	8471
16131f38-a2f4-4e1c-a70b-f48eb57928bd	8472
1eb83ccc-c448-4a54-b453-33d939093173	8473
45bbfc68-2523-49e4-96f7-d7d1c3d41aac	8474
35c5203e-8e88-4f36-9e13-1ede9e059e43	8475
0f7534a6-dc5f-46ca-a2e0-13d214cdd52b	8476
3c6a29ce-5056-4d07-9be5-81393956dd4e	8477
346998ef-6242-409f-b98f-5be12f14864c	8478
2ab6d309-3c82-4414-8ec1-ca1e4675b293	8479
395e2b20-7f5e-4482-a478-8c125f38918e	8480
95c8b6b7-1e24-4987-804c-024f6b05cd91	8481
5d400869-0471-42ee-afda-3addd73d0418	8482
1365463c-a1cb-4222-a0fb-9c71cfa91e80	8483
f3f97f85-322b-461f-b67d-e990e0bacb05	8484
e54820fc-02c2-46be-ab4c-593dfd63dc44	8485
0ba1966a-e471-4f98-85d7-8ac0c1f836f0	8486
e6e1e76f-afee-4990-aad0-056199d94918	8487
966e1095-b172-415c-bae5-53f8041fd050	8488
6f92929a-6381-48ac-b348-83b43b9cf646	8489
8a806a55-fa0d-4060-82e5-ecfbd24a5bc3	8490
172805a7-6f84-4bb3-8b3b-6dc5bc33b103	8491
a34ab81e-a7e0-4d0c-b5f8-2438f104733d	8492
5a092e7c-faa9-45d0-88c6-052205804e6c	8493
1c06b04b-3a86-402f-ba74-67c1643f9fd2	8494
c8fb45c8-b3da-422d-a6db-73ac2ee56f77	8495
d19a5ccd-e04c-425a-a06d-0b8b548e609c	8496
54bd120a-6bac-4d7c-8b10-ba167bc7e26c	8497
327e24c0-95b4-4754-b509-108dc7f8abfa	8498
dbb0dfcb-0fc9-4720-8fcc-80bf9993d989	8499
c757e9ae-b246-4a55-8b43-726a64f4012a	8500
8536d91f-d976-4578-9776-9376a004e4f0	8501
0bf548ff-61b2-41de-90ca-93e5bc509d8b	8502
6100e9f6-4316-4553-8f23-80466e253fc5	8503
3be5dee4-5fa6-45a5-97c2-98914580bafa	8504
af02dd1f-b0cc-4210-bcb1-f34f0c578b5e	8505
7d7fd458-5486-4fb6-a8f8-f9eefe4ca68d	8506
fe50841b-f14b-4882-a4be-38a04f69374b	8507
77814bfb-f1b0-47fd-8492-65d6f72c246d	8508
39766095-d642-40e5-805e-57495f551e58	8509
bd496eba-155e-49ba-9a92-56e3fdfd1ea2	8510
09ade3bd-b110-4277-b923-7dc32e6a3f92	8511
c29973c6-1a7c-401d-bce6-67b7240de677	8512
54d60191-fb43-4c21-91fe-18ddd4652f79	8513
e984de0f-7744-4f87-ac42-bed48b920842	8514
c373c7f0-fddf-4c04-a327-19dd83590753	8515
5dfcdbb4-d7ae-4dd3-8374-cffa4bd09835	8516
a92bd9cf-c6bf-4289-88a9-09872d5be795	8517
2bfd6269-90a6-405e-8ce2-db6ad23a489c	8518
4591ea10-e654-4cfc-9615-56987c5bcbfe	8519
ed907db5-6a4a-4e98-800a-71c5904eb02f	8520
8d79e950-1333-4a32-9fc1-af53d421abc4	8521
b6f71a50-4d46-40d5-8a08-9b7594f9bbcf	8522
efbbb4b2-b0aa-40b7-a15a-dfb3963697c9	8523
1d097d38-d5ca-4cd4-9200-7f08eedd0875	8524
99073816-3b97-40ef-81f7-04aa52e53a69	8525
03d46d6b-adf7-4cd7-9b30-7c29063b06b3	8526
7af98a1d-d993-44f7-9840-ab9530fc2d64	8527
ed021420-1f77-412e-8745-67567a886150	8528
1f40816c-9b2a-4a79-85e0-842b4841f930	8529
b140eb4a-9329-418f-b3e5-eeef8de73fcf	8530
72c81780-1f0f-482c-88c5-6e80788a36f7	8531
593e5825-e5c5-4f85-94a4-fb181d4201bf	8532
0e5a05a5-28b9-4504-9eba-f552dc02ce73	8533
ae400a56-6d51-405b-af47-26a68713ccb3	8534
738457fb-624c-40db-b68c-66c7a238a955	8535
08f401e4-0aad-4265-a3c0-c8161487cbc3	8536
acd902c5-91df-4e1f-8dd6-7c4a348a4cb9	8537
ef04c98e-856a-46ec-b9aa-1a845bc1b8cc	8538
729c1b75-ad36-447e-bd97-eb96c5237506	8539
b62f2a5d-ee82-482f-a10d-536c929edfff	8540
a70b0fc3-1434-44e9-8c23-df20d187fc54	8541
3f31e084-41f5-4a74-93e6-19bdafcf237d	8542
8010da10-5c5b-4041-b119-984a6e2ccf82	8543
2465f7e0-8258-440e-b59c-145cad90f76c	8544
b8291282-319b-4ec6-9807-2280a1118e3f	8545
8078cdcc-c12a-48a3-ace8-d80f42ec4306	8546
d3262e47-222d-48c4-b57e-0ea1465709bf	8547
54980b39-7dea-4e2b-8b1f-21322a464ef5	8548
4f8d2085-f5f5-4af1-9a48-ff9b07941112	8549
badda5cf-f2c5-4dc2-b3d3-07467bdf0f71	8550
98744f0b-20fc-4bb2-9ac4-e2041058911f	8551
6026ad9e-35b8-48ef-912b-49ac6eec7ac0	8552
937a194f-61b0-40e6-a1d7-e142ccf96dc7	8553
3c96a189-e9fa-4e4e-8a20-b8ef6a39bbdd	8554
af2e4bbe-e6b4-4e34-9930-d402c84f9b13	8555
1b8f2382-885c-4fd2-b3d3-3ff55ba260e8	8556
e00bd42b-334c-4494-98b4-309612de946e	8557
1c49707f-3e9f-4d55-8be7-a641350cdc75	8558
99513c45-6c2d-4a6b-a089-074360591f01	8559
62558a6c-cbb1-4bee-a843-d07d187ddf55	8560
d24fc285-7b2f-47da-8ac5-4070b08570b1	8561
1b9e6350-f7f8-483f-9917-a8c9fcf52e99	8562
e619d8c4-5d76-498a-9d6d-086eef5ea922	8563
7dab4383-883d-462e-bf74-e511c2c60768	8564
49a5f5b9-44f3-4db2-a9a8-db8773de4edc	8565
d857e4eb-0ef6-49da-83ef-9de68e24e18c	8566
70bfae23-de36-42a9-9650-2f41b7f7933f	8567
ea3b707a-7616-487f-a7d7-81ac947fd146	8568
d7324881-11bf-4aa1-a394-34c1838c7baa	8569
1ef573bc-9756-489c-ad2a-8deb52c570c9	8570
51566b49-3bd6-45a8-bd7b-86274114c3fd	8571
8df4d8c1-eb32-4ef6-a401-6476038f2219	8572
d796642b-a473-4c49-946a-d458f965b691	8573
4476453a-d37e-4c52-b60d-07c90b6fa661	8574
09d61796-b1ba-4b0f-b036-c95848e53387	8575
f5336894-1f29-4051-aed0-d586aed1f4e0	8576
9c58f3b6-2ae1-4f1c-b2d0-9e7cd9007928	8577
a880b706-e103-4a3e-b381-1127d90012c7	8578
f0303341-cd61-4a2c-a0dc-edae98853a06	8579
19e48a4b-7aff-4794-a76f-1e7ed20caa4e	8580
d5a7104a-aad6-4827-8ef5-680041ae80a8	8581
fe74e1e9-6985-405a-97f3-41ac6994a6c4	8582
8105c4c1-99df-4fed-83ec-61f0335ec106	8583
3cd20d2f-0d7c-48ba-accc-5e14ee89ce1e	8584
d7ab5dd4-9923-4e3f-b8ac-ae028cdfb167	8585
d29c3f94-55cc-414a-8cf2-6126e26e5a24	8586
e110c11f-1c94-4471-a350-c38f46b29389	8587
1a46826b-4d73-4e04-8590-f36c9d832f9e	8588
5cc104cb-a015-4274-9271-561fefb18292	8589
99f4b23d-3711-4efe-ad71-9572158e234c	8590
5ba39b83-d12d-4b31-b449-992300a73df8	8591
ad957b43-9dc0-42e1-940c-19b21ec77f3a	8592
c423b65c-2302-45dd-a3a4-ae10e519196a	8593
04589769-d5c9-43a6-a65b-5b8ffbd741ab	8594
0a448cce-47b0-4c05-8d65-88b8ef633064	8595
25e1bf04-8ebd-4a4b-b80e-709723ed3eb8	8596
73c3f499-60e2-44e1-81dd-7fe2191461fa	8597
610a62e8-541b-42e4-a3fe-8dd595be93a8	8598
4da58868-23ff-4839-b7f3-e79b00cf6d6f	8599
5f8cce81-1ff5-4cca-9c6e-8d3c58dc0c36	8600
4704f86b-33b0-458a-9460-8f9b52869d74	8601
04da193a-a956-4940-a6ca-e6021c7861c2	8602
8ebad434-3593-49bc-b60c-bd66e8efbbbb	8603
c0bf9e20-2872-4897-ad1f-0882b83272a0	8604
4859ffaf-ea83-41b5-83a7-8d72ea26ffe4	8605
a7a48193-76a8-4a7c-806a-cdc419d0a52e	8606
05926c60-7f4a-45d5-a2a0-25d575a746f0	8607
9c8faddc-00e6-4ea6-9972-0dac313f2e09	8608
ad4ba77a-2382-4367-b687-89d38c58e16d	8609
2c865d35-e91b-4653-9de4-1f102137fdb2	8610
c69ff900-63b7-496a-900a-541b710d3a67	8611
8ba48525-d922-42ee-9775-97b7b8f9712e	8612
e6071b18-261e-46a1-8ee6-4dbd7f5f99f3	8613
5c98fc12-be83-4246-ae5b-2184192913b9	8614
2c43503a-fb94-433a-98a9-8898367ea71f	8615
b3a0912a-a62a-4388-9368-7cb21ed5caf9	8616
9a141277-3edd-4aac-931b-10030410bfd4	8617
bc2fd8bc-91ea-4b7e-a52e-d67bea5c0313	8618
0d06bb57-c3b6-4188-9b73-826c41c3e29e	8619
0ad22d07-c71c-41f4-acd2-0620b9e864ac	8620
739da2f1-0741-4c60-a6ed-f42d49bf2eb1	8621
393ce5ee-4550-48e2-97f9-50a47a74bdc1	8622
af7c27c0-d1ef-4113-bbd6-63e97963f434	8623
56ba049c-eed0-460c-966c-be7ca846456d	8624
2e9c624b-f2d6-456d-9778-8d0b004b8ffa	8625
1bebb19e-9305-4da8-a3fd-5dd40a6e517e	8626
51f8d454-f4a8-41e6-8bd7-a35921eeedd0	8627
d318977b-becc-476a-8e58-604e3cbab45c	8628
146c01d0-d3a2-44c3-acb5-9208bce75e14	8629
45fdf967-5a18-417a-be32-7dda5c0ebbb0	8630
6423c748-7f74-4dbc-8e9d-61669e9dfd59	8631
30c45b34-a67c-4bd6-a62d-54d7e333b713	8632
46aaf309-973c-497b-beab-b69108429824	8633
62c31c9d-d2d9-4b2a-9549-4be129e9559a	8634
aaf0c715-407f-418e-8674-ba933d4d89db	8635
fad62fde-c41d-4d75-8c66-e5284cefb791	8636
3d094919-071f-4070-95dc-e1f350e4a5f3	8637
c8dbbadb-f5f1-449c-8827-43d00a73fe89	8638
0d3737b6-dc26-4eef-bb79-38bbe81f0cd6	8639
2f4bf325-2bbb-4d5f-8681-b0fef130bff0	8640
289faaeb-96bf-41ff-a15f-5166b6298e01	8641
d7c3d696-9630-4d36-8c26-62aef9741cb2	8642
002379ce-27d5-4084-9a5d-4fd28335d9cb	8643
8ee72e86-d75b-4e18-9116-41a10ff92703	8644
a36e9173-2c46-42c6-b319-e9a4155ef2aa	8645
dd5c73d5-53df-4be1-8290-a5d2082159b1	8646
bff0b8e6-5c70-43a5-b01e-0d825eb67821	8647
115bdd7a-8a62-4564-9368-251879248e47	8648
f5c83ec1-7d76-42ff-b727-3c85878b9766	8649
33d1d29a-ab86-4da4-ba17-05023b157761	8650
e754303f-655e-41f4-9dbe-b11b5614bd3d	8651
7739f53a-f809-48a3-942a-fbea493f0a17	8652
b29a24ff-2c55-437e-867b-1456c9f3f73e	8653
2540b485-47be-4995-be26-9e38e2ed35e8	8654
767026a6-9e39-463b-9d04-ed0f86ac5ee7	8655
6a8c6183-b9b3-41f4-b101-2294adac0b3a	8656
fb91de23-78a7-4e12-8003-9569b8cedd76	8657
fe2bfb00-1dd3-4e97-b0ad-39c5228a1ef1	8658
5b794752-2724-4409-8b05-e2c728dd8d10	8659
761e3ff1-7b7e-4ff7-86c9-9ee06d5ecfb3	8660
8659a7ea-2885-40bd-a504-7c39502b0ea9	8661
3b731282-d7f4-41a5-af0a-d0c1c3319802	8662
66d2169c-dea5-46d3-b4cb-52ed87b24ab0	8663
bdfe3ad6-3688-4fc9-93ec-ff73c09b627f	8664
8e07e48a-e711-4f77-8309-fa5e4c460d73	8665
187d33be-74c2-48bd-bf44-412c06b94eee	8666
4f2c565b-ac40-4678-ba61-4fcf3b97edbc	8667
d32f3f54-ee28-41e1-8cd7-a9341767e1e1	8668
35a8b7b9-8b10-4e9f-ac77-a899d75510a9	8669
70cc316b-37a3-4174-bdc0-f546b3b3d03c	8670
8b5db1cd-9ce3-48b8-bd75-44968a821f29	8671
e5306b29-16c0-4520-bb05-6b21f041b2f0	8672
2dea8a55-623b-42bb-bda3-9fb784018b40	8673
75687111-1585-4df2-83e6-ce52e7fa2bb0	8674
04313ad8-a65f-484f-a4d9-78fce4b6e9f8	8675
8728e953-b168-4422-aa62-595b5f51fb6b	8676
4a619357-80d3-4d50-9656-0d7cd5eba6bf	8677
61a21fb6-ca24-4e7c-bb72-34a716be1cbb	8678
45b87eb5-29e3-4f7e-9475-129d486df0f2	8679
d4b064a0-5567-4930-a359-16fadfa7941b	8680
6840dcbe-3aca-4057-8d16-4799c3730e3a	8681
7d248ccb-588a-414e-ab3e-be6dd8b71f81	8682
e7cb716b-8b1f-4a01-98ef-c96da05fba88	8683
1a8094b9-3dbd-4b95-b151-8ddf8cd673e2	8684
8f5bb862-f2a2-416c-b692-d7565d962942	8685
83af9c0f-aa96-4249-a485-4026d341fb30	8686
19ae028f-f114-45b4-8143-4b2fae696465	8687
acf2f8c8-d967-40b7-8684-6dc6caa395ec	8688
d350bc0e-10bb-47f1-9027-d1f011ae9aa8	8689
e78cc47f-9b89-4ef7-86f8-8f9df4f9dac9	8690
df51459b-4d97-4a37-ac9a-3b119af21aa2	8691
ecb6ad66-0b12-405c-803c-e5bcc83e77df	8692
76325a9d-6c25-4649-96b1-84e9b99d6b4b	8693
914360f1-82e2-47ff-943b-1d7b977bd27a	8694
b2dcc67a-45f9-4b9f-8221-3da4e0d32491	8695
4e5f99db-d181-4317-9124-602b776f5306	8696
95c71626-759b-411c-bec5-3fb638cd9c70	8697
544559db-c6c4-45d6-8435-d224e4f696e9	8698
d0ef2617-88ed-4d2d-8e72-7e45c083c78e	8699
c213f661-70a8-42aa-b858-62f5bd2d72e9	8700
926d9a13-f514-4114-b98e-03c56f3bc04c	8701
4e728a02-5bcd-426b-abe2-5537c921756d	8702
8537818e-37c8-4b86-843a-3cbc3f910866	8703
3d28ba03-e75a-406d-ae2e-3457d39ac273	8704
6253a908-c690-4a00-b193-8f3233edbbd0	8705
17b5a143-f8d9-466d-918a-bf3abce6cea0	8706
85bbe0e7-2463-4ae2-b4eb-646b72fc41d2	8707
edbc4604-23df-45c0-9405-c9bbd093188d	8708
f8b2f03e-3ffd-401f-9b9e-338fc52070b1	8709
02e3d15f-4f86-41b7-b4c2-9ba2ec98af83	8710
405e32bb-268c-4ace-948c-10b03b518fc5	8711
d5e20b69-e66c-4007-b595-26fc266fd3ed	8712
4a00ec9d-c635-463a-8cd4-eb61725f0c60	8713
90db0cbe-b360-4041-b916-d0b2f6cf17eb	8714
be15e447-2139-4597-8960-cd5bdc996de1	8715
fdbbe6d2-540d-48df-9dfa-3bfebf8688e1	8716
6a3d87ad-dd71-4e8f-b8dd-78b61e0e7fe6	8717
6da15ddd-2838-4f30-8d5d-fc50b32a0025	8718
1f574ab1-a46d-4586-9331-f0ded23e0411	8719
3033ce2b-2fb2-408e-8c5a-aea48592d7bc	8720
9a07de5c-37e5-4907-ac77-ba9674a9bd6a	8721
3ca09fae-fdee-4771-bab9-244708515a98	8722
0fc6441d-ee08-4088-8a70-1d6ed2ad5a35	8723
4eca1aa0-c79f-481b-af8a-4a2d6c41aa5c	8724
f5bc0d88-721a-4d04-b0bf-828cc92d99e6	8725
1d25e697-096d-43b1-94bd-74e0619c5567	8726
e8533fd3-4e66-4ad5-8fe5-12a916f9c4a1	8727
6689a626-4de7-41d5-9ec3-5a289472a9e2	8728
1c68d986-7b3a-4ecb-9d14-43e6902ef2bd	8729
386df5e4-aa80-412f-aa31-7a201f0ed678	8730
650012e9-f732-4295-936d-fdd99bbc6258	8731
662646b5-8298-43a7-848c-9f160fc99ae9	8732
6ed36b36-b2e0-4540-bc79-0348b744cb10	8733
cf66ee44-360b-445e-bfb8-e20e69325742	8734
897a3ee6-6e5b-4cff-a98b-15c57100f762	8735
dd3fdd51-23fe-4eaa-95fe-4f0aba89c688	8736
cdc62516-147c-41a0-9a2c-9d24cccf91cd	8737
10c07fca-2678-40b6-9644-cde68d3e9554	8738
0758978f-acb6-49b7-8f45-2c632a5b634c	8739
484e8d72-ad54-43cf-bceb-283529ac2b62	8740
ecfeacaf-0399-470f-8207-d1c646569fd0	8741
7413dd8f-1a36-4ae6-8fb8-85f09b5ea512	8742
20fec239-6d5a-463e-9478-f802c6506126	8743
a57d7a1b-b7ef-4f36-bbf6-9f5a167cd08d	8744
050f867a-ed04-4a38-9f6e-b9bf84ca664b	8745
11e46b16-2f25-4783-ab32-25250befe84a	8746
411f15e4-fdad-4d09-beca-0201c2e56727	8747
39dfc059-93b1-41a1-af27-3a753c0711d3	8748
e8902b8a-76e9-42a8-8ccd-4799d3451d32	8749
a91fbcd5-a74b-436e-ae0d-d2f6bb817820	8750
cbf71c15-17c2-484f-8406-cfce12fd3e46	8751
00705dbc-c5b4-4ec9-8bc8-cd770d8b5b99	8752
11e7a4a4-8ae9-442d-b8ef-4e2b0a675fe9	8753
fc60e1ff-04f2-4417-8d33-dde3aae9d8e9	8754
33945eeb-e2d2-4257-a199-661cbadcf8af	8755
3754dc74-381e-4237-bd44-65f5600a4d88	8756
648f240f-50e6-453d-b901-51e1a33ca4c0	8757
eae1dc26-f366-4b1a-916a-3d0a6723549f	8758
8cf2cf86-fb95-4a93-be6b-37d98d3df506	8759
78845d2c-8565-48be-99e0-32c1589459a1	8760
1461eab6-cec4-4615-aff1-3d3ea869387a	8761
cb2a2f2a-68de-4dd6-b47a-64fb680e2795	8762
cabbdf87-5cb2-4f3c-be65-254655c87508	8763
601e7466-eaf5-4a91-9909-ffd770b7e04a	8764
ff9542ca-7859-4db2-8796-c1e3c39b9c0a	8765
71d36b4e-1e13-4fb2-ae6e-95b2a3daa199	8766
35058042-8310-4c5c-852c-f0ed011d77b0	8767
d2ea2f01-9b13-4c69-b6c2-350404f5de68	8768
2d1107b1-0d07-44bb-b12d-75c56342bc00	8769
334bd887-9044-4c38-aebd-4baab851efb4	8770
08342a32-9bc9-48e5-9086-d68ac785c171	8771
574a5acd-3e0a-418b-9a8e-fb260be389bf	8772
3b0addc1-bd1d-409d-9abb-f541c231f8d9	8773
3a9cf658-0f0b-410e-b07e-8cf7eee53169	8774
710c7ffa-977e-4431-9f00-c8d4eddf6808	8775
2dea2870-5f17-42f7-ac32-d76ccde70dbd	8776
a9bff0b2-400d-43d5-99a0-aa55292889f3	8777
3666205d-aa75-46ef-b43c-c8b2c612b6fe	8778
20244d07-534f-4eff-b4d4-930878889970	8779
f45da029-7b00-4bf3-962c-0eeb20309cc4	8780
0f81d8c7-b00e-450b-8ad5-956b1a75b425	8781
98fe243c-3685-4491-8135-edc713963be4	8782
617a2fbd-fef9-420f-981c-bda2ca103d38	8783
3d722ad8-1986-4ce0-bc98-d0864ef625f2	8784
f65a3677-c6dc-47e4-afd8-ec364f2e3035	8785
1dbc1f29-19b7-49de-950d-e7b7391f56f0	8786
c21db200-1f7c-4c23-b518-cf7fac6b8e85	8787
a2e815a8-54d1-405f-a3b2-1fc9367ed0d3	8788
012f2687-b9e8-400e-838d-d96707ea3a5e	8789
aa3dbea9-a183-42d4-8b30-a894d1fa3844	8790
8ec5439a-ff50-4b0f-9e75-fc3e517e75ff	8791
3262fdae-c465-4d40-847c-efb14b0ed0c6	8792
9d6a7238-e379-42f0-bbed-d3025acc2a8c	8793
cb8b5134-e85d-4020-aa5e-93fe24af3c63	8794
602a999d-4d99-46a1-97e2-1883b1d70913	8795
cbc39346-994b-4bf1-9c7f-94f7d6536bf6	8796
cd3772a8-6f4e-40c3-ba7d-019809dbd9b4	8797
d2bb52ea-9bda-4886-8a95-1920fd05d429	8798
95cfd42d-12de-43e3-81b4-db143d2b5b35	8799
c428180a-2871-4788-9815-e09f7390c6ec	8800
bcc02f71-8cf4-4b9c-8b66-59809b545448	8801
5a3f232f-a9d0-46cf-99bc-a29b973348e9	8802
eec37ec3-79f5-4158-bed8-370ccb4aa295	8803
0721d4a4-6c1a-46e5-bb32-44679c46dfce	8804
2a3eb033-5077-4fc7-bc49-c15dc6b3a691	8805
ddc7dfa5-d331-416e-9b1b-93621bb5c6b0	8806
e2cc4cea-d3c6-4279-8468-615fce1b56fa	8807
3442b704-fca2-4eb1-8a7f-c847ccbe7a44	8808
e9b2f192-d21e-471b-8842-71373cb20080	8809
5f2c6998-63ca-461a-bd29-8039f99a2bfe	8810
81269a28-c616-4e87-8942-a6f8e59b68e4	8811
c3671cc6-ca34-419c-aa15-6843a1108d8f	8812
0f44b3bd-ba69-4c2e-9165-f97ced47f67f	8813
2d79dec5-5047-4dbf-bc2e-b938f2b3c819	8814
ab3434bd-0ca5-409f-af6f-4fce65ff219c	8815
3502af8a-4a10-4ad4-87b1-8f995e2519a5	8816
c712fd94-03f4-4b9b-b561-53e373399ab5	8817
15314675-e454-4808-ab66-bda1f388879d	8818
e9dfa0b7-6fbf-49ee-a6df-686bb0c041d9	8819
e0cfec84-d6cb-4dd3-8c0b-2c381a4585c1	8820
6084a3f6-5963-4778-b9ea-e5989ff2874a	8821
45098694-dc6e-45d8-9a52-e2ae9d402906	8822
ed46f02c-0801-40f1-872c-5259ce334476	8823
94b0f334-d644-489b-878d-b6873d11d01a	8824
8f2dbc82-6dea-4432-88c7-afc9e9efc44c	8825
4dffdaf8-8fb8-4b3d-8088-427b1e9d1af3	8826
709e937c-496d-4b7f-9219-d5eb9d8b2e2f	8827
d0471ad5-6591-477c-8790-efdce698d3b6	8828
b1c00b61-2673-458f-bba3-7470712a3b94	8829
8e8bce36-51e0-4d10-8be4-19a8931b73b1	8830
443aad48-c7e7-476f-96bf-90f123a4829b	8831
2dbf26b5-541a-49f9-9f45-833b9c06b1a9	8832
612a476e-4d27-415f-b87c-a3a173284d4e	8833
f1ff43c8-1687-4e36-974f-de136499cb56	8834
df38c0f9-aea2-425c-bd92-8d2e101fadd6	8835
05ada461-fa66-4c15-a1c1-206fda754d18	8836
509dc5b1-f264-43f3-9035-473e7020e77f	8837
0fa1e771-9aa6-49fe-82b7-d5ea09f33519	8838
46a6fac0-2e14-4214-b08e-3bdb1cffa5aa	8839
40051770-9f53-485a-b794-0a1d56c42e7d	8840
63dc6903-e628-4e8b-afc8-3ac15a04e360	8841
7448d493-0b9d-4057-9a50-bf2bd096d961	8842
1b002a6c-0f6c-4335-aab6-36a74058250f	8843
82e454e2-38ee-4e69-89a6-cc65167753d1	8844
2b224291-a11c-4166-8d9f-f1730d92eec4	8845
0a3386b0-9634-40bf-aab4-4999dcad0e6d	8846
28f87490-205b-4187-970b-cd48881f5225	8847
e979c1bc-5cc2-497b-801f-823244a9166d	8848
9e5607fc-68f2-447b-b2db-323eb74349d6	8849
db897c53-433c-45f5-be33-b5c40e65f08a	8850
7d766105-550c-44c0-9335-8e2d25bee949	8851
f8da0f7d-27fd-475f-987d-54462eea88f3	8852
59eb0f68-9ece-40db-ac29-9715fbb38ba8	8853
1e6d7f54-95b1-400f-863c-2a72a7494e59	8854
f3f74f1f-cdbd-42b5-941c-46a437abce10	8855
6a1f8396-83e8-4b04-920b-77de86705b96	8856
35075097-7ce7-4719-b03c-c539ef61d574	8857
cf2544d6-b4f2-405d-a525-08c1ec5034f1	8858
0884d73a-39f8-4e3f-b1c2-b7344e031283	8859
e0827234-3be3-4973-be59-1aa9575b9c76	8860
1a7c9a3e-60f5-4f6d-9649-fd960ade4895	8861
e7df158d-1895-400d-919e-dc0a93e13c16	8862
bd7febcc-fa2c-498a-a48b-9cf2be54dfed	8863
d3dd86df-2f57-4a97-8100-d09915343f60	8864
08e6bef1-633e-41d8-8201-a65e1ac8ec64	8865
016a168b-66c9-4edc-bcb8-a8d49aff3d6e	8866
4db040b0-b7b8-4aea-ab4e-f47891ab830e	8867
a9591a2d-9317-4674-8ab5-9de8b770fcab	8868
5028a04d-c3b5-428d-9c88-433224bb10ba	8869
0b1aed87-82b8-4e2a-a7d6-4c7141c427b6	8870
e19729b9-e1b3-42fd-a6dd-bbfc8686cdea	8871
a7e91263-42c7-462c-b011-48c24f289103	8872
886375f9-05ad-4aec-a9b9-009225a6af21	8873
01a5a6cb-f361-4738-bcba-f40bd5553f3c	8874
bc6c4055-043d-4987-b6bd-4d4298284dff	8875
57edfe13-c21a-4e94-9f60-67d865f02db2	8876
4a5d70ad-89c8-47a1-afb2-4cc26471e113	8877
4e01e834-c872-4c76-87ab-c2304efa5e7e	8878
40860a1a-5b2b-430c-803c-44bb81bf7005	8879
858ffa44-9d5d-4a12-947f-692aa8e0fc69	8880
3153f531-d737-4409-9998-2cd8f3da7f2f	8881
a92f28a4-ee02-4d95-a685-b505a078faaf	8882
ba7c4a1c-aa4e-488a-92dc-be92cb6bca6b	8883
79c5547a-e098-495c-8dac-7e99546aa46b	8884
f1b7b33b-e53e-46e8-be28-bef63640c23d	8885
4147087c-584f-42c8-bacd-fa000404c8f7	8886
3bf4da7c-6940-4cd1-a368-99d3913a1a02	8887
2c770d1c-0eca-483a-8474-2f62eb036a4d	8888
3f2e4c21-aa25-4f47-9b27-5f34de04aa0f	8889
8f5fbaab-e3b8-4071-a1fe-6fe9540195fa	8890
a2fd4abe-54ea-4e00-bd08-38a29e5fbec3	8891
e6a5d450-b4d1-43a1-bf72-89d9f67099db	8892
64585ad9-a908-422f-b675-8ab7386d5164	8893
3d7c2af4-f546-4d32-b76a-bd61ea79a283	8894
fb517c3e-01c4-4285-8eb3-aceeb1739b9c	8895
ca5ac41f-2f9a-415d-bb97-66a50d34c58a	8896
c8ffc329-2e5e-4a20-bb70-2d1dcf0796f3	8897
faa70358-c986-4f3c-aa2b-9eaae8cf0c43	8898
55cf7705-e0bc-4b70-8cba-b85544e2eac9	8899
cf905ea4-8e81-40d0-9cf9-7aa2af41fa3e	8900
16da4997-78e1-4837-85f6-9247d10cde1f	8901
9d075d6e-9492-4343-ac95-93a808f61477	8902
1fa14a96-c25c-4bb7-b94d-ff453519eab3	8903
e148d342-6ba7-4eef-8048-8c7b019211d5	8904
a39c442c-da60-4e88-9217-e5f288ef4e5e	8905
47d5e136-57cc-4a82-9263-c5ec5ab7e2ee	8906
4aa8f88c-a386-4849-a28d-cd099ecb6d79	8907
8d5e244c-04f6-4d2d-ac98-3b0f0e33b3e2	8908
d9ea1d27-8971-4fae-94ca-a557deb8e2b5	8909
e723914e-7ce7-4cbb-ba43-b09d436f6362	8910
36173039-4adf-4a25-920f-ba5bdda5df63	8911
4cd556a5-db82-43f6-8d55-99598b42da8f	8912
d1fc7e04-1817-4559-bff4-691750401632	8913
874b3a85-db6e-49f2-b8bf-747ca5c10d27	8914
8ec614be-37af-4486-811d-ae515d585bfe	8915
28a40a67-ecd3-432a-be2f-51490a7743ec	8916
53900ab1-8a1c-443c-b552-b53e6b52b3b7	8917
ba26c1ff-e5e2-42c2-b1d7-b6f82ebc37ac	8918
77e6c304-599d-46e0-8ba3-238207a43668	8919
5caf18ba-44db-44d4-a6a3-828970a685f4	8920
56917943-decd-4426-858a-d56465e3b14c	8921
36175c07-3a8f-476b-85e5-24cf9f1c9d68	8922
b77bb955-4b08-4a2c-917e-87085328a3ce	8923
0bdcf92a-c1f7-4752-b1c3-036cfddb11bb	8924
2ef10f68-c2d4-4eda-a0aa-962f1dcdfd31	8925
177fde26-5a95-46d9-922f-0933940d97e5	8926
1ecc1f71-2512-442a-a85e-3c79d9ddc5cc	8927
af953ba2-283b-41ef-93bc-b4cfc5feeebc	8928
c9d30d76-a797-440a-a357-4f29c77058c3	8929
470c473f-8f8c-4446-850e-84d856a824bf	8930
1187aa6c-6ea8-4a72-b5d6-508a726b368d	8931
813f5946-ed57-4169-9449-e0de0ce0b22b	8932
168fda76-3c91-48b8-b23d-9042b621f34a	8933
f96267f9-17ea-4a6e-b399-ecc053c44a84	8934
cd34e8ed-2f44-4031-849e-e56034b02cf9	8935
cb525a30-b590-448f-b94d-fab86e0e8756	8936
47b8b8d3-2987-4e90-a496-adee4164c565	8937
410e7fd3-b865-4fa0-bb18-1b7fd53382ca	8938
f562474f-006c-4123-9b8c-d36a18f117ed	8939
090eb6a7-97c1-41f5-964a-1c2c5191ebac	8940
06d4534c-7547-41cd-aedd-f8c6e64c0c90	8941
3fff189a-1113-4006-b5a1-31382bd16bc2	8942
7804529e-e2af-4a87-bc9c-a4698f5e8f74	8943
d8096455-e98b-4aa5-815d-2d66135d6e8c	8944
f0f84396-2aed-4dd5-82ce-a39d671fb7c5	8945
b76c616a-ec0d-4f0c-b986-f249c4a04d77	8946
f319ec6a-9290-449b-baef-4244809c487a	8947
150c1fdf-3fc1-4672-93fa-a1aca0a85a53	8948
2cb649f7-aefa-435c-b653-f4d5cb15b03b	8949
a41e9be6-6caf-464d-b3a8-48fdebc179f7	8950
ff201b9a-4c5f-49b9-9ba4-26d81296ebaf	8951
c947255e-a2a0-4913-8c6a-a47466b8b8e7	8952
18350267-3678-4269-b817-920e4f41e096	8953
452adc48-c80c-4663-8e0a-dc63ce026ca8	8954
5b5b5410-29d7-478a-94ca-bffa06c73579	8955
cb862bb0-676b-47bd-8def-b9f8b8330117	8956
f1ed2c04-6a9a-4bfd-9e4b-6321573dff03	8957
e2dea604-4af9-4e01-b8d1-53e9de8eef57	8958
1ffc0b16-0891-443f-89ff-e815be2c7c54	8959
d884fcb3-7471-48bc-9730-645b5833bf43	8960
c6d0e1e5-46d0-4e02-a87c-b8f536f743ec	8961
e78332e1-629b-43ba-ae27-f60abab2f893	8962
5b7c47b7-fcad-450f-bf63-48e2c43fc4e2	8963
365144f7-85af-4c83-b24b-b1d0b26160bb	8964
83af795e-19dc-48d6-b73e-2c14dffb3146	8965
d8789399-631d-45b2-a3a4-c4275aaa4b14	8966
606f25d1-0b01-4d1f-b7c6-e72d80c22b6b	8967
32286190-da0f-4a85-b3d6-09a84d7e2bbc	8968
5eae93c4-9557-4b49-997f-e9b7b972bea0	8969
ca56e6bc-aca8-4209-878c-e32f0bb98437	8970
2c8fb177-1465-4586-9e23-6020b9606199	8971
d5947c3a-b5fe-40ba-9dcd-f6a0c119ae3f	8972
2a10395d-541d-4d6b-a6bd-fb36f0d2f257	8973
fc50cd6f-2b41-461e-829a-59962cf4fe57	8974
aa31525a-1dc2-4db0-9692-cce8c6a63a54	8975
14503d80-d0e0-4ff5-b791-8b4b0686b744	8976
c1a208ee-0ab3-4efe-a122-0f73f1d9939b	8977
613ab4d6-32c7-4cfe-b3ff-f70983aca4b0	8978
f6ec447a-c240-4c43-bc9f-d71d958432bb	8979
b929c0c9-5de0-4d87-8eb9-365ad1725629	8980
6c99afec-a207-4519-9d39-616880b6177b	8981
05ec340f-c772-4995-9256-092c6931d098	8982
271973a1-7177-4bcf-9a01-ac75d3691035	8983
ebc52916-ae5b-450b-b06f-6b7a9bfb3e24	8984
e7ca167d-bb59-4ec0-959c-e98f34eaa1ba	8985
7fa62c0b-2c74-491e-a2a1-17c3b043f326	8986
6371fda7-30b9-4d47-92d4-315843fe0227	8987
53d71597-8de8-4cdc-bc55-10ac91bac4e3	8988
f28cabfc-3cf5-4886-b832-36ab708fbb0a	8989
6d11618b-0154-4805-aff2-7ee6c559d671	8990
6e6c2ffc-2a12-470b-8675-49d68edd7ba9	8991
dab1a4dd-aca0-4d17-8733-7b390c25b14a	8992
2ff40dad-c709-448b-8cdc-787ef916d33e	8993
0f0b2f97-a073-4a92-ab99-ff7980ad7fca	8994
4e99b3a5-654b-43ee-a9bf-c55c155c0495	8995
635da8c0-f19a-41b9-8764-fd80306b4159	8996
cc4a1329-5b2c-4d09-826d-931a92683789	8997
01568cfd-c4bf-4427-a729-cf53051c422c	8998
d0e1e85a-1cc4-457a-9370-4e779563b6bb	8999
f5330644-78f0-4d87-b526-58778767a69d	9000
94b72bc5-3e13-46ae-8470-0bfa17264068	9001
8e4c8cc7-b5af-4329-a7ca-3d92c3a9ddb7	9002
fae834bb-51d6-436f-9492-29455f42ba0d	9003
fc578469-4f38-4029-9e2f-0a4c9103277a	9004
3347dae7-1a86-4630-844e-e631f969c252	9005
f6dcd1e0-ad40-4687-8501-5b9a0d1d74e4	9006
a3e24478-2cf9-44bc-95e0-6f7dad594d99	9007
1c7756ed-1a6d-499e-ab6b-58a8f296e430	9008
9408ccba-f4a8-47d8-afaf-500e7e3de512	9009
feaef10b-cae5-40d9-89d3-9a5cf4dec8da	9010
d945b088-0eb1-49e6-a232-dee95392ed35	9011
fc0a5289-4b77-4246-9c8d-857c8b617f5d	9012
3fd5eb03-0511-4ea1-a6cb-67e43cfe5db6	9013
4d61cc0f-8b1a-4507-97ec-8af2e5259184	9014
467f8b95-7277-4cc4-aeb3-6f3b7564eb72	9015
d5bf3447-c526-4f7c-9931-4b7c80fe34de	9016
682c5c82-7922-4481-8087-1f3bfaabef72	9017
b8e4771f-6156-48cd-ab77-d10bc3fd50d9	9018
cd882dbf-4230-419c-9349-9618a127b73f	9019
fa0099dd-927d-49d7-8f96-45d4d95eea8e	9020
d14416ef-2283-49ef-9118-d690613d0bc9	9021
fa187203-5d60-4e3d-9042-cac7de849649	9022
25d4b79f-0359-4ec5-81d4-b600dd34adda	9023
e8f55abb-a6d5-4e5f-81b4-14f9cc320519	9024
108aefa9-3a61-4003-80ac-092320b85b70	9025
6338a3a4-1676-4a99-b2fb-a3f0072f6b42	9026
05844b7c-f966-447f-be26-984e2e842399	9027
7d1118da-9f27-4ed1-93a7-210f8d5cb7a6	9028
145fdccc-febd-4e21-9e9d-0fa10de1a021	9029
450f18e2-aec1-46ae-89cc-d7fba4bff44e	9030
db41efe6-867b-4427-820c-506ea17e5692	9031
4abec6e9-1b68-4b47-b157-2cb92b4c3f64	9032
20efa62f-4f98-4bdd-abcc-3e6cfb90d271	9033
4a5aaddc-e406-4feb-955f-0afc24b90c30	9034
433c0996-077c-4a28-9261-57858eb31832	9035
2f76bd85-ba19-4d80-9bb7-4555abe463c5	9036
195ddaa1-f1e4-4960-a107-58d26cb058a2	9037
fe0e1895-aa84-47d9-8e5b-7930fc20709b	9038
d604fc28-26a7-4142-a3b7-e5948f8d9c84	9039
f9ba6d40-60f3-4c85-ac23-0bf67c3247e4	9040
0ecd90fd-5eac-40ad-bcec-31ca34fe6318	9041
8002d7ee-2a0e-4ea8-8984-3c69a81a4b7e	9042
7c5acaaa-3f74-4e16-82b2-f8046fce4338	9043
055a914d-b246-4d46-8e6a-18a4babdd266	9044
68cac857-3147-43d0-879e-c63dc9c82014	9045
9b085502-2c93-446f-ab1b-858e281471ff	9046
8c8ceda4-7b82-4b3f-b26b-1bd9eb13d971	9047
94f2af9d-9707-43de-abd3-dbdf34114529	9048
71f754c0-f2d1-4a54-8d70-cc0ee409ca00	9049
f624c90c-307c-46c9-9c7e-5d0f1cdc38ec	9050
446ac261-09ae-43f4-a7e1-2c753c0813ce	9051
7b543eba-995a-4c30-a37e-f8cac424f167	9052
307acc10-db10-441a-abf8-4c47e63b342c	9053
e3dff124-6537-4937-ae0d-97916bac7288	9054
4ec4a033-ba44-41ca-8e09-3bf94fc08523	9055
2ed45dd0-6a96-4459-af32-bc74e7a7f387	9056
b718fc50-a266-482b-aa52-74760387352e	9057
2c808bed-d6a9-478c-af0c-ab8253c22342	9058
c0e03a06-f8b9-47ac-a50f-8ae1dbb5bd52	9059
897aa895-896d-4ae5-bf87-c50b55e05859	9060
2b6f6ed7-8a1e-4907-8300-3b246134fc1a	9061
42c520b5-4992-4aab-9f3f-542addcde686	9062
ef83af4c-4da9-47d1-b9bd-df9db18b28e9	9063
814ce4bc-bd78-4885-991f-b3cc90eee817	9064
074d79e1-529e-4fc0-aba5-a6f89638073a	9065
86f58edc-1c46-421a-b450-941a8c136988	9066
b7b6029b-f417-4ab9-b5fc-a641043f1198	9067
99a54f19-d8bb-4724-8242-23bc91454388	9068
de81eacd-1a5f-4e62-bf97-5fc77af12369	9069
1b5e4316-3255-4c31-86ef-ce699b3d6f0f	9070
da66103a-1307-400d-8261-89d856126867	9071
3bd6ba5e-dd1b-414f-b999-b8d88e627013	9072
52ece50d-c63e-49e1-af6d-36bb1738928a	9073
48e352e5-bedb-437d-b6ce-376711bc2f4c	9074
bd84fc0d-5089-4857-8492-67f32280154d	9075
d61d8910-163c-4ccf-a9cf-0ccaaa7ba978	9076
2841cb74-4ad3-4577-828c-8348b4c814f9	9077
d70c2ae1-911a-4bea-8ef4-63564a150ff2	9078
523b52d7-a819-4111-9085-69fc269c9638	9079
8f695099-c714-4ad0-8888-36eca37fee84	9080
9862fd7e-0ee2-4398-a22f-b27b3c478973	9081
1f3bd0c1-0dc0-4707-a34a-32746b23c986	9082
a6fdeddb-af27-409d-87f3-b216dfd575d9	9083
7e763c41-2b30-45bb-9046-d13d9702bfcf	9084
2f4dccf1-35dd-4d59-8ffe-a8bacba36c1b	9085
dfd0adef-a467-4fe2-8e59-184dddb61605	9086
3954ea37-d90c-49d6-8b3a-240bf4d48e51	9087
5faadfe6-b622-42bb-bf31-5bf277a85850	9088
796cca66-9121-491e-80d2-0acbde0d4600	9089
5044ed56-e1ef-442b-b398-6cbe31afbb26	9090
bbf594b2-4c13-4408-979d-7d934a837f2d	9091
6704135f-7a23-49f2-9a14-dfefd621f68a	9092
09211398-3429-4570-8016-932b6842a105	9093
2807b9d2-f765-4397-98d8-a4e3666756a4	9094
d16d5dc3-3cd5-4c40-a003-af0285cc039f	9095
40ee8fa3-c6d7-4556-b4e2-9f4114565043	9096
5f2cb99a-7e59-429f-a44d-3a880edccfb1	9097
2cd475bb-1abd-40c4-9904-6d4b691c752c	9098
8d610e51-64b4-4654-b8df-064b0fb7a9d9	9099
274774a7-1cde-486a-bc3d-375ec54d552d	9100
95c7a1d1-5cfd-41d5-99f9-0611262de8e1	9101
3cd3882c-00f8-4362-a0c2-ad89ed248533	9102
53fa91ca-a2b9-463d-b78e-daca9894082a	9103
4137c070-15b2-4d00-a9f0-3517d02a9ba8	9104
ca6fb0de-336f-4bd9-adf1-ce8eebaa7fe1	9105
52d858dc-d61d-4572-b70f-cc467d1612d8	9106
eacf66a8-8ea0-41e4-879e-fcc61bcb03f0	9107
e16bbdb0-b7aa-4449-a206-421f52b9deb5	9108
3580a118-49e3-4aa1-972a-f5f0ff750dd2	9109
98c454b8-aae1-4a0d-9890-8c765cf7f255	9110
af0a34fd-f127-4b43-93be-e98fa04cd233	9111
8cfaf3df-e098-4722-b840-dbc84d7aee20	9112
2ba752f0-cc6e-4472-aeda-00f0b2ca2c10	9113
7333182d-8933-4896-adaa-fe98e6b59bd7	9114
905a8f9b-03dc-4f47-b9bb-ecce7ea13ab1	9115
c81d48a8-5c86-4160-b3d4-1275e7ba3212	9116
5ab2cf34-517e-48eb-b3a5-34e1cbcd600a	9117
5db6febe-4179-459c-8d31-37cfc8d191a9	9118
5d12875c-a197-43b2-8f29-41dc0ad895c3	9119
6bd7faa9-601f-44db-a2a6-239209f83156	9120
4836c400-a9fe-4bf5-9a56-bc658d1d03d1	9121
f27ce07c-9785-46b2-8a75-7aecbb50bf4c	9122
24e8c7bc-2b5e-42e9-83e5-9fb6ba876388	9123
e1ba60e9-53b0-455d-8856-b54de5e642c1	9124
31fae4e2-f404-4577-8b87-f9022e143e4b	9125
789f6768-5830-4b08-8b4f-f38566b2eb1d	9126
842d5abb-1d4b-46d4-b8fe-777a52db018c	9127
5e911223-4228-4a14-8f6c-7d2dfeb62530	9128
6e5308d9-8981-423f-ba52-0e20211306a1	9129
adf5ac61-4d7b-4cbc-95ce-ee2dc486f884	9130
88a6037e-87ba-492a-a54c-c927aa620cb8	9131
c89e7885-95a6-43ed-aa75-3f24357ec90a	9132
4b64865e-e112-44d1-bb0e-00e09bb9fa44	9133
c6163702-4322-4635-81b0-713c19e8abec	9134
3e1051e0-140c-40b1-b77e-c058a9c6aa57	9135
5562ec93-7fa0-4a5d-a8a5-f3a6d3ca8de3	9136
d570eb4d-557b-41c2-9753-bd4cd08defe7	9137
18eefb0f-7f1c-4ca4-a9b1-d0f2f11bd6b1	9138
e5cddc67-fcbb-4e73-a24c-51770c665f17	9139
f0a4c8af-2b25-45cf-9b41-19171cf4d80f	9140
2eabf78f-61fd-43d5-a4b4-0e9b376d9849	9141
069c1f30-fd2a-4342-924a-cca7c605807f	9142
4ba12614-fcce-462b-8784-8dd1a92fbf2b	9143
2792b097-0b1d-4c50-97f6-f7f097f86438	9144
44419ff2-0251-49ba-933b-b09733ff9adb	9145
deb2448c-6fdf-4d31-921e-757630515dbd	9146
78692212-af57-402a-a291-3938ca356500	9147
0d4696bc-6a04-4525-80a8-40308054b91c	9148
6d797b95-2011-4859-91ab-9284d1e1f472	9149
a72c6923-c202-4dff-a500-50888625df5b	9150
0d41adf1-918d-42d5-8afa-43dc8cea2cff	9151
35885131-9d16-40cb-9289-e18997a8b77c	9152
436227b6-870d-4c50-ab78-73e603c91ae2	9153
85613ba8-9589-4cd5-b42d-5b94450463d3	9154
549f5c76-8540-4fe5-91bb-a55bd01b53a0	9155
02811c5c-3cfc-4354-a116-8a254581ef6e	9156
2682818f-d3e4-40da-8012-73787505744e	9157
88b1dd15-34d9-4214-861c-045e872162a6	9158
5a1283bf-81d5-4700-8919-683eeaaf2beb	9159
60b4008d-6d7a-4f6c-8594-aa281157ff43	9160
c3754232-e672-4055-afec-2f3f9633f864	9161
5800c385-4b8d-49f3-8a97-9b166eaa148a	9162
68b3fbf1-66b7-46d2-b93a-75c2dc2cc644	9163
f36de6e2-f233-443d-942e-3dcba343ee78	9164
86249cec-bf8f-40fd-ba62-035979f57dc3	9165
9434776a-bdd7-4f58-b719-b5d95b9d2a11	9166
dd999ced-1dd4-44b8-ab67-ee5ec23e52b7	9167
456bb968-21e8-4c28-9004-aa3e072f3c45	9168
16f55c30-c99b-4f6e-83a2-0554c2eaafa8	9169
2847fad5-1352-4abc-86fa-72ac0d79cb1f	9170
ba288d1b-7d7f-4f44-bc8d-f80c8673f815	9171
e5cc71bc-2a81-4cb9-b8ff-2df83ae5d24b	9172
74edda96-7197-42cb-8e80-488a82ad666c	9173
63e26875-1422-43be-9e46-bf9e8ae4aa86	9174
52b87299-e6c1-461e-b3b7-d887f5a35682	9175
d80bc785-b200-43df-b071-1c120e4118cc	9176
ab660fb5-60db-461a-9bba-bb23f14127a6	9177
fde0e548-aeac-47b6-b4c8-7c0beeea9f68	9178
1159e0d0-a782-471a-9dae-93ac046eac72	9179
f855d2bd-60dc-4bf1-bb4c-91916e7b9bcf	9180
ecbacc9c-2d18-4bdb-966d-a147931df3d2	9181
fc9a8588-1ed4-49b3-98bc-6b2f77ce1600	9182
99b320be-bd22-4893-a0e0-85d2daccda2d	9183
f25ede63-ae9d-4070-bf36-0d1cbe2ee1f3	9184
bcc061e6-1478-4e32-b6c0-bf18a405ff91	9185
40c9866d-ae1b-4445-9542-bcc4d5ab9d9e	9186
5c57506f-9967-4503-9dc0-0b9254b6697b	9187
472b9953-1f10-4aed-b1ec-d0c23ffb2cf1	9188
09c85751-d9fa-4dc3-bc7d-6ab15ac809de	9189
4b7b857d-a13f-4bb2-ad20-28ba1e0f65a3	9190
63034f55-692a-4f3b-a19a-ac2072eac3bb	9191
888b8813-e273-4c61-b254-aed5d0399508	9192
163e9cef-ea8c-4476-9a05-7e1fb74a7c0a	9193
6493ed80-8b44-49fa-91de-e7b0a0b57d6d	9194
5f1a1c4f-2784-40dc-bb9b-7274649420ba	9195
bc3be88b-d3ed-4b9b-a62f-9e73fe19adbe	9196
659bc3e2-f51b-4cf7-9460-53c7e7b15694	9197
37f0e479-9661-4375-98fe-4ffd2f23c3ca	9198
48834e28-8ca5-4827-be91-0bed0ca61d76	9199
f3e5d65a-0510-4dd2-8bfb-0d06e86b6035	9200
8a952f23-c29c-478d-9a81-2ee952ea43c1	9201
9293fc79-e77c-4ee6-a092-61df10ca47ea	9202
6a9b6b8e-7084-45a7-b175-3bcc0143966b	9203
9e130efb-1f2d-4f2d-afcd-4ce09cfbccb9	9204
fef99732-88b6-4ac1-9a49-4bfcca88d8fe	9205
65414866-f572-4636-a19e-45a47739f334	9206
db70727e-6968-446f-96df-1dd3fc5e71d4	9207
32b81271-e4e7-4ee0-a095-63c7bdac69b8	9208
ed333e8b-d18a-49fc-b361-4ec9731dfdba	9209
b504f625-4ef6-4a5a-81e8-870a61e8dc9c	9210
9a21832f-5104-42fa-b881-17a1ca66bfdb	9211
be3b84a2-0eeb-4826-b643-b9a35a87f7dd	9212
b0442f82-6322-4096-8535-b3bb776019d3	9213
4d063bec-df79-4ee9-a601-fa9a6856b3cb	9214
1dd13698-ce0f-438e-85af-d97cdd967056	9215
793cae21-09ea-44aa-bada-79856ff0500a	9216
c6757ed6-9001-4cdc-8e6c-aeaffcd0487c	9217
2bc20c29-8c70-49e1-a92a-0738cda521a9	9218
e9f1425f-3f67-4920-9e33-0c994b05a4c5	9219
5d2243c4-2c9d-4fea-b376-09ddbb2fcb1b	9220
d9064234-e39a-42fe-b24b-4ca81f38311c	9221
e01646f2-2a04-450d-8bf2-0d993082e058	9222
543edda0-d61e-4698-97fa-1f34a1322d20	9223
178fdfdf-e02e-4608-9b51-e53471e28a58	9224
f8364fea-e139-4e9b-9f95-2081dc7a91b6	9225
c9faa478-2a02-4c34-bede-1d20d717f8dc	9226
995d7339-ff57-498e-9c8e-faf955eba696	9227
ddd4c4bc-a4ae-4946-b59c-a86aea7fa4f0	9228
0d7fffb1-c282-4995-96a9-f6f2ea3c86e0	9229
af57e70a-a2b8-44cc-9f89-9a752c6bb53d	9230
07e1f5cd-b533-4c6f-8519-c95baa2c0330	9231
84683370-5eae-418b-acd8-883ac028a8a0	9232
6aebc222-b12a-4ea6-ac98-cc74ecebcea5	9233
fe85786b-e560-4b12-824f-69500da555d7	9234
e0885194-a186-4c9b-9643-f6d54aeb6bfd	9235
c988e5a0-b3df-4389-9586-f0e720052539	9236
ae33eacc-d42d-4450-9b9c-7841596fea9c	9237
f9af5fd5-64c9-4d17-82b2-36db4a784b8b	9238
870ec051-e50e-4bf9-b704-6098fe0e0297	9239
bea10050-d80f-4280-98fe-23c9d945beb0	9240
1154b8aa-1cc1-4b01-afff-eca45ae590fa	9241
6746c384-b67b-4eb7-a986-e2b6f4140cee	9242
910b6d9a-4110-4356-949c-1935cbbf1678	9243
c47267ed-7482-40bb-a4ea-e1399cc8ce04	9244
ba07d1f0-9839-43f5-b88e-f4b93b6b05f1	9245
13453b40-1d9c-4281-b73f-b7c1b45c7ebd	9246
78ac5900-dd56-4e93-9a43-08efa9412f18	9247
b8dd00ca-28a8-44a9-b06e-a72da17814e5	9248
2ca5e483-ad70-4032-b60f-f55805804f29	9249
53b4e5ed-a732-4cec-8650-1d81c8f2d4e7	9250
e569aee8-33ff-48e5-b0ed-4ceba1a37714	9251
b5a6b147-ff97-4f12-928b-25588d20e2b0	9252
255497f8-26fb-4044-b97e-d4787d5974f6	9253
d9502075-0f5c-4514-b443-de0890340001	9254
a7c38944-b3fa-4a3d-a4bd-d3b3b06f0cbf	9255
9e06f50c-aaed-48d2-8fa6-72935359ec4a	9256
d04dcf2a-4b9c-485a-958b-191a78e97ac7	9257
ff4c8d42-4871-4778-885b-d41b01245133	9258
6af4b521-0a16-4396-845c-99dcf272347c	9259
2968722f-03d8-4e2f-88bc-f9975f147503	9260
6ae8c8fe-143b-4386-882e-eb23a331f318	9261
3829f10b-821e-4c9b-88d8-7bc486637741	9262
3707b50e-e76e-4485-859a-064d7186ff97	9263
04c5ca8a-4afa-4031-aced-6357440dbc25	9264
429f9fbf-0a0b-4a9e-a88c-94d48aa466ed	9265
6fa09822-bbe4-4ff8-901d-4a39a4dd82e9	9266
4a5ae63c-d6c1-4c5b-8ffa-a91b0e11482f	9267
9ab8c552-1ae5-4699-bc6b-fe85b3dc2937	9268
fe6365d4-74f3-4706-9aea-d061a394722d	9269
506a2f53-538a-483f-8d19-7774b0dda32c	9270
cf97d78e-7c86-4931-92c0-b8e22bae1e33	9271
25cd539a-27ab-4d16-b423-603d69839aa1	9272
c3fdcc49-d79b-4219-9651-74dd50cb9cb7	9273
71a94ed8-03cc-459a-bd35-a081ca88a402	9274
91768977-a6ba-4ccf-a82c-7601dee71ee8	9275
c9c2342e-83e9-4a73-8b62-f38d99cd8050	9276
859c297a-f739-45f2-ac58-401eeb2d017f	9277
ca9c6507-cbb1-4b66-bfec-c080fbcca972	9278
d9c7e489-54c0-413b-b7a5-4af14a2fd305	9279
4a270f03-7db8-41c8-85fb-df86b3d48e31	9280
87fa7ab0-2720-46c4-8926-900f4d916e66	9281
03aa0e64-1a8f-4161-ae94-581b59fac89c	9282
7f55fc0f-8007-4a9f-a4af-b39bc51d2cac	9283
a9a62277-f860-49ec-b0d7-9a3f2fd29282	9284
e73b8ead-c9e2-481a-a816-419682a9b805	9285
1d17e150-39d9-40ce-8de4-4bf4ea1f77c4	9286
2d4c777e-e49f-4498-8f5b-2e89c4621d15	9287
a0cf076f-2fa8-476a-84e2-6d9980c0deb9	9288
4a56b131-1c1a-4121-b6b0-9288d5d0929f	9289
a49b394a-2d64-4d57-b4fe-b389a3cabafd	9290
9bf10fc8-0b2d-4728-a847-b189377793b1	9291
5e4ad809-a048-427d-b0e4-a6761de9c220	9292
e4a135d0-1948-4620-bc07-b0217d09ccc1	9293
8e84ca3e-eb8c-48b6-bcb1-dc4090e3333c	9294
64c9ed9d-0b97-4e01-946c-2ef5f342e236	9295
56f3de75-2c88-4054-a1df-65c661f4ee0f	9296
899dea17-b403-42e0-9673-2623c40081af	9297
8b7480fd-4a90-4ada-b8d2-8061307f49c0	9298
82aa1374-7c47-43e8-857d-11d723fe4c1a	9299
c37b0a84-3eaf-4495-99f0-5a8158698864	9300
cecd5f91-cfdd-45d1-879f-3920c7c76e58	9301
24d2e33e-6493-49c9-a5b1-fc82eb2f7d4d	9302
e866e006-4c80-4753-b53f-1bc5d88ccddd	9303
3ce68b60-1c6c-4b0f-87fd-0f13410df01d	9304
fa39a9d8-378d-43ed-981e-db5901a5665b	9305
301491cc-ce0d-4a54-aacb-40176eed334f	9306
82c5d269-41b3-498b-8596-d960c7556268	9307
4051f6bf-6a59-4d23-bd8b-2fddb1389dc0	9308
b3d5b1c9-95df-42ea-83eb-c86b18f61f8d	9309
8c12559e-ddcf-472a-8a8c-0f0c3fc91c6a	9310
1c8d7545-702f-47f8-82c9-f92687c2339a	9311
53894337-a626-430d-8b2c-846cbdbb8a0f	9312
779fce7e-c99e-4d0c-bfb1-af7aa1c34e80	9313
5c44b1b8-07ad-4aca-ac5d-ebdad8e62e12	9314
57516fba-e19e-4404-934b-0a833c1e4d2f	9315
25607613-aceb-445a-8519-83a2ee0f8402	9316
58fe736f-6368-4f6c-a74c-e37c481f52d1	9317
46f6013f-35b8-4df0-9449-abe41dc859b5	9318
39bde62a-a00b-4bc4-967a-2d165b37bb39	9319
a5192436-eea7-44a8-af11-4c990c9294e4	9320
299597ae-3a20-4bf1-973e-03704af69f6b	9321
0df890e1-f4f2-4b21-a413-cd8af1af32d8	9322
8e5d7917-09f3-4a95-bcc9-156ea100456e	9323
5bc8a04e-e68e-4775-bd1e-6a5f1d761f80	9324
244186bf-0cc8-40d9-a671-c39df90b9efd	9325
50544382-6078-446c-bf67-b5151f554cb8	9326
b14684dd-a46e-4341-b950-4cd052532f81	9327
0a91cea1-52f2-4212-aa2f-7baf3627d71f	9328
4e5d156b-d8c1-4758-818a-f23f9abd887b	9329
f988a2d6-0785-4b64-aa14-00171dc9d7fd	9330
8c6e9baa-ebe4-4ed6-b85f-bc9e9a0b155f	9331
ee34e579-aab4-4c16-bac2-45b74dee96fa	9332
651a5df3-ef1d-47c2-97df-6fc2637e9c48	9333
86725eb8-27c1-4356-af5b-10db992eb32c	9334
d264cf49-76f0-42fb-9bb1-9bdf15393ae5	9335
5c6f8874-cb53-4f4d-9168-cc2af8c7ecf9	9336
d72751d3-b0ce-43a7-83ab-96eb00529173	9337
c7e7036d-236a-4b4c-83a8-64bca8b14d7e	9338
e4421971-0ac1-4244-b66e-842fe17a6856	9339
b64575d5-28c2-4e1c-8176-3c2a0a473fda	9340
d9f1f946-e34f-4616-9847-8adec274a6e8	9341
a2161266-86fb-4306-ba1a-88b3c3eea1b9	9342
c76b467a-500e-4de5-8416-e2ad81e4857f	9343
97bb32a9-a490-403f-8eda-cd33d9466059	9344
3ddfd733-80a1-4c2b-a49c-32acb19f507c	9345
7846e710-8e8c-4827-90ba-382ecdd28905	9346
0e6b3a2c-6a42-4b43-a4f6-c6625c5855de	9347
463d4be0-2828-499f-be4c-6fba77e5d84a	9348
b2588561-0658-456b-b4f2-627693a54059	9349
514207ca-6f2d-4736-975a-0cbc2349958e	9350
4a536dbf-8632-4cfd-b9ea-cdb35cb47c44	9351
77c3dbaa-3181-4343-b325-431517fad5f3	9352
729f53d9-7def-468e-9060-263f3772ec07	9353
0c79d325-5e3d-4655-913a-6fff6f902612	9354
637ebbf3-e4d1-44aa-a5d5-119ea7465bdf	9355
3c8d68ff-ab4d-48ea-b043-2252f01c6d21	9356
6fb75f83-71f2-47ce-b4f1-aa3833982a4b	9357
cda8e877-fe39-4939-8b09-045d68617367	9358
055b6082-b9cc-4688-85c4-8153c0ef2d70	9359
5e1dbdb2-87ac-41ff-9960-4a42a872327a	9360
685f460c-168c-4883-9b10-1c88636a3979	9361
1db1716c-ef55-4fc0-9761-b049d63fbf0a	9362
f162f501-e151-4ed1-b221-6fceb1f11a71	9363
498037e7-2f55-4e42-b00e-751c3472dc84	9364
b7b852e9-da94-4ea1-9aa0-02af0dc9e348	9365
e9a639e2-3840-410a-bd6d-4e7bdb66734d	9366
7f59fef0-82d2-4d1c-bdfb-cd29072b341d	9367
a9d0e342-29ae-4fb6-99f3-2847caed82b2	9368
90f7c787-67b9-4374-909c-ffd7c70ed0da	9369
2624e8b9-3f77-453d-85e8-6a8c9e5b9d65	9370
d5199c98-612a-479c-8257-1768662c11fe	9371
0d7f1831-739e-4d1a-84b1-d9a01bb78bfd	9372
1b882337-341c-4fc2-bb68-07ca0c3d27d2	9373
74b142d4-0cf9-41d5-9a7f-588760d24433	9374
148e0e41-dfae-4a3d-be83-2f518abc2ea8	9375
ff930e2c-6a6f-40a8-9bde-50627e448773	9376
84b0af1a-8f10-433f-a1ed-948e71712b16	9377
8b5cd7cc-e2d5-4721-a166-6e738c180c50	9378
f7fda030-0ba1-42e9-a385-3deebc939bc9	9379
d211333a-22eb-4be7-a2ac-ca12c73646db	9380
26037b3e-064c-4e9d-9d88-ebcd35933272	9381
c8ff5c99-c2f8-406a-b16b-6b27751984bc	9382
c7e6fa51-487d-47ca-b6da-422da2e1104e	9383
df349b0a-53a1-48fd-b634-078a21b45f49	9384
94c0d8ee-b0c4-4abd-818f-81b64e400cb8	9385
af64d87b-4114-48e8-8c9a-b61b314a4bd4	9386
39f96cb8-fe7e-499f-820c-676267b617e6	9387
b9a23705-56e8-4fb6-9543-7f43ab62eac7	9388
a56056f7-4e47-4209-abdc-171331ff1089	9389
52af3269-eea6-4bde-80ad-01a0722d0c53	9390
4e447827-8029-45ec-8df4-f9a237d7762b	9391
c88d3ad9-a395-43ae-9172-3236f564b5c5	9392
7798b273-e3fb-465e-9fdf-6bd7850a6d81	9393
5a78419b-a191-4423-adc9-95caebba6c1f	9394
4eeda96a-8388-472d-86f4-ea3dd4e87224	9395
36969495-5634-4a09-b3f7-4e71b1ef9f9c	9396
dad904da-8bd7-46b2-b202-f9a9ecd6bbab	9397
40db1288-885d-417b-8056-91d7a002ad0e	9398
0dcef1f5-a545-4a98-b618-213df9d97a00	9399
86864388-ecf6-4d80-b22a-692f38023563	9400
4c72f54b-6651-4d7d-b55e-7e8f4de57dd7	9401
58a2c45a-f6ac-4417-aa3d-e1574e9746b2	9402
c22ee5d9-f64f-4c55-9ddb-d1e0e431ef1e	9403
f72c1464-6862-4e69-9a56-1e4358895673	9404
def65e2b-b632-4fef-a375-584ffe07dce9	9405
3138fd3a-a2a4-46b0-b732-24c11fde1b9f	9406
19d5a616-408b-40df-889e-bf5e44049937	9407
6b7b9277-4196-497b-b2f0-5dc07fa4e0ac	9408
7fac1c73-ed99-4ccd-9347-4bf275ab9581	9409
1577f48a-dc2d-45f1-b7ac-64c25b44bca8	9410
34de4678-044a-486a-a741-4c740025374a	9411
ffd7d8c2-21f3-4f29-ba4e-66d9246f4ce7	9412
9302171b-77e7-4fcd-833b-65c6a3a281d7	9413
4aaf6eb8-c44e-42d1-b99b-3ebf87325dc4	9414
fb24d122-6009-465a-93ab-19d117bdfb20	9415
aa263df5-9507-43de-ba1d-77448d456b16	9416
b91c664b-5eee-4536-8b70-b1f2be519ac0	9417
f5231326-c911-4058-836c-f607170c6fdf	9418
72e8351a-3410-4fdb-898e-796c1ac4cb53	9419
27c978f2-284d-469f-a116-23f7fca9a6fc	9420
3fc189a4-9366-4bbe-a5d4-5c5fb5f5a811	9421
c3ac0d79-8adc-42db-aa70-9ab15e980f3d	9422
7ea95bc8-7c97-4b8c-baf5-f3720bc94b40	9423
d4c6ae95-497b-42f7-bdec-41cf76d1a39c	9424
fac0f203-eb89-4d34-a3c5-8e353356d756	9425
7fecbfac-7678-4129-8924-19c47fe33514	9426
cb15cff6-82b8-40b7-af51-a9f596923444	9427
f0ed9f50-70b9-4406-9374-7d76ae21a04a	9428
faf943f1-2d5a-4adb-a76e-5f42ef690322	9429
e974b781-bfb9-43df-b1b6-565baf9768b0	9430
71242ddc-6d23-464b-939e-53d26580b8a2	9431
79c41645-d2bf-4f53-8f17-4be34099eaf3	9432
07a63ca4-5518-484d-b8e3-4e1bf08c89ad	9433
4035d149-2331-42aa-a2d7-b796ed57e61c	9434
e7805802-e95b-47e5-ab02-5930f6f4cdd5	9435
d231a1e0-4617-4fcc-91c6-5e5a4aa2367b	9436
e387c7ca-c2b6-428d-b664-1bca56419ee2	9437
eb526f04-1dd0-42eb-8386-1ff6579926a1	9438
74522ae6-9ddd-4a88-a821-fa5e702bfdab	9439
d1b7d13a-1f1e-4855-92c4-10c31ebfedeb	9440
f6ff91c0-f2c9-484f-9c4c-c55013658e52	9441
45cbdaf1-a925-43d1-85b1-082ab1a253c4	9442
3d7a3412-0f74-4648-8620-59a93f4ed8c7	9443
48a0672b-7852-490f-ae3f-3d4324e510ee	9444
56956605-de13-467a-9348-1a92ee2bc27b	9445
ba88e229-51b5-4311-b4b7-f143f82a405b	9446
7cd0c121-76ea-41fe-a2ee-4f9f066f6f1c	9447
b5e49947-6b89-4994-9426-254c00552d68	9448
e494237f-8de9-4c77-a9f8-a2037ae31963	9449
9e4a0fe6-1c4f-4abd-aea8-0d21a1d13f55	9450
50f10489-c87e-4df3-800f-be1f8d6bda4b	9451
87684162-ab42-4cfa-bf22-ebe237035f54	9452
0d58956e-719d-470e-bac6-55c2f99e5d5c	9453
a9859125-d2c2-498e-a20b-b98dff2957a4	9454
c9e0a0f5-9f53-4247-a52d-a3f29d975e17	9455
ffd3ac37-4d0a-42a1-a41e-e160cf60dca5	9456
619ce797-ddb3-4411-9e42-30eafe2ca5ec	9457
ba4b6e1e-30bd-4f9c-a140-21ee1db6d710	9458
c938e79d-23fb-4a26-a5e9-65ea74cb0f1d	9459
b5825b40-3d56-4ca6-b052-ce355bc36546	9460
3f0590c5-6abd-461a-b3b6-f0175e96f15b	9461
f9142b56-bbee-4cf9-aabc-3d8b1b939c23	9462
78de0cb4-245a-4679-9d09-d4f277c58e0e	9463
8b07bb3d-aff5-4ce5-9f41-2872bc79320f	9464
dfbfe956-7719-4cd6-b4db-b9c22657c925	9465
013b4ca5-89b6-43ee-95d4-d458a9678196	9466
0c48f429-a407-4716-af13-ca7b83ad3d07	9467
3b3d66b1-3e1a-4d7f-a391-8d09fb5f99c3	9468
a2af1f31-c9eb-4fff-990c-c4f547a11b75	9469
00ce2ec6-5ccb-4dc3-ac89-08779926d2b3	9470
d7828cdd-7d63-49c0-b09b-cf3df7ecaf80	9471
7915b61a-da59-4e4e-83d3-bde7a24bd1ba	9472
2a291f34-73cb-40c5-b721-eab1269c7ba8	9473
ed8d9e99-53c3-4e3a-beea-2cea49e1431a	9474
a530492f-8806-4bd7-9c14-80c237eb92fe	9475
eb87c32c-d604-4be5-a70c-92c2c78be9d0	9476
14bae8d6-39bd-48c9-818a-4aed72d3b019	9477
f04b97d7-b1dc-42d6-9370-14946e4d6f88	9478
4a30a21f-268b-4c2f-a4d8-a2f453032457	9479
53a53473-a6e6-421e-875d-45eee18827f2	9480
3731b17c-73a6-4da7-9e71-1b68fcdb19e5	9481
58d8e50b-fd4a-44e2-8e09-194f1c93c2e8	9482
2581fa6c-1a78-4c59-9f18-020ed8cb18be	9483
7f61c2e6-3d60-437a-8505-07e987b9bd1c	9484
7e21219d-cd36-4de6-9d1c-3ace321780ec	9485
49d52484-7cdc-433c-b344-159f0166e757	9486
2be7b462-382f-4dd4-a635-99c4801dcd39	9487
f3b9bb88-e82a-44e0-9f81-ae3acd4f8436	9488
cbc521ce-942e-4885-96c9-e77b95f5bdef	9489
99d128c0-2309-45c1-8262-1eb9face73d9	9490
35e8d1ed-bf07-47a1-ae31-f35b95b15337	9491
def7512e-23a8-4026-896b-5372ec716956	9492
cffb263e-f6af-4127-b783-f4bbf28cad0c	9493
e337c543-b131-4042-b096-46f7375befea	9494
82612071-cfe2-4228-8ca0-bc96e02f5409	9495
95bb27d2-43c7-4a92-85ee-f95a245f0ee4	9496
cf06f6d7-a21f-47c8-a231-aa1c50df3173	9497
692bcdfa-c1ce-4556-8506-2bf8d259eccd	9498
9b07f7a3-6d1a-4592-935c-4c0c798d6cea	9499
ad4889d5-3979-4fe4-a8fe-ee0971ed5327	9500
90c88f94-8b70-49fd-9726-cadf4306ef42	9501
4a28c003-4304-4fff-968e-b924f8014672	9502
87c0023c-0998-41e3-9a39-f762b1d049c5	9503
5c4d801e-e8ed-4026-93ba-f29b35eea238	9504
ac8a45f8-5520-4463-9fda-f63f8844cb50	9505
7e35659f-f3bb-4c28-bcf5-47bd5cfa2bca	9506
04f57a2d-2449-400e-8fff-5b1c5af9560b	9507
099f7dff-ea35-42a0-9578-f7e7a0d7da9a	9508
74be7080-080f-49d0-b8c5-1166eed1bb8e	9509
8b604d4b-1170-4225-bc9e-d8276d94402e	9510
1b1ece2d-af21-4279-80b5-79336b331e18	9511
2c2add7c-9a99-4812-a20e-870d331f01fd	9512
ddf18377-0bf5-4972-90d2-7de878b5eec4	9513
7e54639b-ee66-4452-a612-918d4c3c73c4	9514
c4c8675e-f8dc-4313-b430-8fbc83d8aafc	9515
306ebc54-d11c-4bf4-9f37-27adc37d00b4	9516
8d5521d6-473d-4da0-b68d-553d4188619d	9517
13cb0fb4-7f7f-4116-a282-905c675c39ef	9518
deebf442-6911-402b-9b7d-f19abae2fa2e	9519
0f3c4d10-e541-46f0-a589-61ad701c6ce4	9520
5b3cc848-942f-4363-8e89-b63a13c3fd0e	9521
dbac84f1-c082-46c5-87f5-361d2891f0d8	9522
282ca70f-fe7b-4e43-84ab-1f52007947d5	9523
5efcee2f-faa1-4906-9275-d6ec9366320b	9524
4976edcf-58c3-49b6-b6f1-2d8277e60d26	9525
7da7ad81-5651-4d9c-b513-897478edfa34	9526
ca5b0066-9401-4dc7-b96d-7e76f9d655ab	9527
95b0e81d-2df2-4a30-8e24-7934335dc354	9528
b96ff292-9bff-42eb-84e8-55c16b376597	9529
4ad57f5c-b90e-44f6-8a9a-e7a366cba346	9530
f1f2b1fd-e570-4ca6-9244-51a0f78ecd0a	9531
dd3b2636-4766-45b0-ad37-d23328d8424c	9532
5570b5d2-d84b-4fbe-9f70-53c2c9e81236	9533
1533a61d-4744-4339-bdf5-970e2c8e036c	9534
fb7659b2-5ceb-45ac-be95-b0c1f832caec	9535
de2d7b94-acfd-4923-aa4a-475abf71059c	9536
44353ce7-1d1b-43c8-868d-83213531f688	9537
e3954b21-0d05-45ea-a057-e8cc4c9b1ab5	9538
fb01635c-51fc-4cad-b71f-62e18bb3433b	9539
9deca388-219c-4252-a93f-311dea7d416a	9540
abd74614-27a9-40c5-85e3-0d429f8fb834	9541
08306d80-970a-4314-b960-b802e625165c	9542
a7d361b5-ff0b-48ab-b3e5-9d70bdd5d251	9543
fb2fce00-ab43-4017-8d03-d1da2533ab85	9544
66e2a444-5303-4cdf-b20f-d377ecf465ed	9545
cd3ec2cf-3a76-4f3f-9b77-2135a1d24602	9546
4c1c21bc-56d9-4bed-8b58-360b08e76ffa	9547
597fd37b-5ce2-4522-9370-9f3d7e1c81f2	9548
4cb5b170-07f9-4428-bdfa-7b74a2122553	9549
f1d7f1fd-8883-47e9-ad2b-e9ec9ff61aac	9550
af1f46fe-903c-4bbf-8e20-a3e114343bd0	9551
edef3cfa-4e5e-4d64-8bd8-20f9dc1d8cad	9552
0137acdb-40a4-484c-b2f9-a839c9b1e485	9553
7621e5df-6ea0-480c-9bdc-1a2abfe2ce17	9554
27a6451c-ca43-4b10-a34f-2bb11ad5d82b	9555
f8796712-19fd-49ca-9cc7-99c30215b3cd	9556
8000598a-5edb-401c-8e6d-36b167feaf38	9557
50126925-9b22-421b-87d0-f1f186674bfa	9558
1dba1ce0-6197-4926-9737-6bc362dc0c00	9559
3b35df0a-6181-42e3-9e81-b93f681d636f	9560
22f7d404-3d61-4b39-a7ce-1a123d0ea934	9561
d564168f-eefb-4841-afa1-0e84074d53e8	9562
3ab1e5df-cd3b-479e-a756-3f326cea5572	9563
d85b8725-81eb-4ce0-81c3-daf5cf4cb7b7	9564
2d8adbf2-ad64-4cab-81bc-e2ca4a567e28	9565
a723699e-6376-4ab8-91e2-f8d02594dd07	9566
e5d4491d-1496-4efa-a5b9-e7be001b9f6a	9567
9a23bc4b-150c-443c-868c-f535ed94df0c	9568
12fffb1f-39af-4efe-9426-92e05bb651d1	9569
e21ca829-243b-42f8-932d-8a9097acfbe6	9570
5d076949-f420-4b1d-a085-c3d44570317e	9571
884ee438-f185-4b2c-b23b-f96886bdc91f	9572
324db1e6-1ec6-415c-ae5f-903b78513d3f	9573
45d7e6e8-c5bf-4c59-a79e-c7bb2e9b2cc9	9574
7177cc7b-5739-4fb7-a8e8-5ab4bd216f0e	9575
e2b37790-52dd-49af-baa1-bb0b8dd8eae8	9576
1a6335c2-e0d6-4c9d-86ae-1a8eaf48e637	9577
09830e79-cc8d-422f-ae25-6efde4320b73	9578
1759d584-9919-4578-a106-51f2fa817076	9579
b5103ef0-12bc-49a2-89e7-6e9eac5f75ed	9580
abdad1b2-f4c6-4d13-a67a-f8e4219f83d8	9581
f20ba447-269a-445a-9347-c1ec8632c455	9582
f5003609-10fb-478f-91c3-49277a074a42	9583
09b8609a-ca39-4f34-a2f6-5b81afc2c32d	9584
547e9b0c-66ea-42a3-8990-ac1969f3521c	9585
9ad7e479-e9e1-4b4e-9431-da0343739d6c	9586
ebef6120-fbb3-4537-84bc-27902d5760c1	9587
d3132eab-36d1-476e-a736-cb6dbb08a4a2	9588
e25744d3-ec9f-4bbf-8760-7bd3370906ea	9589
78e562c1-b19a-4f68-996e-385af280baa3	9590
fbbad867-cff9-4974-9702-18bd252b04e7	9591
eef75479-3dc4-48b1-b939-4836fb478823	9592
53bc83e3-251f-4bdc-99ba-19415f3abd0d	9593
126759e7-ca12-4bb4-884e-eba160e9e406	9594
25578af1-83dc-4fbe-a3a9-587ab5424342	9595
7aa4a16e-9d5a-41d3-968e-fae1a2c84d05	9596
1eae8bc4-3907-41fd-b313-886632c56ce9	9597
f01d515a-869a-472d-8e03-b876d8131b3d	9598
89e811d2-9593-4448-9ccc-fc4bb6cf850d	9599
a8460a60-ebdb-41eb-956f-891356df0179	9600
5845b9fb-e5aa-4e96-9f62-6e8ec4b02c39	9601
6f21c5ae-db05-4ae0-9467-7a3a7afb2c4b	9602
9d0eb352-cc81-45f6-8a56-0d3d09fb49c2	9603
7acfc09d-1b3b-4524-aff0-c705844109c6	9604
1d21c6f9-7692-4931-ab0e-4c127a5b3816	9605
55d14b87-c718-463e-b4c8-318e1dc5e72f	9606
a7290418-82e2-4016-abf4-3fd3e7db926f	9607
a9301bf4-cd9d-41e6-86f1-20463a9d1292	9608
861416e4-dc50-4cd8-af33-76a09067e821	9609
d685176b-7327-4615-9f68-285d14732783	9610
b00a17c3-72b2-4e39-96f9-770ba6cf4573	9611
ae5ddd45-ddc1-490d-8618-a97aba1ce625	9612
95d28a10-d674-4cdb-997f-94e6fb75e97f	9613
8de149a4-bbdc-4d15-aeea-0d66773c9f80	9614
aeb3d464-05a2-42eb-a3ba-3dd8b0b18376	9615
1bfa27e3-0376-4206-a772-4586e25a64f5	9616
fac566b2-7a0e-4977-ad92-533f43420975	9617
8439a325-3bdf-4c47-a7af-55dfc7c42c11	9618
3917e398-5c87-453d-b676-96a0dfc996ff	9619
8d62a782-3c12-4067-9bce-80fd91ddd5c0	9620
db929327-3750-4576-bfad-10924004481e	9621
79484531-2a64-41fd-b44a-60d0b0f14a14	9622
fc4dea85-3998-4130-a56e-907689160480	9623
67349203-0c02-48d9-a0ac-4ff40bac0905	9624
3c651564-eb88-48e0-a862-d6db17e8464a	9625
8fb96de7-a355-491b-b79d-787dc5366fe7	9626
131b73d6-049f-43d7-b072-8eb71bffc78d	9627
bdafd399-f2ab-4553-b037-16c03e5806b4	9628
498e69b4-0b90-4c76-be86-cb7cff19eb8b	9629
c545a7bf-c8d7-4368-8009-22e19d8911ce	9630
5588744b-0032-48d2-9ea5-ac74defefcdd	9631
8d56e655-efb7-4f03-b3c1-320c5ea838fb	9632
f3df0b46-d21a-4230-9a94-4082e8d6860b	9633
f61cb5d3-795e-40fe-bb50-984d25c04e6a	9634
39153756-5ffa-42a1-9b97-0468839021c3	9635
d68fda90-ab8d-4799-be56-317ba4ae700f	9636
9557fdd9-41a0-4029-84d9-cb3ae944ee8a	9637
50f50c49-6cca-45b7-8717-0af54a6ad469	9638
56806de5-eeed-4081-9475-d585dc049081	9639
1dd1f238-839c-4609-9bcb-5f866c82b3e8	9640
b4a29d12-b9e5-4b78-9639-f12a94e74a37	9641
92d48f3d-a9cb-4011-a002-2e9ac3a6843d	9642
faa76524-c57c-4303-843e-925f5aa02f87	9643
ba31a1e0-6b75-458f-b07f-ec81253513a1	9644
a32065b5-ed37-4ba5-8209-6fab71f832da	9645
ebe18ea1-9fcf-426e-9c54-10eecc207a66	9646
5540499f-8ab5-404f-a781-e959b1dc2778	9647
282269b2-b468-4cf9-aea5-20c632429b85	9648
60c5adf1-f014-4cce-a2f0-aa713e84ce77	9649
0456820f-281d-4124-a47d-fbede06088ee	9650
6b8072cf-7d49-4484-8041-c84a9e56abc7	9651
8347dd6d-b9a2-4e96-a610-d1ed67b189f1	9652
4f3b96ed-f1f1-4a68-be73-0e0657837096	9653
dd234262-f690-46ec-8dfa-c6933797a0f0	9654
f747a4ff-d54f-41b1-be56-97abcf1eb688	9655
d1785218-d8f4-4a83-a33d-8cf737eef918	9656
7c0735b8-6444-47a3-a244-522fa7925834	9657
7e31d421-093d-464f-bc19-7df2b2473748	9658
3b8403b6-72c8-4953-b966-5fc555923baf	9659
d53e2f87-3edf-45eb-94d0-facce7916407	9660
11d9fc14-e6ac-4c50-81e7-062dd82566ce	9661
1304e901-3593-4459-ad2f-34cdaa28729f	9662
50ad1cde-1536-4268-a55f-e47a7b8280ab	9663
32ae0b84-5550-44f4-a3b4-b895518c48b4	9664
2def624e-9a62-459c-904f-4eb8a0b0b3e1	9665
fd579e2e-f147-432c-bf52-74f98c480e2a	9666
25fdd039-edad-466e-b150-d7405c4da995	9667
8f37dbd8-7000-47ce-9d80-50e305b6ef9d	9668
3eff5a3a-b011-4da3-81fe-bc8d4a11b28c	9669
ec676b1e-9586-479d-926b-25face38e87f	9670
7283c23d-38b8-4522-af24-1651136367aa	9671
b10e697b-f86b-4336-897a-5e04a05b4cc2	9672
c7a2ba91-4efd-4ac5-b5ae-d2c238dbfb88	9673
c8eadd70-ee3d-4e44-936d-88a2efcc124d	9674
6bd5a27a-7278-4ec3-8846-1ae2d43297e6	9675
1f3c32a0-0454-4ebc-9d85-27b52ae4154c	9676
24582061-abaf-4643-8e02-407d23a29594	9677
17294d99-11ea-4fb3-af2f-33e607a8c079	9678
1b275a3a-ef68-41ca-9bb0-42f4f4675550	9679
93ca92d6-dcc7-4fe2-a0ab-5489a268c3f6	9680
a44d7689-8f13-4f2c-850d-74431236567f	9681
ea65e66b-c6ba-465a-ba18-380423b173b4	9682
c60c930e-d081-486c-b0ca-2dcdd8ee2b96	9683
1e76d891-8634-4b08-999e-69042304b89c	9684
5434112f-1591-4a9a-972a-067f4b165865	9685
0baceb7b-6237-48c4-9550-3a02e9a71f44	9686
0b7ee619-16ed-4e60-b871-6a2111c12b76	9687
9b96dcab-ed89-42f4-9863-ca5ec473860e	9688
ccbee8fa-1ec4-4e2b-aa95-d6e5fb2ef6de	9689
328676f3-76ac-40df-b154-31e6f533286a	9690
c72198b0-42dd-419c-b0ca-924453e24940	9691
444e7c50-7f72-4954-b61c-1717332a27d1	9692
89621490-e0ef-4915-8b1f-6ad57dba3d7a	9693
dbfd61ef-fce1-4803-9f18-7bfdd3996508	9694
c6619f89-5454-4e2d-aa19-b5596ba3b4c6	9695
a98abd2d-3d7c-4815-b3f8-c4431405e513	9696
484a1d40-0fb9-4768-acff-b570cedaacb4	9697
6f7e36da-79d8-4219-990d-8e9224d04ebc	9698
45d29fa5-6e8e-4e40-a519-2217f332bcac	9699
b879af63-9ff6-49b3-a556-1af86e753119	9700
7f4e8866-a462-4785-ae83-5c35adef2db3	9701
c659f049-6d66-4b4e-b33e-f0991f287d34	9702
48513f24-37d5-423f-b9b7-2b712af7f50d	9703
05bc3a1c-f7c1-4e01-bf61-e7699294b1a4	9704
7d623f63-56d0-4c44-915f-7aefc30301f9	9705
f4640b20-b76b-40d3-9ffc-a38b6718b273	9706
a04e7da2-998b-4e36-abaa-014c00b93622	9707
66a4b9d2-d5a6-40b8-93d5-0bdd1dbb4b43	9708
5d008bf9-2958-4640-a5de-dcdcebe711a4	9709
84ddbf0a-5cfb-4920-9875-ba7500352af3	9710
a3ba088e-fca0-4517-a9fe-c0c641c1090f	9711
c9a94322-dae6-46f0-91a3-3ae0693ac729	9712
48e52efa-e3b9-4e3d-9f20-d408a4b78421	9713
8c51b06d-b678-4bbf-aeac-7295dfb69d13	9714
8b4081cd-1af7-4422-aa3d-1545efdf30c8	9715
3337159b-9147-43e9-a257-a0f03a7bf923	9716
0b0b523f-e9d5-4f18-919c-ebf084a58c26	9717
a342964d-ca53-4e54-96dc-e8501851e77f	9718
1a03f20c-26dd-4c26-bbe8-426e05ea46d5	9719
fc004e1b-4e20-49cb-8322-d131a3a961e7	9720
5ad5c0ca-15f7-4f89-ac78-3709da4e9709	9721
089708ec-2c4a-4159-a3da-2fbb8119736e	9722
829a1595-6752-4d96-bd03-01cbb6232f03	9723
77826b4f-a3fc-4d7a-97dc-df4b43c23902	9724
84669371-1d7f-4d4c-8e33-743b203e9056	9725
e1fa99a5-b761-45ab-b0bd-71cd6f2718d4	9726
4a252ce3-5352-4e7d-bdf5-b75a67908a08	9727
8f60a47c-015b-4b70-957c-0871347d1b1d	9728
8b0ab1c4-ffe4-491e-adda-037c744d1b00	9729
bdea322f-e772-4896-a88d-13736f9b449a	9730
a9ca769d-42b3-4a17-b111-1b49d61339c4	9731
7991397c-2baf-49f3-8d73-c78e428825f8	9732
d71ba53b-23b0-4870-a429-cce6f345763b	9733
9367f0a6-e2ab-41cc-921f-d2bc80dc7944	9734
c4dfc2b7-31d2-4d8d-8311-e32f84e0ff55	9735
cc1716b5-3932-4fb9-855b-7c48624b01f6	9736
80cadd99-f560-41e3-babd-16292bbd248a	9737
f2903be0-79a7-4334-8cc5-e45309482a97	9738
e2db12dd-bffb-4e79-bfd8-be9baa527c84	9739
04bb4b4f-538c-4e54-bc1e-594825bde32a	9740
859a5c63-08df-42da-905c-7307f56db95d	9741
acc07ffc-ed8b-45a1-a70a-b518618ac649	9742
23442e8a-d8f8-4349-9555-6afabb6dffce	9743
ac8f8330-1270-4a56-89c4-3318f8fa5c3b	9744
a5d919fe-69ad-4f19-9642-98edd6172e63	9745
c9cf28e7-e8bd-471d-9452-539d79583905	9746
7d461c29-63bd-4fdf-b3f3-1f8d25de1fff	9747
cfead26a-e32f-4778-b790-18d2f533999f	9748
c0c5d33a-eb89-4ab0-a26a-c2b9bd3eb501	9749
abcd1648-fb93-4d4b-a073-dd61e4006b8b	9750
96c008cb-f6e7-48a0-99d6-8bba45564dab	9751
24189c1e-b69f-4420-be4d-7b12f74194c2	9752
af1ee348-8bf1-4408-b05b-47031b01d85e	9753
f6ed9964-eb6b-4bed-81f9-277a2c50a833	9754
258797f8-89ee-4d5e-9fd6-7aaac97341cf	9755
7f0c252a-bd45-4fe0-b306-478eeb07b97b	9756
b4322fe8-a43e-40a0-9728-52d6ee873bc8	9757
c6045240-6dcf-4ca5-aec2-7285d7290988	9758
62c6e387-f0fd-4c82-8358-0eb37be17218	9759
ad76c38e-a7fe-4f95-a309-2d24099914d2	9760
6dbf0d58-0514-4a9b-ab3a-01ff47482b10	9761
0bc5259b-bf08-40ad-9f6a-20462f652e83	9762
ba43551f-3ea1-4e83-8e7d-00f3f556ba76	9763
232bb885-d7c6-4463-a694-0830ae3300bc	9764
a7598023-25fb-49a1-9c99-54e2edbe6876	9765
5ec8e1d2-0269-4b31-8a08-a9c77d37ffd5	9766
fc285e02-bb94-4ea9-ace8-aa1b625a1dc8	9767
89ae9b8c-3115-4b49-aac8-f27a316b04d6	9768
34b59fe4-5939-41ce-9b36-a52e681e419a	9769
4c4fd9c7-88b6-4048-8a38-dbd6f60974be	9770
bd7183a3-c7d9-4a8a-9cbd-c4eec97a3f70	9771
9dee40b2-25ad-404c-9c9a-139feffd4b57	9772
f292e46d-46ef-42d3-847d-6b5ac70a0c9e	9773
ace6f889-2d53-4b93-bf70-cbfc4fe0d256	9774
a81ca3d5-710c-4f09-acc2-9c17abe225a6	9775
4be50b22-988c-4b87-9191-44605190b562	9776
4a7dbb70-4f87-4155-a492-39cf265e39bc	9777
91126b08-4272-4e19-8766-ccb61fe7ba88	9778
6416a02b-eda2-4c43-bca8-396ee30b5c74	9779
3970056e-1c2a-4556-815b-010c3acad220	9780
e7d1dc45-d4f1-4112-9aa1-b92494f63fa2	9781
5330d6d0-711b-415b-93e4-071e46d0d5f2	9782
aff5afda-d00d-4e02-89ba-7dd8692449a3	9783
900a99b1-dc46-4562-9bc9-03608c90ff6b	9784
d03b58fa-26c4-451b-bc9e-b8ea2f283796	9785
b79391ad-1ed3-45db-9ed6-48736491561c	9786
a3717f39-e4c8-4a89-99c7-d07aecae2398	9787
61f81d6b-c82e-45d9-a4d9-8687626c0488	9788
b526f421-0f6b-4e7d-a7fa-e1b3564f941b	9789
03b10e63-04f5-4f59-9954-fc22a4386945	9790
6a72e434-f0fd-469b-9d0a-d0f2d5a9c9be	9791
f0fb7a00-ed72-40ec-94b4-45aa190d2d59	9792
266b9126-4a40-4b9b-b21e-422d72e64254	9793
4133ef45-3c1b-49da-b886-a07300fa4da5	9794
6a5e6105-b1c4-4c5c-97ae-5ee4b7f746b4	9795
80c75300-9cf2-4daf-bb23-5fe15964e671	9796
6dc5f64d-79bc-46c2-9b95-528fccfdb993	9797
ce0a5b20-7485-4074-85c8-bdb6a3668d12	9798
ce6b102e-63f9-4618-a9cb-9731b5e37c4b	9799
7d4b7cd2-b6c7-473f-8ea3-f9948de34f45	9800
9a172d61-6935-44db-85ca-32e8f63ab807	9801
76f88542-fd2f-47a1-9be0-5d55df793aab	9802
2ce550e2-9045-480f-9e60-ae764f5b2ca8	9803
1275524f-84e1-4fd1-8c31-ce54f388139e	9804
742e54f5-debd-4fc1-a7c1-00edf9b673a5	9805
d18bfda6-85c2-4108-9f58-d139c0a3c7ec	9806
019f73df-915e-477b-b026-a2a2740df534	9807
d6ff259a-bbb6-4454-8503-80151da5f2db	9808
237918fb-7e35-4078-be2d-133edf45bb5e	9809
d5ae79c1-6206-41a1-b28e-166e7056cdd8	9810
858c8f08-abf8-4025-a5d0-fc067805fcd3	9811
3f81db56-ae93-4a02-9933-234150fb845c	9812
5ebbd412-a261-4c93-8072-055a7bbeb4be	9813
3826a6e0-9ea5-4007-941c-25b9dd943981	9814
c8c21975-7d9e-4eb9-802f-ded3d7493fbf	9815
e1f83b22-d40e-400a-8ebb-4e59b5b53d31	9816
e9be437a-960f-4dcd-8e62-097598d80bfd	9817
ea005ab4-6290-42d7-8980-c038a919d628	9818
fd8eac96-cdc3-49c0-80ec-a0f8a12be444	9819
e14d669f-83f0-427b-8332-b6abe074d543	9820
eeb41a1e-4326-4d04-8c47-0f564ceecd68	9821
4969b1a9-685b-4381-aac2-c3337495f629	9822
ef3a1aab-6676-4ad1-89a2-6c6bd828e0b0	9823
21fa4fc7-16cd-4268-8df2-b94e4d3669dd	9824
99298e13-87d6-4f0c-9334-d327d73f83c0	9825
6a724596-7724-465a-ab0f-1c245762ba49	9826
a2118d09-5df0-4c84-8183-00c128f134aa	9827
63d83d01-10d0-4bd6-9ada-c57b29f354fd	9828
76350524-7f09-4d9d-9a46-279b7ea4031b	9829
a43dccad-c63f-49e5-b342-f96debc02ac4	9830
dd91eb4b-6d08-4c14-9eb2-197a02a35f6c	9831
3bc1d04c-7e12-4112-8a95-f302aca54648	9832
88044f02-113a-4176-b09b-b786ef6ffbb4	9833
d530dad4-81e5-4874-808a-d708039289fb	9834
93eb7110-0bc9-4d3f-816b-4b52ef982ec8	9835
24e2bb07-b2b9-4376-860d-352851ef13f4	9836
838bdef5-4fb9-4465-82c6-e716e6590564	9837
f466e25b-757e-4d43-bed9-89ae8dbe6ee4	9838
b1e0f61f-3a83-44f6-bcaf-70109455bda2	9839
9e8718fa-514c-4814-a504-dac6875552d9	9840
c4af6041-f886-491a-81dc-c4c8245c4bd5	9841
723644fe-d2b7-4b9c-a8e8-9ed7d5cdb476	9842
eb5a1cc9-fe82-4a39-84c3-c52ffb7a1b20	9843
66331dd7-5279-4e8f-8e41-1aec4f143638	9844
baf86ca2-85b7-4d24-8060-986efd64deea	9845
57928ae9-5742-408f-b953-9e1c8110b405	9846
75932af9-3c2c-4a93-8e5a-2f2cf0f2d647	9847
98261682-3a40-47d8-8b2e-12866ace3120	9848
4f203e66-5a97-4929-b3f3-394a07017a2b	9849
6e732849-3c75-4c5c-95b7-53f6e638fc0b	9850
2843e7ea-9dfa-4dae-92cb-af1e61bbc60c	9851
86336490-e9fb-41e3-9a81-8edfa56785ec	9852
9c49d164-9736-4b1d-b840-134fc7832ab6	9853
fbeaf468-bc8d-40eb-a530-4f8982b2e1fe	9854
b3250fd8-d202-4d4a-8fb3-1fdf88176aff	9855
9a516345-f31c-48b5-8e2d-e0246babcba5	9856
fc6a16d9-5dfd-43b1-be98-ba49366d9f27	9857
1e04fb0d-cbec-4387-a07b-611ac908fd4a	9858
64ddf06c-850f-46ab-9552-10ef69647d8b	9859
34302b1e-3201-4130-a7c0-1cb89f38d449	9860
19e3200a-3292-4926-9546-6419bcf67896	9861
147a1f61-e4c6-48c9-8b78-c0a53dad3fd9	9862
cbc9199f-944b-42e9-a945-627c9fc0ba6e	9863
08f1e9cc-9f22-46f2-9a7b-c6e53e2aa210	9864
8b705c28-323f-49a9-a19a-17f04cd215a3	9865
32a69c22-6ed7-4489-88c7-2181e458abf3	9866
efa0c09f-b0a1-4f21-abd6-a1f2c3d97ab1	9867
c51032fd-dcd5-4bae-94a8-f770d1269b26	9868
e519e012-e1a3-4592-b3f6-5a16227ab654	9869
1bfdbf9d-e241-4ad7-8283-a3a7904bb6ca	9870
81a3c11e-ac20-4bb4-8614-06b157e802d8	9871
af88ef96-ba9c-441c-9291-ac4389cd1464	9872
0a23d9c0-ea5b-4350-ab90-38abc0d39dbe	9873
8e0fe7bd-bd17-4d25-9b68-1e6a60705477	9874
5af4be08-c337-465b-bcd9-24b480252e1e	9875
2280ca0e-6968-4349-8c36-cb0cbd6ee95f	9876
bcd09d6f-ee04-4418-a39d-4ecb57747116	9877
cd27216d-bb4e-40a8-a561-5018f162ba0d	9878
62a363c5-65ab-4073-8897-deb726536efa	9879
1068bb1a-25a0-443f-890d-18a967a84b8a	9880
a5c91f15-769f-41e3-982b-a0a332a0541e	9881
a56dfbb1-a51d-46c3-a0bd-c60dcad1f27c	9882
5193ce6b-a315-4c50-ae49-54e69ffbc988	9883
a4e31e59-e662-4cf4-bd4f-d7bf712bc21f	9884
6a810a7e-0163-41c5-b198-2edcbb4a33bb	9885
b01ec649-f8d1-4cd3-aca6-fb6c3522620e	9886
3d5443fd-e3de-4463-a087-d02876f2429c	9887
87788c91-a97e-40a8-860b-3d9a3956af5e	9888
c6be66af-28b4-4b87-a8ba-3f46ec6fe986	9889
11329eb9-a724-42fa-b8f3-01d6f5dd49e3	9890
9b89f290-eb18-4bc3-977a-e20c7d90db2d	9891
76dd8566-b9fa-415c-8744-90b608db4e92	9892
177bc88d-7ef3-487a-a967-caad1a600c86	9893
34e0025a-39a9-4dd4-ba09-06ef8427cffe	9894
b5232ddf-8e3c-4bde-a63f-47e88cb8ae11	9895
b892f72d-05e2-4ff7-b863-3d5dec6331fd	9896
734fa82c-864e-468b-bee4-944cb4b1952b	9897
db27a572-06d5-4dfa-9fc3-67037b7b0d95	9898
0f9cdfc4-2edc-4e0a-b40f-e9cfdf0b2e39	9899
a7e2051b-f66d-4e44-8320-526957d4ec02	9900
fcbc2086-5863-4659-b03d-44be704697d2	9901
a8b39181-6939-451e-9641-2db231b73706	9902
74102466-c9fa-4dbe-a9cd-3afbf0aa0929	9903
eaf324ca-ea0e-4f1f-8418-658b384b399a	9904
981d39fc-bd00-4cc6-ac67-6410f8b89098	9905
912fcb75-fa16-49e6-9e19-becf0f7dea4d	9906
01b64e1d-1e61-4482-b34a-cdb6d2a47f8d	9907
405528df-2632-4730-80fc-83e775a97651	9908
f0167ca4-f151-4194-813f-021bca2ecf7b	9909
cbb5f92c-b4a3-4804-b57d-e14d2c0f95f5	9910
f8356134-09fe-4ada-b6c3-b14f5199de5b	9911
f2f5d44a-7bd5-400f-94e3-7c20aae7ab65	9912
58a74401-c2d7-4019-a557-adb8c7371243	9913
5a46c1bf-a05e-473c-843d-cbf01c55cfb6	9914
f36488e0-28ce-4ece-a29e-61cb789aeb50	9915
ea60471e-ef13-4391-a86f-aa7d3e71309f	9916
7241e3ed-5ad4-4849-94df-6858ea833472	9917
db4361ac-19ff-438a-80fc-fa3a9957a66f	9918
0f24bcb0-8d37-409d-aed1-92bd4e5337ed	9919
8ca6ed27-9be8-48ce-aed7-90e724d2c15a	9920
6d557c0b-05d5-4587-96de-673324c2ea10	9921
d807566c-6fb6-47bb-b2b8-ef6da8d12c6a	9922
cd0ec348-c968-40a7-ac67-0b0e464b704b	9923
f72e65e9-3ee7-4dce-9c53-5dc6221f6cd3	9924
c7ce0ddd-4118-45ad-8852-8a9525d681f2	9925
4d52d945-b561-4069-bd6b-9f68ef247b5a	9926
8ca7f2ea-6a8d-412d-a188-f75abea72b67	9927
f150ed27-bee7-49d8-a226-31fef88c29b3	9928
9b2a1ef4-0e6b-4ddd-99fc-cdf223dccb08	9929
fee70326-712c-4a99-9f01-fe06a505c053	9930
5101d975-a63c-4431-b630-1b195e226fe7	9931
61dd30be-8e7b-4c85-9aa4-be66702c4644	9932
97672881-2f1c-4aed-9cb7-a510ae9792dd	9933
cf6e878f-4ad1-4b32-a105-f832c69a4f51	9934
5b95fe77-c781-46a0-8601-ee39d1db8d64	9935
8dcd24c7-bf87-4f32-8e3f-7a79b3f25a85	9936
6a4736b5-8960-4512-98ec-dbbb87447ede	9937
255e16d4-f13b-49dd-8c4a-5ae2f864e22b	9938
adb685b2-9fb5-4e25-921c-d16c3d1a7fe0	9939
d94eab82-d344-40ba-860a-7174e2b5881c	9940
d56b91e0-1525-4ff5-8dc4-c3728b517091	9941
cbf882cd-5fb3-4324-b212-32ed0b985ba8	9942
7e37a1bf-3442-4c60-9dda-06989b869eab	9943
0328f44f-8519-4e3b-b6c5-019591751e4e	9944
125948ec-7f91-4d1a-8b83-accbf50fae3d	9945
72f62a4c-0042-49f6-b4dc-2f5b27dd289f	9946
d262ea27-3ffe-40f7-b922-85c42d625e67	9947
ab336570-9bd8-47d5-8540-236f230377ee	9948
85479612-e784-4653-8f86-4ebdc89d929d	9949
8b8985eb-f71f-4229-9f11-171a7aac98c1	9950
b46070be-5c2b-478b-bffd-42ab737ded69	9951
0bd9ff08-d360-4e34-9c2c-35f3896a1105	9952
5c4b7efe-6941-40fa-b7a7-58e585f0df2f	9953
62240241-e2dc-4529-8966-6bcb4b1bdf67	9954
eed24719-e90e-4b88-b3a7-5a0b38ccd670	9955
e58fb04e-3787-460e-b8eb-daa64ced5b01	9956
4861e415-2a6e-4682-98c0-ae212683faf4	9957
0c361ea5-98c6-4947-900b-201833f2dd84	9958
fd180bc2-7b01-4b07-9597-451e7383f1b4	9959
96c5dcd8-4dc9-48e3-b040-1e1ccf51b2a1	9960
c05ed958-641b-47a3-97b5-efc2cbe91c40	9961
0f6854c0-d62b-4e0e-a78e-e0d0f34d8612	9962
8e981d50-29ba-4f58-a708-bb1c175cae10	9963
f4d2fc5a-cacb-47c8-b096-ee73864b1aa8	9964
274718a2-5214-4673-bb46-ce1eef1335bd	9965
72d9e82d-ed37-4057-9031-45306e9507a7	9966
11072ad8-39bc-4c9f-88c7-9e4b953b5ac6	9967
9974cbc1-6a00-4a97-8a36-e4a25bfe0293	9968
23a48904-6fe2-4a1d-bdd9-384f4c9a3392	9969
1400eb1a-e3b5-4f4c-8e4a-7f3a67bda1dc	9970
6be5b77c-654f-40f1-9c7b-1b9b143ab437	9971
a4b3fb24-a04e-4249-9fa5-5a198ca9d73c	9972
a962cd78-1f5f-4cef-838d-07e2f9d8b02d	9973
e52ef1f8-ed25-490c-8e47-96b1d43c68b6	9974
84f6391b-32be-4e06-bfa4-ad9d9cb9ce29	9975
a2dc0b52-1057-447f-89db-818acab15299	9976
1f0cdc02-c8d5-4228-8227-37ec0c289b48	9977
0b6aea55-d855-4a33-ae08-b0280dd28684	9978
4801bad4-1b42-4c9e-84b1-bf61067ab67c	9979
eb5dc2c5-f3e4-425f-a45a-7b7ae6a030b5	9980
f6cfa4fb-5f91-4a90-a1c5-bb083cead82c	9981
8fc0c1d2-9be0-464f-98ee-ae7ae5b0086b	9982
738d5487-4ba3-4880-98f1-d70cd0e96f74	9983
5a87d06c-2123-450a-9388-cf121eeb8729	9984
9e2ad889-2ca0-4f7a-8e57-1ad4ac59c40c	9985
0b2e9bf1-a93d-4c6a-90c4-396d61706fd3	9986
28b39ed0-5792-4f96-9230-40555528f32c	9987
c0c0e16b-91f5-4e6a-bc34-3e80c23c0faf	9988
e8a61400-baf7-4fb3-a3e3-c9e7b665547f	9989
70ec1658-ffee-4c3c-9e76-3c32b034b513	9990
47864525-aea7-439a-800f-17c57e51cbcc	9991
26aa5fc1-954b-4bef-a7fe-39f699860ee7	9992
c5b35030-3576-4869-894c-783535a9e1d7	9993
bc3ead02-18f6-4b63-8214-638ffbb42a11	9994
6f6fd596-76e0-4b82-aa37-f558ac2d337b	9995
c30dfb44-768a-487b-af9c-c942682aa023	9996
1fe6717a-73b5-4e70-82c5-6b83a08c997d	9997
812d3015-2f4c-4fa7-bd7d-30ec4beb2c82	9998
3ec17e85-9284-4f4c-8831-4e56c2354cdb	9999
06993821-4d81-469e-b258-f64d361c0791	10000
0fb711af-c7ba-4bdc-b0b6-b8495fc0a590	10001
5dca4d22-d6c8-4e70-8ca1-4543e43353c7	10002
121ebb2b-94b5-4cfa-af50-a4c282791c27	10003
58497b1c-e42b-48d3-8704-3eec017921c4	10004
9ace62fe-7329-450f-b4a9-0dd7edd9b7b8	10005
1c294605-8a44-4a49-9f6e-be26f5fa4f38	10006
355eed00-6c40-4d33-940a-600b2597407a	10007
2f53411b-ec29-4979-aa46-62786a2bb377	10008
f197a8df-ac2b-4e78-9913-4abf13741f12	10009
a5bd836d-8d8f-48a5-b0b7-dbb18b3264dd	10010
8b70d4d9-b3d3-4a99-8a95-96ee59f12140	10011
9603810b-5d6d-41a6-aca8-330ef966d55c	10012
9975369b-6fc1-455e-91d4-d3c8b1772e57	10013
94cb9444-aa8e-43cf-9816-839d90023a44	10014
0aba82ae-573d-40c2-9efe-4cd5a09a2c10	10015
aef5b6b3-c1f3-4dbb-9755-50842da36a63	10016
318c02c2-d766-4843-9035-e186531fc98c	10017
c679a80a-8f33-46cb-8393-37217b73aa17	10018
c1a669b9-30f4-4171-a2a9-a15d9461ca04	10019
5e9c33c3-9589-4f60-9077-d445f5bcabf2	10020
fa5ecc27-10f6-41eb-90ac-9498a2bf6b43	10021
ce8cbced-8719-47b9-b728-6024e8b19b15	10022
46bd1529-4301-4d10-9124-17d9e858034e	10023
1f72d108-f2dc-44cd-8213-8d3426cc2c9a	10024
b7798819-d9b2-442b-bd22-e55b40a1a69f	10025
cd5f7bd9-ee6f-4a99-8dd9-dc3afd9da736	10026
70a320a6-a942-4699-94c6-4de72260209e	10027
2787bddf-6439-4c73-8162-5f4a1e5fa030	10028
2c330f54-9245-488b-b678-dc8a236d06b3	10029
bf34de40-5223-4b4a-9c08-cf170210e041	10030
737b9b0f-170c-42ee-8e73-74865cd682ee	10031
e3cd1a30-7c61-49b0-bbdd-39425200334b	10032
615caab0-9cc2-4c24-9667-f46894be726e	10033
675b7627-6b5d-4a46-a728-785cb24a299e	10034
233f3611-b9d7-4ce3-a835-ed01b19d2d2d	10035
d9749c53-6079-42c5-be5f-efdc7239322f	10036
975f2d1c-2b52-4a30-a825-2625d34bf5e1	10037
e449337e-4192-415d-88d0-81352c068d2c	10038
c174f353-4666-4dfb-af54-5cc70b8afd55	10039
387821e6-a7b2-495b-81d3-7139f1f8233c	10040
a9299b70-f387-4c37-926c-8a7855a1008d	10041
93da8c8a-bd13-4418-a00e-2861b8518a8d	10042
e6a76b1d-2cbb-4587-9c09-6b7333638a0a	10043
8d07ac81-0b49-4ec3-9402-2b8b479649a2	10044
fdc2a5d1-1ec4-48dc-aa6f-bb84b00672e0	10045
9ef6c154-7c6a-470a-a944-17eb3b512e71	10046
17828264-0f4a-40b3-bfc5-8544f30debed	10047
fd90af91-ed07-4e85-8816-26c954fe5286	10048
c30120ec-abe6-48f3-a840-379e7f92b649	10049
2f8fc3cd-52b0-4ea8-83e2-8b00c9090016	10050
c9e43f7a-36d0-41a9-b93e-01ef5cbc96b8	10051
3df3a779-a7b1-4362-a8b4-9ae6c7eb623d	10052
db005731-6c46-4e7d-83e3-21f80189884a	10053
5b1c75ba-7701-49a7-97cf-ef37c93ba1db	10054
09fe4dad-247f-4978-98ca-058a6f91871b	10055
03e7fbb0-024e-423f-bbcd-f8c65aa14b8f	10056
695217e0-a68e-4a75-b20d-2e97f38a49be	10057
8c9b4c93-5283-4e1a-bae1-415c65ffefbf	10058
d6c62bb8-547b-40e1-b559-d9f4b9d667fa	10059
7f6a2b09-0666-410c-a5fb-b8cb111fdc8e	10060
a992aada-7108-455d-9747-0b7b6a089e8d	10061
0be325a6-3c6d-4e3a-97ed-e59539b1014f	10062
d3389cbe-3413-48d6-9cef-6b25c52b7ad3	10063
183fbb58-f28e-4f2a-aae7-22f3cbcd8876	10064
0329701a-ecb1-40e8-a382-2a9418c078a7	10065
9cb53b2c-c2db-48db-9644-d21600f7b552	10066
8ba628d6-bbc1-4831-8bf1-9f7e51a0576c	10067
8e873e96-cc22-4a36-8148-ff24175c523d	10068
d404ff78-7160-4250-b8f4-7bbd41d06274	10069
271083cd-6c9d-467a-89ef-d324aca2109d	10070
08160a8d-d768-4664-9afa-5720196d16e9	10071
cd3dc0d1-bad1-4faa-8618-0d28ecbdc0ed	10072
1560a7c0-ac1a-47c0-a293-c35d1506063c	10073
cefd9d3d-9506-461c-972f-89b4cbade9da	10074
e26aa662-2255-4435-8332-85097f8aba0b	10075
fd9d81a2-f42b-4922-8dfb-44c988f2ec74	10076
0fd0e5d2-16f6-4613-ad59-050fe0b1f8b1	10077
be23dca9-50e8-455d-9029-1372b299aff0	10078
d8451fb8-74d0-4509-a242-6f683641234b	10079
afb3102c-b7e6-4140-b825-7f84ea97f73f	10080
48b7b5ac-e332-40dd-870b-e3f0751bb319	10081
2ae30e31-a4ff-4ef0-bbaf-7066817adf38	10082
44d69ae5-5883-41db-b4f8-f3e71fd2f9a1	10083
78c1866f-92d8-4180-98ea-fe88121aa195	10084
22865dd6-d99f-4658-84f0-16c5a437ebaf	10085
fe13305a-cc59-4d0f-b9b9-6f3a51ed92fb	10086
32590def-5684-4649-89cd-48addfafff4f	10087
563ace2c-6e94-4b64-b544-40099a96b86d	10088
c8be19e8-b7fa-481e-b453-ee4214335824	10089
9aae9381-7d0f-449a-be59-2c004d668052	10090
10ca997f-12e3-4075-9b8e-a0a78c0671de	10091
eccce577-a890-4924-8861-e61db68bf1b4	10092
90c887ab-ea3f-4ed5-b008-bddf8661f7be	10093
96adf7e5-dbcf-408c-b36c-f0507ea95878	10094
1561eae3-a817-4204-bee8-c39095dd8ef2	10095
496c2c0a-839e-45fd-8bbc-83e94e961727	10096
4aa960a9-368e-4288-bc63-ff5053dbdddc	10097
744cff3e-33b3-4f1c-b703-84aea4d811f7	10098
a7e4802f-3eec-44e9-8b18-6184eae89987	10099
b4ae94e2-0d98-4b9e-8f24-30d1050d4531	10100
1f43313f-4855-4b5f-af16-90ab6ab8cf36	10101
10bc16b4-567d-4bb0-b455-3ad0db178975	10102
e0f5273c-637e-4e10-8304-81f2f9a31523	10103
319f152a-434c-4cd1-970b-a2e89a9eb003	10104
1ac2e44d-7ba5-4917-8345-f4becc40c0fe	10105
b89144a9-f622-4245-9403-9e5ed32787b1	10106
04b38431-dd3e-43c9-8824-14fd01f2c9da	10107
9ac50ce7-2ce6-472c-9976-86790255f5f0	10108
5943ff42-0ad4-4d47-9887-23b96594bb37	10109
17d78170-7194-4603-8dbb-ca1108430882	10110
a0778b30-0caa-46cb-a775-b1f2ccc669e8	10111
88aa3eaf-e4e9-448f-a24b-b5991cf66f89	10112
386e0978-6573-4836-934b-00475bab19b7	10113
eebe62ef-b943-4c63-adc0-c638973a5ae4	10114
8ab21077-e8d5-43af-8e49-8121c97fad1f	10115
d4743123-b692-44ee-b330-81f043051b84	10116
4bf89e02-6c30-4603-9f6a-52619b1bea1a	10117
0f5a9adc-fcca-4d04-bf31-d7d1164133f9	10118
49dca5fc-30b2-46be-93bd-033c53425e07	10119
62d34f46-7e70-4a5a-b51c-9c1fdc4fdca2	10120
5ec4be83-e99a-4c54-8753-05ec461deb4e	10121
73e2d6d9-6394-40dd-af94-850bd90c6ac5	10122
821905cc-05ac-405a-84b6-12702b177624	10123
089f526f-1ddf-4aef-85d7-fed8d234e59b	10124
df33b7ec-1293-473b-b582-29d2c2514cc6	10125
6e9a0ac8-699b-4817-8f9b-25a6dba89f57	10126
ccb4d9b6-1a24-4dd2-8016-1c0773ef470c	10127
227dbf8c-d051-40c5-8b3d-a3b4dc930194	10128
e0443586-8830-4b7a-91c1-d6876c16d669	10129
ca48bfb8-37c5-4a04-9837-a07975ee0cd3	10130
643b4e8e-e3e4-4471-b921-35feb0077a61	10131
0ce8de4d-8aa0-4093-b84f-66a18096f18e	10132
5ed31763-4245-4871-ad5a-80bdd17a780d	10133
cbfd088a-e010-452e-ae0d-94399a62c52c	10134
0f62d849-aad9-47cb-9f59-31e47687b33c	10135
fcd5caac-6344-40ea-942a-5c4bac5e615f	10136
357ff05d-848a-44cf-b608-cb34b5701ae5	10137
50fc4742-1389-45a0-8c6f-6a5159ae20c2	10138
99732060-9f50-48ee-94e6-6b62a6a80101	10139
60296efb-4d77-419e-b95e-29ae2e1131d5	10140
b3880b86-77bf-4bc0-a525-a44894f25db2	10141
28e9fd55-d20e-4253-b951-46789a865dc5	10142
1f23eed8-747b-4512-9f13-ef7321dfffa9	10143
17aad6ea-7d5b-4866-82ad-50b256a8a449	10144
2841d983-f8c3-432a-af02-7407a84580a8	10145
5c2db8af-2f34-4668-bd4b-607695d59723	10146
06830051-7031-4d4f-b879-27c1d7935800	10147
d0060991-9762-4e29-adfe-fae92277b0de	10148
fc67d87a-8e21-456b-a4e9-a71116635541	10149
837a30e0-fe6f-4243-9519-ffbe4e970537	10150
2c21bfca-c819-4553-bb96-3b2dde1d66fe	10151
08d9ce40-ebd2-4d81-894c-84655e3f851a	10152
54d86cc6-2c30-47b4-bb68-cf5d82560e5c	10153
20f4225f-f50e-4382-8b6e-b18448bc037d	10154
2f40570d-1039-4ddd-b743-c8e5af80dff3	10155
1d1e53da-acb3-4fbe-bbee-e29615734bc0	10156
298a8237-0975-438d-9f9b-008aaa2bcc63	10157
5f34b921-7fb3-4ecf-b6e2-618606efc373	10158
e222c485-a490-44ef-9ba3-992160c29968	10159
0428e118-88aa-47a7-8776-49d1a5c34e77	10160
e2ced958-4898-49ef-a215-a2271c61751f	10161
1a40f886-0877-4bab-9ab1-761147dadb89	10162
ef1bf752-c7bb-45ca-8f9e-e7e8e18fe26e	10163
42c7542e-71d1-488a-ba2f-9a368c9147f2	10164
c8c64bcc-48c6-47c9-8411-f5c4fd5a97bb	10165
752d58e6-d33f-4dcd-b40c-37acc14242f2	10166
09ed1c18-bf27-474b-a79a-377b85efd61f	10167
7cc89d05-3db5-4d08-bea0-9c328aa56c39	10168
6c25514f-1f14-4106-a142-be95ba11f117	10169
25db5fde-2384-4baf-8e3d-d8299b4c99ef	10170
e7ab70fc-ae7b-4321-a9d1-4c2e9440e0f5	10171
7dea80e3-0861-4c9c-86df-eec42fc2c5a8	10172
5074ddf4-3d57-49d9-a0b8-c36afe60a475	10173
a53712e9-c871-4621-b859-da202679ad53	10174
b81dbd86-7240-4d8c-84c2-cc56dfaba22b	10175
86db3071-6bfa-4265-836a-1edbac93eaee	10176
4a7bcfa1-5da5-4aa7-b2d0-b300904a4e9e	10177
7ef4295f-90a1-432d-85a5-264d4eb6615a	10178
12b6e407-4ec0-4cc6-80d4-b38d7df99694	10179
9cc9a4f7-d11f-46c8-b97f-902b8a440cf4	10180
94f0ad41-39cc-4b82-9bd7-895b3e0120c1	10181
f72f2165-786c-41d4-b845-b03aff2ceee0	10182
8145a9bc-aa7f-41a5-963e-bf908a0d90f5	10183
0654393d-253f-4a4d-a7e0-fbc799152930	10184
91823f68-5bbf-4ae7-ab1d-e003046e0db3	10185
2c1583ab-3bfa-41b9-b849-4d4b5d891339	10186
63dd3d57-d98f-4f27-bc1c-017ed75cd6f7	10187
4a945ad5-5f21-449d-ac51-fac9d6b8c118	10188
89967ce2-3f9a-4dad-b8c8-491bb87b73fe	10189
54cfcaa6-5fe0-4185-b64f-c887fe0b2619	10190
37755676-10c2-4ba7-a08e-96678f712d7f	10191
acd40400-0754-4530-bde6-ca302dcf5210	10192
7d2092f4-6784-4776-8482-3b6cb4fe2f9a	10193
de4afdc2-e920-4d0e-8fcd-992d6c2e5a76	10194
480dbe19-5198-4f26-b240-f8f2c89e6ca8	10195
c12b375a-347d-4765-88b7-b56705fb35e6	10196
d3ba1c50-d403-40df-8eac-80d74551a7e3	10197
01a21615-7fdf-4fa5-afbd-dbc58c766977	10198
7b83ad2e-722b-49fa-b6c0-914ac1092a3f	10199
2b9ed862-57b5-41e7-a467-95dd94698a36	10200
130e7bd0-6d34-48a9-822f-03eff7ea95d4	10201
2f90b896-6d16-49e2-a7b5-34850abbaf73	10202
5829a965-651b-4c12-8e83-77768d38b92f	10203
41e2d679-43a3-4b9b-8469-ce748ad7b1ca	10204
0acea254-8369-4436-a810-99de577294d9	10205
1879adb4-1cd7-4247-a71f-4291350a6b70	10206
969e51a2-4982-4c95-b365-eab8100f8b7a	10207
975f6585-8c9c-442b-9512-b69eceb16acb	10208
92de023e-6f08-4133-8063-c0740c855e3d	10209
1c80f885-e832-4b84-864b-5deeda6a1248	10210
09c0f334-f9de-4970-b9ee-ef799cd093be	10211
a52c02a6-62fe-44fa-a392-73efb2be384a	10212
6115c099-c3a2-4d91-89b5-e69c87f02a3f	10213
fb35e47b-8d34-499f-b700-1bf3ebb01a8f	10214
96cd8ef6-2873-485f-843f-f3ced9839791	10215
7537c506-c49b-47a8-a313-4ece139a9ddd	10216
d1838295-7e6b-42cf-8b0a-6dac22de5d10	10217
cad879f0-7f44-425b-8d56-18bd515ccbab	10218
0058387f-887f-4b0f-909a-89db7bc23d96	10219
18dbdce0-e0fb-4c6b-b43d-7a5aee17c559	10220
0049c4d7-6459-4b54-a865-fd19969f427f	10221
b2233a1e-2b25-4660-a578-b2e2de990792	10222
2c31bf0d-86b2-47f1-9dd6-4f7d9593159b	10223
fbea756d-95e1-4a55-b6a2-05b5535722d7	10224
bcecd780-8f0f-40c5-91e1-be6bf34c51fb	10225
e84a64f9-cf28-477d-a31a-f43514011918	10226
b3867a31-f481-4e6b-b871-e5afe177dfeb	10227
c21a699a-c7ae-4fec-8490-48c1eaee06e4	10228
72f62c54-ffa6-4c67-a396-3aa890840fc7	10229
4735caf5-711e-4042-bb63-a2991420239a	10230
e95a9d7f-fc26-4e56-8032-90cd954deea0	10231
fadddb61-613d-4078-be8b-9f1d2800aea1	10232
618fd098-6fe8-45a3-9501-9ff81f8d6662	10233
93dda03d-c1d3-42c2-80b0-fa71bc20262b	10234
82462e70-bc00-43ba-8d96-734efa6e72ac	10235
80cb9f52-04b5-4084-a2eb-6098c91cb48a	10236
44824d79-5059-4c70-9678-dc7db1335751	10237
c60178ab-c3d9-4f9d-ac56-4bf2eb93feed	10238
2eef73b4-a222-4669-9f2c-7284b076e9c7	10239
91d3aa0e-79ea-4462-a6fb-fb9525a0cb88	10240
53897e33-2bb0-40b4-b5f9-d54a64a6c971	10241
15a5da16-8b89-4047-aefe-81473c97b5b2	10242
a59edb65-fae2-4344-b77a-5232516d4d7a	10243
7d338bd2-309b-4dd2-80f9-c8b9b3a86b9e	10244
11a683e2-c855-4b93-934c-0ecb053fb5ac	10245
b7dc1c91-422b-4b80-8ef3-9c200edc32b4	10246
30480808-4c03-432c-9e94-dd3b12d4e127	10247
708cad63-631f-4a77-92fe-c046bb02d0c3	10248
8e9b8133-0592-4699-aec1-2f4dccdc93e5	10249
77fdc97a-551e-458b-85be-a3a07fabea85	10250
1a21878d-05b1-4983-a059-7cf3abee04b7	10251
3b0e8f01-3fd9-4104-9532-1e4b526ce562	10252
077102c2-9dbf-4515-8531-3878461c68b0	10253
1c01cf84-07c7-408a-b5a8-7dae0b1312fc	10254
911d1166-5095-411a-8d6d-0556e50c4eb7	10255
6a4c2d34-7f7f-4f87-b17f-b5540aa840db	10256
a89811cc-4514-48b2-b353-dba9debf7055	10257
c9584c27-f240-4f0e-8e82-3470111f24be	10258
6edbe0fb-734e-4b1d-9c64-73ebb04853e1	10259
9958ab5f-a8a5-4670-9ca2-b85e5367248f	10260
cc771350-90fd-46ee-bac5-c27f083a4ce9	10261
1e81aaaa-7775-400e-8bc5-026671cb8681	10262
b4854d3a-2678-4f0b-8024-ea78e5c32800	10263
36f8acfd-01bf-4c3c-bfda-8e50b4c76fce	10264
3d367589-9dfb-433c-ae23-dd2908b00ec6	10265
3e1fc14c-397f-485a-a763-48f5892d8adf	10266
21a6751e-887e-4eae-9989-de45d452feb6	10267
94f46f90-f220-458d-acd6-5f14c55ab9b2	10268
4ea6edfb-93b4-4552-82e9-1d8fafc93b9b	10269
f6c6cb0b-3419-4076-b27b-786f3aaa862b	10270
924e6161-2d0e-4b7c-87de-adcd2a4d1e22	10271
3ffb5171-ad4b-4c1d-9dd4-08b3e47d271f	10272
51ff6576-95ff-4e02-a0cf-fad3b39c0b8d	10273
7f7e1171-393c-4c38-b236-8e4440b83b0d	10274
fa450258-4d83-4898-b103-0b8f9e602834	10275
f12ac8d9-d51a-43a5-b674-f7380c31d7cc	10276
69f42d7f-0cac-4210-b6e6-270e286a82b4	10277
f3a090bf-6173-42d7-86f5-7fcdeaabfc58	10278
23d1dfc6-0281-488a-8e32-ef7ddc279fbc	10279
9132d515-dc0e-4494-85ae-20f06eed14f9	10280
693a2415-8cd3-4119-8b8f-8fc3c6a2db7a	10281
cdcb5ad9-7634-4811-9105-445d6f5e2018	10282
fa77efc7-e40a-438e-9521-a85e64e26044	10283
d047ee24-6fac-401a-8769-34edbda52113	10284
e079ff65-ad41-48e9-b6ce-8cdb0db64802	10285
93df1072-9d44-4aaf-a46d-ba53a097b287	10286
0c84c8eb-7bc7-46a1-888c-daf00b42e63d	10287
6b1b84c1-528a-4642-8f7d-761766d44dfa	10288
bb38ad89-459e-48df-b9c8-a6b9c86aa2d3	10289
4c03129a-8d3f-464c-90a8-418ed6bfcd00	10290
ab075e0e-1fc3-4353-9cd4-f62414b71097	10291
eae38719-96b6-4aa5-8303-5bb08f953c86	10292
af496741-00d5-42c5-9e2c-14e226a7cd9b	10293
d99a231c-bfb8-40d1-b554-d3023c1ca745	10294
151615c8-9095-4041-bfc6-2ff44badb813	10295
aed0470f-8a7b-4d01-be80-a8599b0a4d8a	10296
7bcbd22e-cd6f-4e92-a182-6514b129c3f0	10297
f97790f8-978a-4f51-9a06-b3191cd4cce4	10298
d71c2b20-616a-4bb8-a848-e6edac412c3b	10299
b8cf6ddd-d63a-4228-a87a-17616d20bcc2	10300
0274ea89-cd5f-4d83-8070-20c60ba6a98e	10301
ddf919d1-02c7-44a4-a7b4-1d1c5cfc82d4	10302
4c4aab21-fc41-47bb-9474-2c80c2b74e76	10303
ae80d4dc-74ef-4779-a9f3-83754b61c31b	10304
c0252a1b-0133-46bb-8c4f-cade46349ec3	10305
9a086d54-365e-4f53-b75c-2911d5475084	10306
14d78134-bb77-4c1e-8c9b-b74284abf1cc	10307
7c8c72f5-01ed-4a55-89d1-ced1a6b3fb0d	10308
502f5022-ed77-48d9-b92c-b6c73fa9715a	10309
3a85dea2-9737-43e7-b456-dd6abff22f97	10310
c5db90c4-580d-4f33-b364-fbaa5a3a58b5	10311
568045b3-c3cb-4100-9bc5-ef9cdcebe643	10312
034f1633-56bb-4c49-b5ae-32b863104c81	10313
b0a55bd8-60c7-45c1-b78e-f20e4c8adba1	10314
49d04262-6389-4f51-829e-d8fd1b8b80fa	10315
b202f223-9684-4e1f-939c-debe4ef257f6	10316
8891f193-2d79-490f-9d57-a6a744544882	10317
d3b960c4-d8db-42a5-a500-c1753b96d240	10318
4ee72b21-e556-436c-942f-babc6771ab13	10319
b982e7e7-bbed-4c86-91c4-db5267e3cc9b	10320
a9355030-319f-4d1b-8798-adaf43f85112	10321
f96627af-7aac-4e16-9245-c5661eb47199	10322
311d48bf-50ea-48c6-8b5a-0c6596180653	10323
675ac715-b084-4d55-bf11-c98eddddccaa	10324
354c739d-eb31-45b0-b5b4-7931df983eb2	10325
62495254-237e-4e9e-8ffb-31fede562cfd	10326
142fd48c-1f15-4f29-9bec-51d159be3586	10327
80301f91-cb5a-4f02-bd2a-ead999a7dc06	10328
aba564a0-14d3-40da-977d-243bf56e62f8	10329
300aae2e-8277-4b51-8d2e-07c078f73b4d	10330
1d5796b8-5f8d-4796-876c-dd6fcf3d3ec5	10331
e9d7f684-d144-46c4-b411-19effff4defb	10332
236459d6-f9ea-4f89-9239-21c0bedaaf25	10333
a3c60d26-90d6-4788-ba9b-a89693fc396d	10334
40476880-65b5-4bf3-a8f7-16f168e5815c	10335
ffce4003-a756-46c0-b062-2e942de13d37	10336
b7c00c4a-7ddf-4ee1-a659-cc1d6c5e3957	10337
0fc5dfc7-a5f6-4f01-9091-4c90f1df37e2	10338
56c5055d-f656-4ed2-a040-7d860feccfb7	10339
5f46f4df-d931-4455-8ff4-d71a7f1ee4c8	10340
de68274c-d21a-40d9-b17c-4b833b20126f	10341
acf295f0-a10c-4c6a-ad0b-b01f82009153	10342
61568439-b790-4e96-9b4f-64503ce0ab12	10343
6d3afcde-6e75-4f36-adc1-706e4295a75d	10344
9b97150f-f131-4339-921e-8e5d8425f737	10345
b07cdbbe-421e-418a-bbb7-ce0d8d53bfa8	10346
4635869b-1f1a-452e-af87-f6c2e2ef6e74	10347
a11f89f0-2352-46c8-9342-30a421fbe527	10348
4272801c-1180-4098-80f9-d7ab27dadea9	10349
44b69f9c-b717-419b-bf75-fa21e4f2da58	10350
7038c09c-2f7c-4cbc-9d7e-f4cb308d14a5	10351
bf103bec-70e3-45a5-9d1b-97715db04a96	10352
0ff53a91-caee-4efb-9ef5-b363b94e7318	10353
c9aa788b-98b7-4830-906e-b1c5f4a7d4b8	10354
033ff29f-dd55-4f13-a80d-f4702fdc3cfa	10355
11d3ce7e-4d8a-40b5-8025-bf0ca6462f12	10356
38e82a3d-4e11-4e0b-92d5-6b3a3f93f276	10357
3b972356-4410-4858-ab9c-6e3c3cf76609	10358
547309f1-60b4-40d7-9be9-af02a8cffc8b	10359
09a67d90-b221-4d15-9bcf-707218108690	10360
97850f5e-1a4c-482c-8e11-7ffce368e76f	10361
d343fad6-199e-4fad-93b5-df683d7d50a6	10362
4a087151-f999-4753-b6bf-0d4f31d7dc81	10363
272a7f09-ed20-468d-aaa7-abcb97437d8d	10364
835e155a-97ff-4523-beec-4ef789126f90	10365
c4f34a26-6c82-49f8-8519-dc78d2972cd3	10366
7d5e8e0b-8c81-472d-bef5-af7a95b50f74	10367
74b86100-7414-4b64-b386-a48270a9bb02	10368
9328a5f4-d710-488b-806b-68fb80d8c228	10369
d24f510f-7721-406e-916b-60f6d415a43a	10370
ce81bbd6-e039-46df-9eba-43a1a1298901	10371
ce3bc975-a76f-415b-a6cd-1e568c5714dd	10372
9bc2b431-b998-47e9-aea2-f6e08e75b920	10373
203783da-e3a5-450e-988d-704826ce3a82	10374
75411665-b22b-4692-b293-7ad6933869f5	10375
93c0acdc-4b9a-4a75-a1be-0742dcb008c8	10376
4069600e-55c1-46dd-814f-4166d5b5dbba	10377
3d360e03-8df7-4825-8363-e462c9e3bfd7	10378
642101be-1414-4ef1-bb15-fb94a858ec5e	10379
d77abf52-3385-40e1-8bfa-215010814e7a	10380
24a48aa8-c51d-48b0-9a6b-7e7f8e3bdea6	10381
baf6c035-1e22-4a4c-ad4b-ea294fd41a1b	10382
a5239c4f-0eb4-42d7-bf39-0fe186a7a81a	10383
2ea1f302-5273-4795-a310-66f367dfe545	10384
785c0e9c-89f6-4bf4-8296-443a46632d62	10385
e9461e3f-2d60-4d3f-9514-096536441a18	10386
88ae6d92-f03b-408e-a36e-88d87234dc79	10387
80038a3c-d174-4cd8-85d6-bd2599d078c5	10388
10522be6-0685-4b33-bfe0-28c5b656fe6d	10389
8a7cf497-dc5c-4523-932d-3fcbc9a69d38	10390
0618a7e5-dbb2-4622-9ecd-7910199e3194	10391
cf9e4560-c798-477e-8fe5-93423009b71b	10392
cdac8d31-3e08-44d7-9620-aa209ecf0c10	10393
77b6b083-d27d-4948-a389-3d5055daf5ae	10394
bc3b355c-c02d-4248-9c9d-b41fb8e0abcf	10395
50341127-f60e-4550-bccf-4b0ca1cc754f	10396
1c8d1d9c-6ff6-48d8-871d-5e48256cb1f7	10397
66971595-26d0-43ea-8d36-7961b1f26992	10398
05098f7c-b26b-4e03-8426-eb283964bfd9	10399
304a32fc-e3bb-4421-b35b-1ad6ad83d5e0	10400
e41aeab7-0371-4115-b83a-6500641221ba	10401
5611a8e8-1521-4919-a531-2689bbb57ce4	10402
ccfa0410-bd90-4fd1-ab85-8995a57e265b	10403
99b86721-0dc3-4af0-99b5-328960ac001d	10404
2a078e98-9360-48cd-b49c-6eac987b3d92	10405
0330a83d-f61e-4989-adb3-afce3943c3ba	10406
fae7b17e-03e9-44ea-9734-f4ed92246f9f	10407
63e95d40-d8af-410d-880a-21271470000a	10408
6966553e-ddb9-4b2f-a8fa-9c3c1d49f7ec	10409
18283e97-41ed-40fb-8458-574ae420e405	10410
b7eb7b38-7f51-45e9-b583-64303b24eabe	10411
31ee774b-6248-48d5-a8b5-0d9bebeaba9d	10412
eb7d1a31-d432-41a8-9682-9261b30f8beb	10413
ae58b0f3-cb41-4ec8-a201-a8f8f2f0e68f	10414
9ed78dcc-5ee4-4d4f-b5c5-6fc268b7e5d7	10415
a9bfea30-6c6b-418a-84d6-b92ce2d85b92	10416
66f89780-6c07-4c4b-8e4c-be4098090bf3	10417
39ba9424-6c00-4cd4-bc5f-0dced1d89627	10418
2cf7ba64-5f16-4382-be45-7f3ae2473e01	10419
b298ab55-7633-4015-a05c-0d333a8540e3	10420
1cf0b4ef-74e8-4fd6-b5ed-7c2124ffc4c6	10421
2f08a9ab-7b0f-4a8d-bb1b-6c7ed5593bf9	10422
8bc09ff5-3f2f-43b8-a388-0ccc17b33ae7	10423
3fb4bdba-9c07-4c87-b957-21ca7491732a	10424
57a3905f-9a3b-40fb-aa35-70cf174b69a1	10425
86f26c3e-c6ac-4829-ac22-f1a2133d4ffe	10426
0ee32ef3-30e1-41ae-bc27-4b56e88efa5d	10427
95810456-566a-4bd9-a67f-f77de775b55f	10428
a9d8482e-4d91-4521-9213-cf6dbc901aaf	10429
d1628e9f-4e45-494b-8c3f-d6d1210f4365	10430
7e14cf06-532b-4789-8c03-5aa13da4f6f3	10431
e786319e-c2df-4409-8e92-55fac38b5841	10432
32ce90ae-a757-4016-964c-1ecfc6c49279	10433
3aab9202-0373-438e-b03f-16a625bf7a98	10434
56e21084-625d-4d9f-ae5d-aad938cbc98d	10435
43b636c9-ba76-4a7e-bcd8-605656eadd82	10436
155e7cfa-694f-45ed-96bd-619debc24b98	10437
77b414f5-4dee-4673-8587-6d372c2c4b4c	10438
aafa70a4-2f06-4975-935e-b283fc87de7e	10439
e5d928e1-b020-4dd8-9497-7aaee1b337bd	10440
779a6b10-0eec-4bcc-8fb7-eb54e9888d23	10441
696989bc-c9a8-4ba8-a99b-b8015dba577f	10442
dceeb024-9254-42c0-9f27-e74d766872e3	10443
a8da1963-11f3-4b42-af24-1bccf7132082	10444
e31baede-2d5c-401d-aae6-4e7b8e4b2011	10445
8bfda02d-e182-44a0-b62c-572ed0cc2bc8	10446
83185ddf-b036-4255-bc1f-114f4746202a	10447
1761dd90-8afd-4e77-8fd8-3f6028f02cf8	10448
61cdf28b-d30f-42dc-8aa5-9203f47ad721	10449
399872f4-1ef1-4b53-8881-03faed07bf67	10450
4dfd0e42-47ef-4c22-8b0b-46758c4808c2	10451
944c3ef6-5259-4513-8c84-1f10d7bcdc12	10452
e064f6f6-76a8-4efe-a94b-09bec8942347	10453
25d9ce8e-72f7-4250-b992-f1fb8f29917f	10454
deaddf4e-1209-4d93-bb75-f53780d1c0c4	10455
3cccfcf3-9911-43b4-98b5-dc49d8e32371	10456
3b8018b4-09e8-477c-b223-4097bd0fcc39	10457
99614fa7-4747-43d1-a411-291cf92d7357	10458
5b67e977-4d74-44bd-9662-8d592977fe76	10459
ebeebe21-487e-4ade-b655-21d3c4ec6601	10460
31c21d4b-bbcd-459c-8c1e-e54c0cc0bc3d	10461
281e12a2-ad6e-46e8-b813-bdcbbea5e35e	10462
0627192d-4fed-4f4b-bad8-383bb42fa8fa	10463
e0cd33e5-f664-4a21-b7eb-f0b07dd2c1d0	10464
ede80a9f-f114-4041-b0d9-2584a0b30ec9	10465
bdba73f8-9b33-4ea9-9a97-9bfc1a8e8d57	10466
5af88bca-9c13-424a-b63c-b5c96c69cb0e	10467
597c3e34-16f7-4e9a-81da-d6bda8b4d740	10468
70ac2314-d7d8-4435-b56c-9bad9a516642	10469
bfb665cf-1701-4e26-8e46-551b9da1ee7d	10470
ed5cd4a2-0eb1-4e3b-a9b5-73547a6447da	10471
76fb1364-d689-4d54-8cd1-c13a3c658b10	10472
406fa1ec-0f9f-47ac-b2a3-52eccf987af6	10473
b8570b23-8936-4578-9f8a-612a8215aa2f	10474
54ec08b2-2fe9-4c8c-9fdf-ea77889a5328	10475
75393924-28bf-4f25-81bf-d674762a69d6	10476
845d5d10-b969-4043-a42b-72f6410db462	10477
ca89a1e5-8e3e-4de4-a946-0331dcbac12a	10478
9d123f67-4998-42ad-9e6c-35ad7dc97aa8	10479
2d970f40-cd00-44c1-9fc8-0721da8048e2	10480
19f00315-8c23-4d69-8f02-9cee1987b40b	10481
cbf70019-3df3-495b-a4b8-49f943b9e898	10482
b2cd8f3d-7049-4ebf-a5d6-52c08f6a59c0	10483
a41ba687-a775-4d65-80e8-2b47ff7f0100	10484
661e6c3a-09c5-49be-93fe-038f48bc0eda	10485
c3af32d2-025b-4478-9f26-8b242f4b21cc	10486
c46d3fa5-83a7-4a07-b2c4-428946bf84d9	10487
6533a1fb-97f2-433d-acf4-9f269572dd7c	10488
e7678d6e-8e51-4598-b932-de45c952b121	10489
e47ac267-428d-462a-ab9b-0545f744c603	10490
af84fdf4-22ac-4ce5-8ed0-6fad3b949172	10491
59f1e59e-4add-4b4b-bd6e-5397c1c91637	10492
33699834-b448-45dd-9d4a-8c979a9e5eb5	10493
1659a41f-27d3-4823-8a15-bf7cd295cf59	10494
3323f0ca-dd99-45a8-9696-971c4c27806a	10495
d1548f19-4d62-4ab0-b5ec-14554e1b6fb1	10496
3f6fb6f6-f129-4fe2-8e17-aceb8a85ebc2	10497
e4d389bb-fe8f-472d-8ffd-c2cb02a7b2b7	10498
e8575463-1ef4-4fc7-8d63-b8b12fe3c13b	10499
b5cdc196-c068-490d-afae-8a15ae6cae0d	10500
49e26070-0937-4178-a549-6bbe3c36f282	10501
06d3fe7f-b5c7-4af9-a96b-5a41675e29ce	10502
631e2d6a-16ac-4c49-89ac-987dc81e60e9	10503
93622908-0806-4173-94c1-9e42597af011	10504
fb1080d4-aaf7-430e-b588-6a6ce79e2eb3	10505
067bf834-c35f-414f-8389-a77558669cc1	10506
46541c29-e1d4-4015-91e8-6ca7b5e6fb9b	10507
e0734f97-1523-498d-8a04-8b99a1619105	10508
f5d729a4-66c0-4500-bd43-10de200372a3	10509
633ec771-1192-4a63-9e19-2ee6a29d1d22	10510
77fafce8-a32f-4d42-bdce-266bbf913cee	10511
bec5d16d-63f3-4bfe-92c6-1c4e3ac502ad	10512
0e9a0a9d-8d0e-4ea3-947e-a8f4a81cd904	10513
17b54461-a679-492a-8f53-9d3b75d92f8d	10514
5d6d7657-6f53-46b7-a32f-a68ffc5f222a	10515
bc833ecc-4aa3-4308-906a-b2b2ed44c262	10516
17fe4dd2-325d-435a-b1bc-de9ea9e858a4	10517
46a31d29-e073-44c8-b4de-54b31f37d0de	10518
ec4b6d29-527c-4cc0-89bb-8a4775f350d0	10519
be4f6406-88fb-4a8f-bea6-ba8a7cb7b2ac	10520
50e68a47-b6e4-4178-84d5-8955206a0b7f	10521
13804e64-201a-42f0-80b0-510c457c840b	10522
3797a6d0-7700-44bf-96fb-f44386bc9ab2	10523
f4f00a72-2662-4665-acaa-f5e23906d2f0	10524
432141f5-51b8-4efc-b997-af87509bec8e	10525
1d7da097-91e9-4bf2-bb54-c6e4bd43b95d	10526
2cdd9aa4-9b22-49e8-9966-1224475c9e4a	10527
b5473212-03b8-471a-8ccc-025fd114f543	10528
b2b3eed6-d9b2-4d1a-bf9b-0160e401720e	10529
e34e41f2-f480-45d3-8190-a3ce5ab34fab	10530
e11876ff-f373-41de-a7af-aeaf744c39db	10531
ce74cdc0-447a-4581-a70b-cf1a1d1c1994	10532
5af23567-e014-4ce9-90ff-06b8d3e8b887	10533
21762977-5d60-4fdb-a197-9347df3e6b17	10534
d9def9b7-72e1-48d8-b03c-d79a80b1c52f	10535
b858df4f-cc0c-4086-bf24-5362deafa6f0	10536
6a340e0b-5022-4a2b-bc7d-98f6aa07495f	10537
90280fe3-6853-4935-9d65-ead97b8ab138	10538
fdc1eb7c-3ad2-4c4a-abf7-81b42f56b989	10539
7550b236-f9c2-450c-81a6-fac63bf9d23e	10540
d48d56eb-ac96-4b36-8536-719dbfa3ff67	10541
c52efcf0-1867-4b18-ad21-b37a373c14c0	10542
ca8ac7f8-fc63-43a9-9761-46c253e66ac3	10543
8f54d90b-f322-4e5d-a0fd-bdc960f2d20f	10544
e2554b0a-c275-47af-988b-e30e2876ac9b	10545
68774331-2881-42b7-bed5-9f5e36104425	10546
d8b01cf8-a7ff-41fd-95cb-47b56c9c895f	10547
8ba17cf6-bec2-4ae4-9820-b1cda47adc08	10548
2c910d34-83ea-4553-89c7-c5275d255675	10549
2c386253-8a97-444b-9208-d783b134a42c	10550
34e6130c-361b-49c5-ad17-61d6104c8d3e	10551
b4ecaa77-0e4a-4a9b-90b0-f97fef300821	10552
7cc385f3-333c-48de-b341-3d728de74973	10553
44795277-c4ee-4a78-ae1e-d27fa62995f0	10554
0a362a52-39f1-42b2-bb17-1618c71d229f	10555
5ab6ca23-9e17-43f2-ad92-869d28bdbf11	10556
add6c422-362b-45ca-ac2c-b6b3f2ca53d3	10557
5e2e050f-7280-464e-b251-0a1272c43300	10558
0184c417-228d-4cd3-80ce-b44d5b9a3311	10559
dfe8c9e1-10c0-49ab-a07a-5b4c60179611	10560
bad5bc3a-a2e8-41d7-95aa-b5734784fbb1	10561
f6f3a309-9d14-4b7c-895a-166333c25f9c	10562
a609c941-1efc-49ef-8500-f4af6dd915aa	10563
4a94aa70-5408-4ab6-9aa6-1957a8404985	10564
430f3c84-b455-4340-8e8a-6a7197ad66cf	10565
a43270af-bc4a-4552-847e-617b11f38d7b	10566
75bd5186-9d89-4da9-95de-fce055c28895	10567
f4eb8346-052d-4a5c-8393-cba3aeadb4d9	10568
e4d37504-ac7b-4925-9f09-55b594b0b940	10569
b4e1a0b3-af92-4a4b-8f44-9633f59f7138	10570
602d267b-56ef-47f0-9852-1a3eef7c1fe7	10571
254b5419-1819-49c9-abcf-6e9b8210ebf4	10572
5b6993ef-14af-4374-aa91-d42622b133d1	10573
99f7e667-e494-4485-8458-db3b763151c8	10574
a4a68762-ad95-4e81-ab01-1ff70c27f41a	10575
db5af567-da1f-4111-8096-84e9cf8fb778	10576
0605bc31-a1e1-46c6-8430-1cab40c6cf5a	10577
999fa2c4-d978-4c7d-8201-c746cbd5b23b	10578
6655955b-1c1e-4bcb-84e4-81bcd9efab30	10579
63645239-112d-479e-b369-97087ed44989	10580
ce0630f0-3f89-49c1-b5f0-acd88dfc9353	10581
238f4edf-b8fd-4de6-9e07-9bea120a3db9	10582
9f8da921-5bea-450f-93ed-2d963c750195	10583
e88313e2-22f6-4f6d-9656-6d2ad20ea415	10584
e670db87-f910-4286-bfc6-d7ddd0b0bfbd	10585
0a389268-6fd8-4f8c-ab6e-0dba5ecec66b	10586
80ee581b-708e-494f-9741-fe72509dd255	10587
266f5184-d8ab-40c3-9af2-b0c615b37b53	10588
918befaf-17dd-4970-93da-e75e0dd41167	10589
d6285d95-8ee1-4de2-8ceb-ff90098ab1d1	10590
cdf49cac-4cb6-4817-a6fd-ee31932b26a6	10591
22fb55ab-41ca-4fed-bffd-9e85c772486b	10592
7663cfca-7ea3-441b-8ff5-c7dd49df80f4	10593
58676774-3cb3-469a-a8a1-297af311a3ca	10594
9cd39202-6c67-400a-b96e-df351c9f9484	10595
6c99fe32-1a8e-4e13-8f4c-b143bd26b98e	10596
c7d35b71-961e-4713-b65d-35a98591204a	10597
ac482caf-28e1-464b-b64f-14c8653ae6c1	10598
7c61d54d-90fd-42e2-929a-9398a2a24269	10599
6f8d9d66-24a0-4faf-97c7-81cd22cb1c7e	10600
9ba882a0-c40f-4ce7-bf08-3b7b41eb4197	10601
6f2000e5-bb98-45b9-9163-42daab65f607	10602
006c759f-223f-40d0-aa1b-75d8b719d195	10603
1b5e21b5-8629-426f-ae94-50c350247327	10604
97992045-1d3f-469d-91ce-27afd0bd216b	10605
2fb3d95a-3a38-47bf-bb9a-0592e28a75d8	10606
83e1c010-0588-4abe-b27c-5596c12b25c9	10607
b5536488-a4da-4e87-9779-d5351c00729d	10608
d2eba907-21a2-4240-8667-1da3a1fe63d0	10609
18b2f43a-fc98-4aab-b69c-eaaba41fecbc	10610
394492c0-cecf-40a8-b676-0e5706317fab	10611
cc1f4763-a306-4ae7-8ba7-331872199f9e	10612
8fdccd14-096f-4a74-8316-100d77412957	10613
72cfa726-10e1-4a9a-aec9-435bb4160096	10614
1b06328e-0e57-4ad7-a2a0-d7bbb76733fa	10615
ddf15f3a-df92-4712-a874-c91719e1fac2	10616
dc340029-a165-4139-a80e-e1cae33b37b9	10617
c40fa847-7501-4eee-9a20-12d5d1c5c0db	10618
a3bd2e9e-3839-48bc-abfa-6b6ad2bdcb8e	10619
46ac828f-1765-445d-bb91-a10fd7291dd7	10620
2af8def8-db31-4998-8bd9-18fdd76db088	10621
c109b8ee-38a9-4a93-841d-2d92508f73e0	10622
f94b634d-678f-4eb5-a31e-1d1fe7d72fe0	10623
76422b1f-497e-4929-b307-a215bc49ebf1	10624
dc66a96e-0b02-4ae2-a03c-f883e46c2958	10625
543fa67c-2f0e-4df5-864b-3d126ab696b7	10626
fecd5da2-d4b1-4458-8626-dd0eb1f5cdf1	10627
cecac8ac-050a-41a9-86ac-5dbf5dd6c707	10628
e7e88ab3-5818-49c3-a8d6-61018237ddbd	10629
74251656-ec30-4052-9386-b00b5be1b74c	10630
b29c6896-8c6b-4ef5-9f33-57ba1131faac	10631
59bb7f64-6be8-4b36-9dfd-eb3358057fdf	10632
0923598e-2b97-4527-b984-5feed94c168d	10633
f47e4a14-b2b8-439c-948a-a2022ed1ea03	10634
251ba523-9a3e-4943-8443-f1d1051c8f3b	10635
85e45b31-ec89-4afc-8b21-2aaa82594478	10636
b429aad8-ffb4-4c9f-b25e-27e4c4a4f392	10637
269fb69d-5bc3-4b3b-b839-b6c5e9acca26	10638
423d647e-9a8b-403e-883b-81f6e84b7095	10639
f703c9f5-764a-49c4-ab9d-c551f444c11a	10640
16d4c7d3-23ae-4cd9-9518-f5858c0d1afa	10641
f444dc7d-59c1-4ed6-beb7-f90b6d85366c	10642
84ffcb13-9c9b-4921-b1e4-c771f9f86cdf	10643
8df4098f-2386-4133-be1a-6c1163bdd10e	10644
87b2d2a1-dc7b-4a93-971a-fb8af6b9abba	10645
db008806-16f6-48fc-8521-3d953709689d	10646
3d693ab2-7c33-4b69-87bc-c105b5bbf547	10647
582a0d2d-068b-4122-9a92-0e835ae02169	10648
e18709d6-dcd1-4db2-9c4c-0d8d1d431ab6	10649
fbd559da-bb8b-4257-8410-e516f68a1e0a	10650
c2249c10-1485-4114-a840-da1dfd4a90f1	10651
e5180390-dacf-49fb-a4ad-68af9ca7bb13	10652
6b367276-e4dc-4a0e-b10e-2eb933d16ff0	10653
d5480c73-1990-4cc5-9b06-a3bc0482e9de	10654
a4d938f1-2315-4745-8775-24e91a719d78	10655
1aa7dcb0-9c9b-4609-a7a5-bdeee26e39e8	10656
9aabf36b-a142-42ee-aae2-c921d917965c	10657
c62d7b3f-74a7-407b-88da-8738ad2648c8	10658
452b56d2-c904-4030-ad12-6d4fbd498e1f	10659
1cc5e789-3486-4a1b-8a38-fa2b59f4634e	10660
c255c4a3-c6c9-4e8b-96e4-274d7add9d08	10661
dd3207fe-f35a-4ca9-9895-cc3ae52a019c	10662
6448f68d-85fd-401d-bfa3-3d85a7b64452	10663
