0061092819	0
0375727345	1
0375751513	2
037582345X	3
0380789019	4
0380789035	5
0380810492	6
0380817845	7
0380973650	8
0380977788	9
0618002235	10
0618002243	11
0671015311	12
0671021001	13
0671525743	14
0671527215	15
0671786113	16
0451523415	17
0451524934	18
0451526279	19
038533348X	20
038542017X	21
0399146431	22
0399501487	23
0066238501	24
0425092917	25
0425145638	26
0312890044	27
0316569321	28
0316769487	29
0316776963	30
0340718153	31
0441008615	32
0441172695	33
0441569595	34
0446350109	35
0446354678	36
0446356832	37
0446364762	38
0446527785	39
0446605239	40
0448060043	41
0515130923	42
051513287X	43
0553250426	44
0553250531	45
0553265741	46
0553273604	47
051512317X	48
051510521X	49
0684833395	50
0679879250	51
0679879242	52
067976402X	53
0618002227	54
0618002219	55
0590440675	56
0590353403	57
0571197639	58
0553571591	59
0553560468	60
0553293761	61
0553280589	62
0553280325	63
0679751343	64
0679735909	65
1551667894	66
0965834581	67
0812516214	68
080410753X	69
0804106304	70
1573226882	71
1563898586	72
1551667959	73
0743225406	74
0684874350	75
0684872153	76
0373218400	77
0373226063	78
0373226071	79
0373226144	80
0373834543	81
0375503269	82
014028009X	83
0140298479	84
0140620664	85
014100018X	86
0141301066	87
0141301104	88
0142001740	89
014230218X	90
0312156960	91
0312305060	92
0312868332	93
006000438X	94
0061020710	95
0413537900	96
0375724370	97
0060976845	98
0440234743	99
0440224675	100
0553569058	101
0452279690	102
1878424319	103
1573225126	104
0449213773	105
0449002632	106
0805063897	107
0553802488	108
0345424719	109
014023828X	110
0425156842	111
0440226104	112
0452277337	113
0385496095	114
0140179836	115
0312976275	116
0060987103	117
0515131679	118
1558743669	119
068484267X	120
0440241006	121
0316789089	122
0316779423	123
0316603287	124
0060191929	125
0151001006	126
0316693200	127
0316779490	128
0451197275	129
0553109839	130
0670892963	131
0671042556	132
0316693006	133
0316666343	134
0679442790	135
0679450440	136
067972768X	137
0679732241	138
0679746048	139
0684864320	140
0684864843	141
0684867818	142
0609605925	143
0670031046	144
0385505833	145
039304016X	146
0446523569	147
0446520802	148
0684868911	149
0684874318	150
0374172897	151
0345452550	152
0345339711	153
0316969443	154
0385504209	155
0385420161	156
0446300101	157
0345403339	158
0345370740	159
0451181379	160
0060934719	161
0440117291	162
0451204050	163
0515122408	164
0671742566	165
044661162X	166
0440225701	167
0345404777	168
0515134368	169
0440224829	170
0312971346	171
0345384350	172
0380817144	173
0425124347	174
0425147517	175
0425155404	176
0380723638	177
0515118656	178
068983571X	179
0373196741	180
0553561618	181
0553581279	182
0765341972	183
0553268449	184
0553273914	185
0671003755	186
0671789422	187
0679732764	188
0684801469	189
0805019367	190
0316777730	191
0345418018	192
0375501851	193
038001503X	194
0394800133	195
039592720X	196
0440215625	197
0452282152	198
0156027321	199
0312195516	200
0515135062	201
0553205587	202
0517580497	203
0517556278	204
0515130389	205
051512768X	206
0449212602	207
0446611867	208
0446610399	209
0446606812	210
0373484224	211
0020418809	212
0312274920	213
0345416260	214
0312950586	215
0312421001	216
0312169787	217
0064401847	218
0070212570	219
0060915544	220
0060502258	221
0425179672	222
0425195899	223
0440215234	224
0440221595	225
044022425X	226
0440226430	227
0440235162	228
0440514428	229
0380018179	230
0380599236	231
0385315279	232
0385491085	233
0385492081	234
068416325X	235
0375707972	236
0373484410	237
0349101779	238
0140304770	239
000649840X	240
0099771519	241
0192860925	242
0451197003	243
0380817705	244
0671868691	245
067168390X	246
1573225789	247
0894803700	248
0679741011	249
0836217632	250
0553268945	251
0553296981	252
0590457225	253
0671461494	254
0671617028	255
0345313097	256
0345368940	257
0380754843	258
0385314744	259
0439404371	260
0440211727	261
0440224624	262
0451169530	263
055321313X	264
0060928336	265
0060562080	266
0552998001	267
0552996009	268
0394404289	269
0380012863	270
0345361792	271
0330267388	272
0590660543	273
0743225082	274
0385480016	275
0451202341	276
038533334X	277
0451187903	278
0449907481	279
0449149676	280
0451191153	281
0385490445	282
0385491050	283
0394758285	284
0440214424	285
0446605891	286
0671004565	287
0553213504	288
0380725398	289
0375703055	290
0061093092	291
0061098361	292
0312243022	293
0156006529	294
0449006344	295
0345316770	296
0345370805	297
0375700757	298
0060934417	299
0142004030	300
0345339703	301
0060929596	302
0345436911	303
0373834985	304
038533656X	305
0452284481	306
038039586X	307
0425157539	308
0684856603	309
0743206029	310
0671042262	311
0553585681	312
0684835975	313
0684835983	314
0425163385	315
0743444051	316
0345338545	317
0345380371	318
0345370775	319
0671024108	320
0553265520	321
0553258524	322
0515127221	323
0517149257	324
0971880107	325
155874262X	326
0887307884	327
0812590236	328
0671024248	329
0671028383	330
0743222008	331
0688177859	332
0684855631	333
0684848783	334
0684193957	335
0671537458	336
0060922532	337
0060977477	338
0345387651	339
034540288X	340
0345378490	341
074345300X	342
0743437810	343
0385240406	344
0375505547	345
038548951X	346
0399133143	347
0425133516	348
0425161242	349
0375400117	350
1573221775	351
0425169863	352
0380728249	353
0345425707	354
0765342294	355
0385491328	356
0786808772	357
0451821971	358
0425167313	359
0553131893	360
0670894494	361
0060972459	362
0060512806	363
0609806505	364
0553380958	365
0679743464	366
0812505166	367
0393312801	368
0156838389	369
0060975547	370
0345384466	371
0345416880	372
0380752298	373
0375725784	374
0385483503	375
0515101222	376
0515107662	377
0515118230	378
0517077744	379
0553107232	380
0553285947	381
0553562746	382
0061095869	383
0312983824	384
0316089699	385
0345447840	386
0345447867	387
1551665794	388
0743230051	389
0849938635	390
0743412621	391
1551664348	392
1551669404	393
0446603082	394
0446529788	395
0380806304	396
0553574078	397
038075620X	398
0380775840	399
0061042005	400
0425181111	401
0425060772	402
0380820056	403
0440168724	404
0446357405	405
0446364312	406
0446527130	407
0553580272	408
0671758896	409
0812550307	410
0812550706	411
0671027387	412
0553580302	413
0099244926	414
0061030651	415
0812513738	416
0441102670	417
0345347536	418
0441104029	419
0345353145	420
0345348109	421
0345342968	422
0345422384	423
0345443683	424
0345422392	425
0345378482	426
0451177096	427
0345409663	428
0385720920	429
068815252X	430
0439139597	431
0345409469	432
074343627X	433
0743455967	434
0767902513	435
0743457358	436
078686351X	437
0525947647	438
0345339738	439
0553211684	440
0679430946	441
0465014909	442
0446391581	443
044022330X	444
0671041789	445
0679756450	446
0743211375	447
020530902X	448
0060812494	449
0060392452	450
0380713810	451
0671511424	452
0425133540	453
0743469801	454
0671722816	455
0425173755	456
0425194493	457
0413588106	458
0425147231	459
0425157164	460
0061015725	461
0553279912	462
055356160X	463
0553348973	464
0316154067	465
0340792655	466
0553579754	467
0312958455	468
0765342987	469
0886775639	470
0886775876	471
0886775167	472
0886777208	473
0920668372	474
156402976X	475
0812532597	476
0812532619	477
0812532635	478
0886776120	479
0886776619	480
0812533550	481
0812533313	482
0836218256	483
0812575717	484
0836220889	485
0836221362	486
0886773520	487
0836204387	488
0886773776	489
0886773784	490
0886774012	491
0886774004	492
0886774144	493
0886774268	494
0886774543	495
0836218787	496
0886774632	497
0060248025	498
0140386645	499
0060256737	500
0345337662	501
0345351525	502
0385265700	503
0142000663	504
0385297661	505
0399523308	506
0439136350	507
0439064864	508
043935806X	509
0451456718	510
0451456726	511
0451456734	512
0553379534	513
0553288202	514
0440213525	515
044022165X	516
0440221471	517
0380898179	518
0380470845	519
0380715309	520
0380720191	521
0786889047	522
0671034022	523
0515131091	524
0440162041	525
055357549X	526
055329461X	527
0312263120	528
0804108447	529
0553373803	530
0886777844	531
0425158616	532
0425172546	533
0425177351	534
0425182908	535
0061099155	536
006109918X	537
0061030643	538
0380002930	539
0380542625	540
0345308980	541
0345366239	542
0345368959	543
0345370732	544
0345379144	545
0345382447	546
0425119653	547
0425155943	548
0345391055	549
0345404793	550
0312989385	551
0345272463	552
0451203267	553
0446364622	554
0399146725	555
0345419995	556
0345423615	557
0380724987	558
038072880X	559
0385510438	560
0345413881	561
0446607657	562
0446609323	563
0446609404	564
0446612790	565
0446794031	566
0449209695	567
0446605484	568
0449227421	569
0312970617	570
0061099643	571
0425062856	572
0553576801	573
0553576623	574
0553575538	575
0553574582	576
0553290797	577
0671468200	578
0345296044	579
0345285980	580
0451207505	581
0451205073	582
0451204891	583
0345384911	584
034538475X	585
0345303067	586
0345296052	587
0451184963	588
0451167317	589
0451161343	590
0451153553	591
0671625810	592
0671632663	593
0671660632	594
0440145465	595
0440204925	596
0440220793	597
0449206181	598
0440236673	599
0440241537	600
0441003389	601
0441003435	602
0441735762	603
0446346829	604
0446349461	605
0812502124	606
0812511816	607
0812513711	608
0812516001	609
0553582526	610
0553583441	611
0553584510	612
0553585118	613
0671001132	614
0671016768	615
0671442686	616
0425115801	617
0440206707	618
0312993560	619
0425092178	620
0020532105	621
0553582763	622
0553210092	623
0778320227	624
0553582747	625
034539657X	626
0380400480	627
0020442602	628
0060173289	629
0553278223	630
0679722319	631
0399141146	632
0449912558	633
0452260116	634
0679745580	635
0679733760	636
0451191145	637
0345350499	638
0440403278	639
0842314296	640
0375705856	641
0671027360	642
0553263218	643
0446516538	644
0553277537	645
0449702766	646
0786881852	647
0671034251	648
0446603309	649
0451119932	650
0553277472	651
0553801309	652
0451160312	653
0440131480	654
0425136191	655
0385337116	656
0380726262	657
037570387X	658
037570504X	659
0345413873	660
0345334302	661
0061099694	662
0140071083	663
0064410129	664
0064408663	665
006109398X	666
0064408655	667
0786867647	668
0767902521	669
0745926290	670
0743412028	671
0689817215	672
0684801221	673
0440225825	674
0440237688	675
044048474X	676
0440211263	677
014027684X	678
0140094385	679
0064471098	680
0140348107	681
014034294X	682
0140309578	683
0140279288	684
0064401324	685
0060975849	686
0060958022	687
0440498058	688
0440942500	689
0446310786	690
0679751602	691
0446607339	692
0345319672	693
0590897985	694
0590298356	695
0590213040	696
0553573616	697
0515117234	698
0451410025	699
0380710722	700
0141301058	701
0140430113	702
0671510053	703
0670030643	704
0590997297	705
0440207622	706
0375410546	707
0374332657	708
0374109990	709
0345391802	710
0345384369	711
0440204194	712
0440147956	713
0425178102	714
0385508417	715
0385486804	716
0380726815	717
0440214041	718
0440213290	719
0440213029	720
0440223016	721
0451183665	722
0842321942	723
0449005615	724
0449215296	725
0449219372	726
0451152190	727
0316143464	728
0553583867	729
1558746161	730
0440236789	731
0020518501	732
0553584014	733
0439139600	734
0439064872	735
0425190641	736
0380018446	737
0345350685	738
0345384687	739
051513628X	740
0515134384	741
0515128554	742
0446611239	743
0449204553	744
059035342X	745
0439136369	746
0671695126	747
1401301061	748
044021145X	749
044652087X	750
0440183057	751
0425193896	752
0425187144	753
006099486X	754
0385491077	755
0385423977	756
0375708111	757
081297106X	758
0060981180	759
0684841347	760
0671769200	761
0671250671	762
0684810387	763
0679755330	764
0553578901	765
0553285343	766
0525945210	767
0821221817	768
0553238000	769
0670855030	770
0425171493	771
0425175111	772
042518045X	773
0345382846	774
0380725584	775
0345413903	776
0312977360	777
038000772X	778
0842342702	779
0553213148	780
0451188462	781
0449219410	782
0446359866	783
0064407667	784
0671733354	785
067975833X	786
0786889624	787
0821767747	788
1573229326	789
0553569791	790
0671723650	791
0394580567	792
0446343455	793
044661193X	794
0440998050	795
0142001805	796
0425134350	797
0345347951	798
044023722X	799
0553571656	800
0671004107	801
0449219631	802
0671721100	803
0671700103	804
067150987X	805
0451209710	806
0515090174	807
067170561X	808
0446356018	809
0445406488	810
0345285549	811
0345257189	812
0345257170	813
0440219078	814
0553148001	815
0451205421	816
0451160533	817
0671720414	818
0399143165	819
0671867172	820
067102535X	821
0446613436	822
0061030635	823
0553576011	824
0345413350	825
0441007023	826
0345441435	827
0441068804	828
0836220676	829
0425132153	830
0689710879	831
0613329740	832
0689710887	833
0345320115	834
0613325419	835
0553262505	836
0786865504	837
0804111154	838
089480829X	839
0609807919	840
0060973323	841
0060926201	842
0060652934	843
0786866586	844
0804111898	845
0767913000	846
0060392827	847
0060191058	848
0060176156	849
0060175400	850
0060097469	851
1565122968	852
1565121570	853
1565075722	854
1563051818	855
1558748008	856
0671027344	857
0679454446	858
0679426159	859
067187098X	860
0671794507	861
0684856220	862
0684855380	863
0684849690	864
0684849046	865
1551668157	866
155166576X	867
1400032644	868
1558747699	869
0679770151	870
0679764925	871
0679732187	872
1551668394	873
0842321934	874
081296683X	875
0812507436	876
080411868X	877
006447187X	878
0141001771	879
0140440224	880
0140293248	881
0893753688	882
084234327X	883
0842343253	884
0842329242	885
0671742760	886
0671741209	887
0671673688	888
0671527886	889
0142000345	890
0064407055	891
0064405176	892
0894805770	893
0894803123	894
0894800159	895
0345433319	896
0345417623	897
014027927X	898
1558747109	899
0786869054	900
0684835819	901
0684834731	902
0679886370	903
0679772677	904
0765108674	905
0061093890	906
006098824X	907
0060987529	908
0140282033	909
1573229385	910
0140242058	911
0140189645	912
0312288115	913
0312278586	914
0312270801	915
0312187106	916
0671526723	917
0671521101	918
0671027646	919
0064472264	920
042517736X	921
0590439448	922
0590226517	923
0553280511	924
0684862719	925
0688173896	926
0743205049	927
0743418174	928
0743463544	929
0743464672	930
0425178234	931
059045899X	932
0553251473	933
0553256696	934
0553265962	935
0553272586	936
0515131229	937
0515127485	938
0515113719	939
0440222826	940
0670894699	941
0609807900	942
060980619X	943
0609610031	944
0590947168	945
0590502077	946
0590483544	947
0590460560	948
0671015648	949
0671002031	950
0671000314	951
0440206154	952
0670892084	953
0670880728	954
0618231617	955
0451207246	956
0451204123	957
0446678457	958
0517122707	959
0452283027	960
0763616052	961
0553213873	962
0767907817	963
0943233437	964
0929634063	965
155874424X	966
080410526X	967
0802137008	968
0786885688	969
0786884207	970
0786883375	971
0786883367	972
0842329218	973
0943233828	974
0767906543	975
0767905199	976
0767905180	977
0804108293	978
1558747028	979
1558746587	980
1558746463	981
1558746099	982
1558745017	983
1558744630	984
1558744606	985
1576730360	986
0440124344	987
0439510112	988
0452282934	989
0452282268	990
0452282128	991
0452281784	992
0553213164	993
0553213156	994
0553211404	995
0553582933	996
1580082319	997
0060976497	998
1575665379	999
1558744150	1000
1558744029	1001
1558743790	1002
1558743316	1003
1551669307	1004
1551668998	1005
1558747060	1006
0425105334	1007
037325041X	1008
0373250339	1009
0373250282	1010
0425167720	1011
0446394521	1012
0446353205	1013
0440509238	1014
0440409411	1015
0425113884	1016
0425109240	1017
0446602736	1018
0399145362	1019
0375506187	1020
0373483880	1021
0373250533	1022
0373250487	1023
0385424728	1024
038542471X	1025
0385421982	1026
0380814021	1027
0380726254	1028
0345409671	1029
0345404114	1030
0380701340	1031
0380690543	1032
037582233X	1033
0375760628	1034
0380817683	1035
0380805421	1036
0380796104	1037
044022313X	1038
0446605581	1039
0446605336	1040
0385319851	1041
0449005577	1042
0452281679	1043
0452274427	1044
0452268060	1045
0452266637	1046
0446675059	1047
0446672211	1048
0446608653	1049
0446607274	1050
0385323638	1051
0380820447	1052
0385319037	1053
0385312431	1054
0553272837	1055
0812544420	1056
0743483014	1057
0743439740	1058
0553263226	1059
0440224578	1060
0440235596	1061
0684865742	1062
0553260111	1063
0515122734	1064
0451198506	1065
0671025708	1066
0451160916	1067
0671523074	1068
0440209412	1069
0440200989	1070
0671027581	1071
0671528203	1072
0671568175	1073
0671644475	1074
0671705091	1075
0671793551	1076
0061010995	1077
0140014845	1078
1885983212	1079
0671004573	1080
0373242328	1081
0373079613	1082
0312983387	1083
0671864173	1084
0553294091	1085
0553563343	1086
0553575007	1087
0553581147	1088
0425178951	1089
0440236703	1090
0380712040	1091
0380804697	1092
0425195449	1093
0061013420	1094
0761107363	1095
0452264464	1096
0385313632	1097
0385314698	1098
039914613X	1099
0399149155	1100
0440479002	1101
0743411439	1102
0767900383	1103
0786866276	1104
0671026011	1105
0671016784	1106
0671014919	1107
0425178765	1108
0061099368	1109
0061099805	1110
0141312424	1111
0439050006	1112
0684867621	1113
039914465X	1114
0345339681	1115
0440439884	1116
059030271X	1117
044651652X	1118
0064400581	1119
1841952974	1120
0439049989	1121
0399145702	1122
0842329277	1123
0842329250	1124
0312978332	1125
0345294459	1126
0446609781	1127
0671524968	1128
0345423402	1129
0345423429	1130
034544356X	1131
0061091944	1132
0140132708	1133
014029628X	1134
0385482388	1135
0394820371	1136
042518627X	1137
0345371984	1138
0553573314	1139
0441004326	1140
0441005195	1141
0553285653	1142
0553573985	1143
0756401364	1144
0765345048	1145
0804114986	1146
038081658X	1147
0312979584	1148
0886779758	1149
193156146X	1150
0688177751	1151
1570613818	1152
1551668920	1153
1400060052	1154
0385508042	1155
0385494149	1156
0373711646	1157
0375412824	1158
0440202493	1159
0446679364	1160
0451410157	1161
044990928X	1162
0312199430	1163
0380732181	1164
0679722645	1165
1573226521	1166
0679756973	1167
1573228214	1168
0671027638	1169
0060175966	1170
0060256672	1171
0452280621	1172
0452264790	1173
0449002985	1174
0449911004	1175
0345423097	1176
0345423291	1177
0345433491	1178
0156907399	1179
0312150601	1180
0312291639	1181
0375411550	1182
0375412557	1183
0375500510	1184
0375502238	1185
0316789844	1186
0316899984	1187
0345389247	1188
0786884622	1189
0802139256	1190
0380005239	1191
0060929871	1192
0060930187	1193
006093090X	1194
0316096199	1195
0316182540	1196
0316284955	1197
0446533041	1198
0446677450	1199
0375506039	1200
0375503315	1201
0375706062	1202
006059537X	1203
0375701966	1204
0060517794	1205
0060964049	1206
0061054437	1207
0064401774	1208
0140042598	1209
0385319207	1210
0385318782	1211
0446532444	1212
0425176487	1213
0380730138	1214
0380729768	1215
038072975X	1216
0380723085	1217
0395859972	1218
0394561619	1219
0385509529	1220
0385502532	1221
0786869011	1222
0786868716	1223
0380820145	1224
0380732238	1225
0380732149	1226
0375406530	1227
0374129983	1228
0345443284	1229
034543739X	1230
0399145079	1231
0452282829	1232
0399142789	1233
1400032806	1234
068480087X	1235
0345297709	1236
0345305183	1237
0345313151	1238
0451132343	1239
0061032425	1240
0451186362	1241
0385333498	1242
0767905385	1243
0451156609	1244
0451176464	1245
0061006629	1246
0345314255	1247
0553563696	1248
0553286390	1249
0679741836	1250
0812968379	1251
0515095826	1252
0679442405	1253
0226500578	1254
0440136482	1255
0380727501	1256
0316601950	1257
0449217264	1258
0836221192	1259
0375507523	1260
0446532231	1261
0446604275	1262
0446608262	1263
0156997789	1264
0385484518	1265
0345459202	1266
0451149513	1267
0451099648	1268
0316780375	1269
0380816555	1270
0399147772	1271
0399141308	1272
0449005844	1273
0440211352	1274
037329056X	1275
0446602558	1276
0446364150	1277
0553289993	1278
0446360708	1279
0446360732	1280
0446360511	1281
0446356859	1282
0373030932	1283
0446356875	1284
055329783X	1285
0553567683	1286
0446603090	1287
0446600342	1288
0446364290	1289
0140061401	1290
0743470389	1291
0553250256	1292
0553800914	1293
0679721037	1294
0140374248	1295
0140177396	1296
0553213342	1297
0802132952	1298
0385336179	1299
0425154882	1300
0440241812	1301
0060199652	1302
0345404475	1303
038070613X	1304
0812566629	1305
0380708892	1306
0441627404	1307
0385494785	1308
006101351X	1309
0684848066	1310
0060930535	1311
031242227X	1312
0399149422	1313
0440225922	1314
034530988X	1315
042513525X	1316
0590298364	1317
0380016699	1318
0812534077	1319
0671721135	1320
0099993805	1321
0821766929	1322
0425185710	1323
0345313860	1324
0743400526	1325
0446612545	1326
0446608955	1327
0671729462	1328
0380817446	1329
0380709538	1330
0671867113	1331
0671004549	1332
031298328X	1333
0380896389	1334
0375504613	1335
0312966091	1336
0778320294	1337
0312990456	1338
0451205561	1339
0805063889	1340
0553107380	1341
0345389964	1342
0399144315	1343
0670813648	1344
0553299611	1345
0778320324	1346
0671001795	1347
0375406182	1348
0312306326	1349
0679751521	1350
0312983867	1351
1551667371	1352
0786883219	1353
1551669498	1354
0446611808	1355
0425178579	1356
0446610852	1357
0373218192	1358
0345272579	1359
0451188616	1360
050552208X	1361
0425154092	1362
0399149325	1363
0380820846	1364
0446600709	1365
0446364193	1366
0380718332	1367
0380718340	1368
0373484429	1369
0553802496	1370
1400041414	1371
0399149821	1372
0345453417	1373
0385511612	1374
0345458915	1375
0553802526	1376
0446531421	1377
0399148760	1378
0399150854	1379
0875421849	1380
0684869233	1381
0875421180	1382
0312144075	1383
0156007479	1384
0061031844	1385
0446607711	1386
0553106643	1387
0451210840	1388
0451208765	1389
0451206525	1390
0449223795	1391
0553579908	1392
0679433023	1393
0880389052	1394
1560760478	1395
0880389206	1396
0425152251	1397
0441007813	1398
0451191137	1399
0452281423	1400
0452281431	1401
0821768093	1402
0786808012	1403
0679785892	1404
0679763309	1405
0679736395	1406
0060987324	1407
0441005748	1408
0821771116	1409
1551668483	1410
1551668637	1411
1551668653	1412
0918949165	1413
0894803204	1414
087542791X	1415
1580050158	1416
0874776945	1417
0671742493	1418
0553212451	1419
0525934960	1420
0515093556	1421
0679454470	1422
0679720200	1423
0061014788	1424
0312966970	1425
0312979886	1426
0312980159	1427
0345301110	1428
0345334531	1429
0440108268	1430
0425181685	1431
0425183971	1432
0425181464	1433
0440236665	1434
0553573136	1435
0449215024	1436
0446602612	1437
0609603086	1438
0451191013	1439
0374281947	1440
0812551486	1441
0812551478	1442
0451188454	1443
0345386744	1444
0886776554	1445
0671042858	1446
0671637185	1447
0671745530	1448
0743235150	1449
0061007153	1450
0316153915	1451
0553279556	1452
0553564943	1453
0553284789	1454
0553282816	1455
081257639X	1456
0553273299	1457
0440236169	1458
0425189031	1459
0425176088	1460
0553573403	1461
055356451X	1462
0451194861	1463
0451166582	1464
015602943X	1465
006109868X	1466
0061097101	1467
0061009059	1468
0425184498	1469
0060520507	1470
0060740450	1471
0060921145	1472
0385512104	1473
038550926X	1474
0062502182	1475
0061091790	1476
0385503857	1477
0345435168	1478
0345439104	1479
0345445856	1480
0385720955	1481
0385729340	1482
0385730586	1483
042513699X	1484
0425175405	1485
0385425473	1486
0385491107	1487
0385498802	1488
0375726403	1489
0743437640	1490
0316769495	1491
0316777722	1492
0316781266	1493
037570485X	1494
0330262130	1495
0340682272	1496
0767915593	1497
0767915062	1498
0670033332	1499
0804111359	1500
0385334923	1501
0385319002	1502
0860681297	1503
0786817089	1504
0743437136	1505
0060085444	1506
0345427637	1507
0679723161	1508
0671742515	1509
0553380095	1510
0802130208	1511
067976397X	1512
0553211803	1513
055321263X	1514
0446357200	1515
0553213105	1516
0156006391	1517
0156005204	1518
0804115613	1519
0156007754	1520
0679777547	1521
0679777431	1522
0156010593	1523
0553580256	1524
0553577565	1525
0553574671	1526
0609608444	1527
0553574639	1528
0553574086	1529
0590819755	1530
0590629786	1531
0679833692	1532
0679781277	1533
0679769781	1534
0590010891	1535
0679751319	1536
0553578308	1537
0553580078	1538
067973743X	1539
0679731148	1540
0679729798	1541
0553574663	1542
0064402053	1543
0064400565	1544
0375413634	1545
0345392825	1546
0345391810	1547
0060924926	1548
014017737X	1549
0061097667	1550
0061096105	1551
0061032077	1552
0066209773	1553
0064473627	1554
0060188731	1555
0060083948	1556
0060008776	1557
0060005424	1558
0609601032	1559
0590981811	1560
0156028778	1561
0312954468	1562
0553586122	1563
0553580930	1564
0670825379	1565
0670031208	1566
0156787334	1567
0380715899	1568
0380714752	1569
0380804557	1570
0142000221	1571
0140345353	1572
0140282777	1573
0140274782	1574
0140265686	1575
0140254544	1576
0140244824	1577
0380717018	1578
0156628708	1579
0374529035	1580
0374270325	1581
0374184232	1582
0151006040	1583
0373250290	1584
0373250185	1585
0140328696	1586
0345433017	1587
034542705X	1588
0140257934	1589
0064471837	1590
0060973897	1591
0060973277	1592
0064403319	1593
0060938455	1594
006440031X	1595
0064400018	1596
0312983271	1597
0312980140	1598
0140177388	1599
0312952716	1600
0060977744	1601
0312283709	1602
0060964065	1603
0312050631	1604
0385336780	1605
0380818973	1606
0743466527	1607
0812550757	1608
0688156142	1609
0688149790	1610
0786868015	1611
080411935X	1612
0786817070	1613
1400045088	1614
1400034779	1615
0761121323	1616
0836218817	1617
0786885416	1618
0743211227	1619
0886774616	1620
0684867672	1621
0684863871	1622
0684859777	1623
0786862343	1624
1551667215	1625
0836218353	1626
0836220730	1627
157322202X	1628
1573221937	1629
1844261085	1630
1573222453	1631
1558538445	1632
1558531025	1633
1573229628	1634
1573229571	1635
0807083054	1636
0884046818	1637
0836220986	1638
082177512X	1639
1555910807	1640
1551668459	1641
0836218655	1642
0812589041	1643
0812570944	1644
1400031354	1645
0811801802	1646
0805061835	1647
0805002545	1648
0684853523	1649
067944999X	1650
0786814934	1651
0767903382	1652
0804105820	1653
0671625837	1654
0786869216	1655
0020446500	1656
0020442408	1657
0679448594	1658
0679444815	1659
0679412956	1660
0064407675	1661
0064405052	1662
0140067477	1663
0140055770	1664
0140049975	1665
0060177888	1666
0060171928	1667
1400032717	1668
140003180X	1669
1400031362	1670
0743225325	1671
0743224574	1672
0671521500	1673
0679721886	1674
0679457313	1675
0679454489	1676
0060932759	1677
0060931221	1678
0609610597	1679
080411109X	1680
0671894455	1681
0671872648	1682
0671726730	1683
0679745203	1684
0679744398	1685
0671522663	1686
0786868619	1687
0671042572	1688
0449223833	1689
0451196856	1690
0440224705	1691
044022103X	1692
0449908798	1693
0451203895	1694
0449223345	1695
0671038184	1696
0590406205	1697
0670894370	1698
0451182960	1699
0451173392	1700
0440222656	1701
0440487617	1702
0385475721	1703
0440404193	1704
0440241162	1705
0553572997	1706
0553377884	1707
0446604658	1708
0440952522	1709
0440218535	1710
0440414806	1711
044020562X	1712
0440235057	1713
0671008978	1714
0515123498	1715
0452282276	1716
0553263579	1717
0451523369	1718
0515134457	1719
0670894605	1720
0553106341	1721
0380711877	1722
0399146504	1723
0553569031	1724
0316693286	1725
0316693294	1726
0679459596	1727
0553275100	1728
0380714868	1729
0553298836	1730
0553568779	1731
0553102346	1732
0451184718	1733
0451184726	1734
0399138684	1735
0399142282	1736
0345404785	1737
0345423135	1738
0451197429	1739
0440221048	1740
0440222818	1741
0684803968	1742
0767905938	1743
0446523186	1744
0446667900	1745
0449224392	1746
0451180054	1747
0451206460	1748
0553575260	1749
055357924X	1750
0451409485	1751
0515126489	1752
0553096834	1753
0446365505	1754
0446403237	1755
067945960X	1756
0671793489	1757
0399144927	1758
0380728168	1759
0380728265	1760
0553571885	1761
0385472951	1762
0399142851	1763
0399143947	1764
0425104346	1765
0380710218	1766
0446601241	1767
0446604232	1768
0812571991	1769
0812590554	1770
0679429891	1771
0679450408	1772
0451199650	1773
0671867083	1774
0345391330	1775
0312979533	1776
0061093491	1777
0345311396	1778
0805036377	1779
0805056645	1780
0380716542	1781
0445408502	1782
0425183750	1783
0425083837	1784
0553279378	1785
0380721643	1786
0380798573	1787
0553292722	1788
0671701304	1789
0061054143	1790
0449220893	1791
0671684027	1792
0425147584	1793
0425144372	1794
0425116840	1795
0446363669	1796
0373710186	1797
0373825013	1798
0060193395	1799
0373708726	1800
037370870X	1801
0451177037	1802
0373484518	1803
067978148X	1804
0385722206	1805
1551667479	1806
0684853507	1807
0399149562	1808
0451182979	1809
0451179285	1810
0449911594	1811
0345326490	1812
0345361326	1813
0312979096	1814
0316107093	1815
0316168688	1816
0140119906	1817
014025448X	1818
0061009504	1819
0061031542	1820
0061031550	1821
0061092002	1822
0061093084	1823
0345438329	1824
0345438825	1825
0345443128	1826
0345445848	1827
034545104X	1828
0345452534	1829
0671876015	1830
0671880314	1831
0679722769	1832
0684844826	1833
0609804138	1834
060980877X	1835
0618246940	1836
0670031909	1837
0670032891	1838
0553574566	1839
006039384X	1840
0060934425	1841
0142000892	1842
0142001430	1843
0142004278	1844
0151008116	1845
0152050167	1846
0312099436	1847
0140270590	1848
1400031346	1849
140004832X	1850
1550223968	1851
0812514300	1852
0836218051	1853
0887308589	1854
0966941411	1855
0971263906	1856
0743243412	1857
0743411943	1858
0399152288	1859
0425192725	1860
0440212561	1861
044021873X	1862
0393314804	1863
0393319296	1864
0393325172	1865
0394747232	1866
0394895894	1867
0399146652	1868
1841954608	1869
1853260401	1870
0743422287	1871
0743444329	1872
0767915054	1873
0802135161	1874
0805062971	1875
0740721984	1876
0740728946	1877
0743227441	1878
0743243307	1879
0743243315	1880
0553577808	1881
0553579525	1882
0553581058	1883
0553801945	1884
0609608339	1885
0553251481	1886
0553274503	1887
055356773X	1888
0553569619	1889
0316602051	1890
0316603570	1891
0312199406	1892
038079487X	1893
0553211765	1894
006103004X	1895
0061031992	1896
0451188489	1897
0451202503	1898
0451203771	1899
0060090383	1900
0060193751	1901
0312924801	1902
0316781010	1903
034541389X	1904
055327824X	1905
0618045996	1906
0525946829	1907
0553107240	1908
0446608009	1909
0345433173	1910
0345465083	1911
0375412530	1912
0316690619	1913
0316693324	1914
0316693863	1915
0316769509	1916
0316779237	1917
0804114609	1918
080411918X	1919
0812967240	1920
0684871262	1921
0688180639	1922
0671656570	1923
0671693816	1924
0425179885	1925
0425186326	1926
0385413041	1927
0385499825	1928
039915079X	1929
0553210114	1930
0446513067	1931
0446518581	1932
067164257X	1933
0671047485	1934
0671640453	1935
0449217191	1936
0446360589	1937
0446613266	1938
0446610674	1939
0140276904	1940
0385318073	1941
0385315724	1942
0440122090	1943
044023672X	1944
0440224594	1945
0670894508	1946
0743237188	1947
0425182878	1948
0380819635	1949
0743411250	1950
0345441265	1951
1573225487	1952
0449003795	1953
0345369947	1954
0375411992	1955
0345404319	1956
0679433015	1957
0394587863	1958
0440204887	1959
0842329129	1960
0821767240	1961
0671877836	1962
0553572040	1963
0345435273	1964
0553563734	1965
044922046X	1966
0515129224	1967
0451167538	1968
0451212169	1969
0671871005	1970
0743411269	1971
0778320286	1972
0373285043	1973
0684835959	1974
044020254X	1975
0553581872	1976
0380812037	1977
0060001445	1978
0380767635	1979
055358619X	1980
0553586181	1981
0553583395	1982
0345388593	1983
074347628X	1984
0515125628	1985
0440202507	1986
0380752131	1987
0515131741	1988
0064472779	1989
042516098X	1990
0385234104	1991
0451184114	1992
0451186923	1993
078688939X	1994
0446356573	1995
0060532149	1996
0060560754	1997
0140230270	1998
014023313X	1999
0312284683	2000
0312303467	2001
0312974256	2002
0060525460	2003
0373250193	2004
0380820293	2005
0425141233	2006
0425176053	2007
0425185508	2008
0440220440	2009
0440220459	2010
0373250150	2011
0440222702	2012
0440225442	2013
0446391301	2014
0446690155	2015
0449006581	2016
0440222680	2017
0515131083	2018
0060086386	2019
0060090367	2020
0060096195	2021
0671016776	2022
0671028375	2023
0671510126	2024
067179356X	2025
0743418700	2026
0743448677	2027
0743486226	2028
0767903854	2029
076791404X	2030
0345433327	2031
0345450892	2032
0345452593	2033
0345460359	2034
0345469674	2035
0373250134	2036
0373250428	2037
0373250479	2038
0373441762	2039
037541388X	2040
0590224735	2041
0380491710	2042
038070952X	2043
0380709562	2044
0590437208	2045
0590251589	2046
0590425013	2047
006001203X	2048
0385721358	2049
0385497954	2050
0446400157	2051
0140280464	2052
0671318314	2053
0060094850	2054
0375713344	2055
0373218958	2056
0373218966	2057
0373218974	2058
0373239963	2059
0440235774	2060
0446360716	2061
0446519537	2062
0553583956	2063
0671759329	2064
0446531332	2065
0345464958	2066
0670844527	2067
0670894184	2068
0553291009	2069
0440225698	2070
0553578243	2071
0553582755	2072
0553582941	2073
0525941908	2074
0553801376	2075
0553801430	2076
0451180232	2077
0142000205	2078
0156005891	2079
015600710X	2080
042511774X	2081
0425121259	2082
0385335490	2083
0385335520	2084
0385336306	2085
0385509456	2086
052594527X	2087
0385721420	2088
0451194004	2089
0451202821	2090
0451205758	2091
0451206339	2092
0385333137	2093
0446611085	2094
0446611212	2095
0446611611	2096
0446612804	2097
0449223043	2098
0451170385	2099
0743411358	2100
1551662604	2101
1551667339	2102
1551667401	2103
1558744592	2104
0758205511	2105
0786866462	2106
0786868139	2107
0812521080	2108
081296814X	2109
0821772341	2110
0743407059	2111
0743411331	2112
0843950404	2113
0743412753	2114
067189109X	2115
0446531510	2116
0525947914	2117
0553106651	2118
055310666X	2119
0553262645	2120
0553274295	2121
0451207874	2122
0843947888	2123
0843948507	2124
0066214440	2125
0743206061	2126
0399142495	2127
0399151273	2128
039915180X	2129
0385306059	2130
0553563521	2131
0452283868	2132
0515119784	2133
0515127833	2134
0515136263	2135
0688163165	2136
0743457781	2137
0525947299	2138
0446532452	2139
0743255224	2140
0743262174	2141
0451208668	2142
0452282195	2143
0679781358	2144
0684829924	2145
0688088686	2146
0671729411	2147
0743206045	2148
0440224810	2149
0446602159	2150
1401300316	2151
067942525X	2152
0679433740	2153
0679439382	2154
067100042X	2155
0440177049	2156
0679735771	2157
006053429X	2158
0140620222	2159
0380711524	2160
0385299087	2161
038529929X	2162
0385306024	2163
0373250304	2164
0374527229	2165
084395275X	2166
0671004530	2167
0843946903	2168
1400061598	2169
0553281747	2170
0553278274	2171
0553024248	2172
0451451538	2173
0451163966	2174
0440235464	2175
0440241413	2176
037541200X	2177
0440234859	2178
0385335881	2179
0385507593	2180
0345441036	2181
0553575384	2182
0440229499	2183
0440417945	2184
0440940001	2185
0375826688	2186
0451525264	2187
0452283086	2188
0553272500	2189
0590136011	2190
0590452037	2191
0671695304	2192
0689831285	2193
0345335082	2194
0060097825	2195
0064400484	2196
0060391502	2197
0385323921	2198
0449001962	2199
0451202856	2200
0451201906	2201
0451193288	2202
0449219364	2203
0449213447	2204
1551668440	2205
1853260010	2206
0553285785	2207
0345440765	2208
034538430X	2209
0446608378	2210
0684813467	2211
0684822652	2212
068483376X	2213
068484477X	2214
0674445449	2215
0553288474	2216
0553291955	2217
0553295691	2218
0553375067	2219
0679771476	2220
1573225517	2221
1558745157	2222
1559029838	2223
1573225312	2224
1573229725	2225
0553287532	2226
0671452177	2227
0670869902	2228
0345327772	2229
0345260791	2230
0064401510	2231
0064471047	2232
0064472272	2233
0064472795	2234
0140092323	2235
0345311078	2236
0345313216	2237
0345316002	2238
0345318862	2239
0060977493	2240
0060989238	2241
0836210263	2242
0312924585	2243
0312966199	2244
0142002267	2245
0310218039	2246
0316782505	2247
0345274563	2248
034529873X	2249
0345300785	2250
0375701044	2251
0375701214	2252
0345428307	2253
006016848X	2254
0060914653	2255
006091565X	2256
0060919833	2257
0345448820	2258
0345458303	2259
037542217X	2260
0375504907	2261
0140430725	2262
0140441077	2263
0345431057	2264
034543479X	2265
0345384733	2266
0380759489	2267
0345387813	2268
034539092X	2269
0380793660	2270
0380798565	2271
0380718839	2272
014018869X	2273
0140253602	2274
0380731207	2275
0380752891	2276
0380759470	2277
0380564998	2278
0380759497	2279
0380778556	2280
0380778785	2281
0380780879	2282
0345300793	2283
0345300807	2284
034530456X	2285
038072152X	2286
0380725827	2287
0380728273	2288
0316678104	2289
0380006456	2290
0380423901	2291
0399147195	2292
0380603926	2293
0380704587	2294
0380709244	2295
0425118703	2296
0425122123	2297
0385506686	2298
0316150460	2299
0399139141	2300
0399145087	2301
0425108937	2302
0425114511	2303
034540761X	2304
0345409973	2305
0345360354	2306
0393308804	2307
039458872X	2308
0345377443	2309
0385319800	2310
0385335482	2311
0385474016	2312
0385474903	2313
0440201322	2314
0440202043	2315
0425179184	2316
0345374568	2317
0345376579	2318
042518403X	2319
0425184226	2320
0425185249	2321
042515405X	2322
0425188787	2323
0425191583	2324
043936213X	2325
0380709546	2326
042518272X	2327
0380001411	2328
0425148297	2329
0425152898	2330
0440486599	2331
0425167801	2332
0425171396	2333
0441002692	2334
0445402296	2335
0445406518	2336
0375706771	2337
0375727132	2338
0440472415	2339
0440473519	2340
0440224713	2341
0385479565	2342
0380801493	2343
044040665X	2344
0440418321	2345
0440422256	2346
0440432960	2347
0385315546	2348
0449003787	2349
0440236061	2350
0449211827	2351
0449212084	2352
0449212750	2353
0448060191	2354
0380809389	2355
0380978954	2356
044809505X	2357
0448095068	2358
0449001725	2359
0446602744	2360
0449149986	2361
0449203794	2362
0449205878	2363
0425177009	2364
0425177173	2365
0425140032	2366
0448095017	2367
0448095025	2368
0448095033	2369
0448095041	2370
0425147762	2371
0446365386	2372
0451521285	2373
0446608815	2374
0515119520	2375
0515121746	2376
0425140989	2377
0425146413	2378
0425147622	2379
0451457811	2380
0451458125	2381
0451519841	2382
0449223450	2383
0451526341	2384
0452283736	2385
0515087122	2386
0440241073	2387
0451205685	2388
0451403703	2389
0449221431	2390
0553270931	2391
0449223558	2392
0449223612	2393
0449235998	2394
0449239047	2395
0553282980	2396
0553239813	2397
0553268120	2398
0553268880	2399
0553269216	2400
0553210793	2401
0553275976	2402
0553242954	2403
0553258915	2404
0590494457	2405
0553211285	2406
055321229X	2407
0609601008	2408
0670031054	2409
0590453688	2410
006109594X	2411
0312982615	2412
0425132625	2413
0440225817	2414
0671742949	2415
0553582127	2416
068419337X	2417
067101420X	2418
0886773490	2419
0060959037	2420
0440217563	2421
0441003583	2422
0380792028	2423
0380776510	2424
0425146421	2425
0440237262	2426
0671701231	2427
0345327454	2428
0609603825	2429
0060916508	2430
0553575104	2431
0449206246	2432
0449215482	2433
0449222713	2434
0446608890	2435
155166285X	2436
0440235146	2437
0765349671	2438
0399144706	2439
0440910099	2440
0446610542	2441
038082101X	2442
0671759299	2443
034537536X	2444
0671741195	2445
0425192733	2446
0425158594	2447
0373227388	2448
0345386132	2449
0671416367	2450
0452281903	2451
0449134482	2452
0140449124	2453
1573223328	2454
0684801523	2455
059043053X	2456
0060559128	2457
037322608X	2458
0373226780	2459
0451206673	2460
0451207475	2461
0452284295	2462
0505524228	2463
0380780860	2464
0380782340	2465
1575667223	2466
0553578316	2467
1551667436	2468
0373250274	2469
0373259786	2470
0373790554	2471
0375760911	2472
0425190749	2473
0440225078	2474
0446403830	2475
0380814390	2476
0446613053	2477
1575667215	2478
0553379267	2479
055357258X	2480
0553576798	2481
0312983484	2482
0345434471	2483
0373226055	2484
0671007718	2485
0515133868	2486
0671020293	2487
0671039938	2488
0671729454	2489
0671735934	2490
0671786601	2491
0553575066	2492
0505524279	2493
0553582658	2494
0451204301	2495
1551668270	2496
044661078X	2497
0312978723	2498
0380816830	2499
038081918X	2500
0380819651	2501
0385335830	2502
0373226802	2503
0312265859	2504
0312954166	2505
0312966806	2506
0007106572	2507
0446530522	2508
0446605360	2509
0671023616	2510
0743212002	2511
0446524131	2512
0316693251	2513
0060083298	2514
0142003514	2515
0446359203	2516
0446363278	2517
0446521582	2518
0156528207	2519
0312171838	2520
0385720106	2521
039914255X	2522
0380756234	2523
0380756250	2524
0060505885	2525
006091646X	2526
0060929952	2527
0385302304	2528
0440206529	2529
0440207770	2530
0440214009	2531
0399145923	2532
0399146296	2533
0440224764	2534
0671708635	2535
0684852047	2536
0515132020	2537
0688177743	2538
0743422449	2539
0743431030	2540
0786866020	2541
067102423X	2542
0425140040	2543
0425161722	2544
0425162443	2545
0425169871	2546
0688158129	2547
0688170528	2548
1573228737	2549
080213825X	2550
0786884142	2551
0887307876	2552
1551665301	2553
140003065X	2554
080410946X	2555
0446606324	2556
0451175123	2557
0440216745	2558
0345446860	2559
0446526126	2560
0446603716	2561
0446603856	2562
055358264X	2563
0609800140	2564
0451185277	2565
1588720020	2566
0449910571	2567
0140340203	2568
006440188X	2569
0064400026	2570
0060198125	2571
0345452569	2572
0394736656	2573
0425143325	2574
0375703764	2575
0375703861	2576
042515601X	2577
038531258X	2578
034536676X	2579
0345368754	2580
038572179X	2581
0312201656	2582
0140259198	2583
0553211757	2584
0140157379	2585
0553280341	2586
0425147363	2587
0446610038	2588
0446610100	2589
0449207439	2590
0451526562	2591
0525945814	2592
0060927569	2593
0060929790	2594
0440127793	2595
0385491034	2596
0425158632	2597
0425170349	2598
1853260150	2599
0887621112	2600
0375401598	2601
067972754X	2602
0375406328	2603
0553580515	2604
0553280368	2605
0345453409	2606
0553579983	2607
0373218397	2608
0440215900	2609
006000925X	2610
0373835876	2611
0373835795	2612
0399150897	2613
0312984618	2614
0312983336	2615
0060514930	2616
0061083259	2617
1551669234	2618
1551660954	2619
1551661535	2620
050552533X	2621
0451408845	2622
0380807149	2623
0312977409	2624
0425121631	2625
0373441614	2626
0446612944	2627
0446612812	2628
0440215994	2629
0380819201	2630
0440222877	2631
0446613665	2632
0440235782	2633
0590568817	2634
0553571818	2635
0446612510	2636
0425132048	2637
0553568701	2638
0440972329	2639
1551666960	2640
0786889691	2641
0821770802	2642
0553581023	2643
037383599X	2644
0553803409	2645
0380795116	2646
0671525425	2647
0380711532	2648
0380730820	2649
0553114271	2650
0020442203	2651
0671793535	2652
0553204572	2653
0141000198	2654
0446601977	2655
0380731851	2656
0671024094	2657
0373218117	2658
0373218419	2659
0070064601	2660
0399141227	2661
0440222842	2662
0399143874	2663
014005829X	2664
0399139540	2665
0425129586	2666
0425130215	2667
0375703063	2668
031215125X	2669
0312289510	2670
0385497466	2671
0316789976	2672
0345381432	2673
0060951311	2674
0061097861	2675
0140042407	2676
0515132136	2677
0553213237	2678
0553250515	2679
0446603392	2680
0385490992	2681
0385493800	2682
0446520950	2683
059042792X	2684
0440472091	2685
042518109X	2686
0425168220	2687
0812969812	2688
0440220602	2689
0679425268	2690
0375753834	2691
0440226414	2692
006017143X	2693
0380793334	2694
0380807939	2695
0446329894	2696
0425107469	2697
042511984X	2698
038550117X	2699
0425153975	2700
0425097773	2701
0425098400	2702
0425098648	2703
0345385764	2704
0345386108	2705
0399145885	2706
055357230X	2707
0385311923	2708
0385315090	2709
0345384377	2710
0553574957	2711
0553572326	2712
0449214362	2713
0345334019	2714
0345300203	2715
0553580191	2716
0451202732	2717
0553569902	2718
0679457526	2719
0515132187	2720
0553580884	2721
0345362721	2722
0553569910	2723
0446802204	2724
044023574X	2725
0440500729	2726
0446525502	2727
0446600660	2728
0446603929	2729
0553295772	2730
0553213180	2731
0930289595	2732
0877799156	2733
0877733759	2734
0399151850	2735
0802132758	2736
1573227331	2737
1563890119	2738
0618126988	2739
0385491026	2740
055356921X	2741
0743422082	2742
0743236742	2743
0684802031	2744
0380715430	2745
0375756981	2746
0140258795	2747
0140067779	2748
0156011042	2749
0140440372	2750
014043187X	2751
0451456521	2752
0395869463	2753
044900371X	2754
0440505941	2755
0385722192	2756
0385498721	2757
037540600X	2758
0142003190	2759
1931561648	2760
0060927216	2761
067088300X	2762
0061031321	2763
0440208513	2764
0449218473	2765
0061054895	2766
0446359750	2767
0446602450	2768
0061092193	2769
042516876X	2770
0060970790	2771
0380807343	2772
0688177867	2773
0767916069	2774
0553581554	2775
0553271636	2776
0373834349	2777
0373834365	2778
0451180410	2779
0812521331	2780
0451203593	2781
0380730847	2782
0060002077	2783
0060531231	2784
039914210X	2785
0061031429	2786
0425142485	2787
0425126064	2788
0440173922	2789
044018293X	2790
0425189864	2791
0440200563	2792
0449221504	2793
0451132378	2794
0451137965	2795
0440986524	2796
0515101230	2797
0446600458	2798
0451161351	2799
0451162145	2800
0440117437	2801
0440170796	2802
0451151259	2803
0425163407	2804
0425168298	2805
0440186560	2806
0440193613	2807
0440237009	2808
0440223237	2809
0451163524	2810
0451169522	2811
0449219550	2812
0451155750	2813
0451160525	2814
0425174271	2815
0446346802	2816
0425180638	2817
0515090166	2818
0515087947	2819
0451168615	2820
0451167805	2821
0515113328	2822
0515115630	2823
0590466194	2824
0590477382	2825
0515090506	2826
0451190548	2827
0590483455	2828
0451190572	2829
0451196716	2830
0515107867	2831
0515109509	2832
0515111279	2833
0451202287	2834
0451190491	2835
0452262143	2836
0515118249	2837
0515124621	2838
0515129941	2839
0515093203	2840
0451190556	2841
0451190564	2842
0515102636	2843
0515102652	2844
0446600768	2845
0446601985	2846
0451210638	2847
0451451481	2848
0590494465	2849
0590568752	2850
0451197879	2851
0671039954	2852
0590477390	2853
0553285920	2854
0553299476	2855
0670868361	2856
0515132268	2857
0671039946	2858
059045370X	2859
0451201744	2860
055357602X	2861
0451200152	2862
0671039962	2863
0590483447	2864
0553287303	2865
055329170X	2866
0553584383	2867
0743475488	2868
0684841185	2869
0684195976	2870
0671038567	2871
0380762609	2872
0399143335	2873
0670031720	2874
0786014245	2875
0440944597	2876
0151006725	2877
0451192036	2878
0553562738	2879
0441783589	2880
0553293354	2881
0590634275	2882
0590846280	2883
0689710682	2884
0439049962	2885
0064400859	2886
0316782262	2887
0553382179	2888
0765307154	2889
074322423X	2890
1878424483	2891
0805056491	2892
1583224890	2893
0786884592	2894
0553212478	2895
0786881887	2896
067172262X	2897
0812511751	2898
0786889209	2899
0345418263	2900
0425188809	2901
0671876821	2902
0451457595	2903
0439420105	2904
0451159535	2905
0451409884	2906
0312261594	2907
1551660679	2908
0553571834	2909
0670846503	2910
0380774933	2911
0515118559	2912
0312989393	2913
0553583573	2914
0553564528	2915
0399150870	2916
0345409329	2917
0312253435	2918
0446519790	2919
0446603104	2920
0451411056	2921
038072118X	2922
0425099334	2923
0425100650	2924
042511872X	2925
0449210952	2926
0440176484	2927
0440208149	2928
0061093998	2929
0345335708	2930
0345349350	2931
0345413377	2932
0380782332	2933
0380817152	2934
0060393823	2935
0425054535	2936
0425080021	2937
015216250X	2938
0425109720	2939
0425116417	2940
0345309979	2941
0671744607	2942
0425120279	2943
0671028006	2944
0425137457	2945
0671415085	2946
0425144429	2947
042514755X	2948
0671670646	2949
0671670662	2950
0440114330	2951
0671743058	2952
0440126894	2953
0440173701	2954
042512164X	2955
0440203856	2956
0425142868	2957
0446364789	2958
044011585X	2959
0451151224	2960
0451454243	2961
0553256211	2962
055314300X	2963
0553289411	2964
0553271091	2965
0441005241	2966
0425188361	2967
0441002935	2968
0373483503	2969
0441001971	2970
0440221919	2971
0441000916	2972
0441003745	2973
0441004520	2974
0316287555	2975
0743436210	2976
0843949945	2977
0441304834	2978
0671690558	2979
0671024183	2980
0805059555	2981
0805036504	2982
0679434046	2983
0020427859	2984
0425065553	2985
0373482345	2986
0061092177	2987
0380753022	2988
0140621792	2989
0441790348	2990
0451142934	2991
0451524551	2992
0345389425	2993
0345422317	2994
0316290238	2995
0380802309	2996
0385260075	2997
0385425074	2998
0425101452	2999
042510687X	3000
0425136981	3001
0671736795	3002
0440111498	3003
0671724851	3004
0679853065	3005
0671745115	3006
0440228921	3007
0440918642	3008
0440983568	3009
0440180295	3010
0446670251	3011
0517554399	3012
038076654X	3013
0553580906	3014
055358068X	3015
0821770209	3016
0786004509	3017
0743465067	3018
0425173631	3019
0671689738	3020
0671042513	3021
0380814803	3022
0380811987	3023
0842329285	3024
0821775472	3025
0821772279	3026
0425195244	3027
042519485X	3028
0425191230	3029
0451205804	3030
0446613843	3031
0399151079	3032
0380897393	3033
0446611107	3034
0446607193	3035
0440237556	3036
0515127213	3037
0451408020	3038
0451210646	3039
0451208072	3040
0446611468	3041
0515129933	3042
0373291515	3043
0451523024	3044
0061031534	3045
0060185708	3046
0380762595	3047
0380761483	3048
0380753014	3049
0380385880	3050
0380807947	3051
0380807866	3052
0373217242	3053
0312962436	3054
0380767597	3055
0842329161	3056
0451173317	3057
0449911519	3058
0688065716	3059
0684810395	3060
0821767089	3061
0440150167	3062
0345372050	3063
0684832291	3064
0671888587	3065
002542730X	3066
0440201705	3067
034531221X	3068
0451173139	3069
0449221873	3070
0671027123	3071
0515120278	3072
0553240951	3073
0553295071	3074
0446322180	3075
0515117617	3076
0316734500	3077
0805004610	3078
0140274154	3079
1573228583	3080
0312890222	3081
0553230212	3082
034536208X	3083
0679463321	3084
0441005489	3085
0671003941	3086
038078405X	3087
0440236053	3088
0061098795	3089
0446364495	3090
0452283205	3091
0140441654	3092
0140124381	3093
006050918X	3094
0061057908	3095
014038572X	3096
078670621X	3097
0380720868	3098
0451124340	3099
0451162072	3100
0451160959	3101
0807593664	3102
0451147367	3103
0060801263	3104
0064400557	3105
0375702709	3106
0670030651	3107
0765341174	3108
0515134449	3109
0515134465	3110
0515134473	3111
0515134481	3112
051513449X	3113
0515134503	3114
0515134511	3115
0451451430	3116
0451457730	3117
055356983X	3118
051513452X	3119
0060530421	3120
0142002798	3121
0451176812	3122
0451410149	3123
051511054X	3124
0671013777	3125
0671028014	3126
0446531413	3127
0553293389	3128
0553293362	3129
0553565079	3130
0618055819	3131
0670839809	3132
0553272535	3133
0553278398	3134
0440957761	3135
0441001416	3136
0441089348	3137
0440406498	3138
0440407028	3139
0440435749	3140
0440906490	3141
0399146601	3142
0425091805	3143
0425108589	3144
0425129616	3145
0425130258	3146
0425154637	3147
0440174643	3148
0345362861	3149
0345388216	3150
034541215X	3151
0380709163	3152
0671520032	3153
0671521705	3154
0671724738	3155
0671738623	3156
0345327861	3157
0345351959	3158
0060953020	3159
1400060265	3160
0684800713	3161
1853260282	3162
0449206211	3163
0451527097	3164
0590409662	3165
0380732688	3166
0385494246	3167
0380698714	3168
038000321X	3169
0140071814	3170
0061020680	3171
0345402871	3172
0375758232	3173
0345379330	3174
0312965737	3175
0425178854	3176
0553568760	3177
0811808424	3178
0671745069	3179
1400047714	3180
0525945938	3181
1558746226	3182
0345348036	3183
0446522597	3184
0440224055	3185
0394574745	3186
0395083567	3187
0061000043	3188
074341134X	3189
0312978383	3190
0060084405	3191
0060175532	3192
0679449434	3193
0375504036	3194
0060512822	3195
067166641X	3196
0449003981	3197
0385333412	3198
0505525305	3199
0505525178	3200
0441005837	3201
0440236746	3202
0449003884	3203
0553575414	3204
0515103977	3205
0515133620	3206
0515135305	3207
0505525542	3208
0671744216	3209
0679405283	3210
0553581856	3211
055358183X	3212
044023655X	3213
0505525526	3214
0425192784	3215
0060511508	3216
0060517212	3217
0671010093	3218
038079828X	3219
0441008658	3220
0446606227	3221
0671010085	3222
0425118312	3223
0441006256	3224
0425140946	3225
0451166892	3226
0505522551	3227
0449225046	3228
0553561537	3229
0886773318	3230
0380802325	3231
0553574574	3232
0446356611	3233
0452280397	3234
0812521145	3235
0812534832	3236
0156711427	3237
0060987561	3238
0060194790	3239
0375500316	3240
0375501371	3241
0140430032	3242
0060391626	3243
0060972920	3244
0140390448	3245
0786880708	3246
0140042393	3247
0590466186	3248
0140432914	3249
0553583980	3250
0590434985	3251
0590477420	3252
0061094226	3253
006104444X	3254
0515099546	3255
0515115649	3256
0590030205	3257
0446341754	3258
0804102511	3259
0671009443	3260
0446525731	3261
0151006903	3262
0151446474	3263
0871236117	3264
0890438439	3265
0891073906	3266
0871233428	3267
0871136791	3268
0671517643	3269
0842365826	3270
0786890436	3271
1556612257	3272
1551660431	3273
006447108X	3274
0064471063	3275
0064471071	3276
0064471055	3277
0064400972	3278
0064400964	3279
0345409876	3280
0312927746	3281
0140620753	3282
0380844001	3283
0440224845	3284
1885171080	3285
0440209803	3286
0670894885	3287
0618129022	3288
0064400050	3289
0064400042	3290
0020442300	3291
0064430170	3292
0064409422	3293
0064400085	3294
0064400077	3295
0064400069	3296
0374100128	3297
0440343690	3298
0449911535	3299
0671683993	3300
0679744479	3301
0440178002	3302
0312991460	3303
0441003257	3304
0553264303	3305
0060976241	3306
037576092X	3307
0804108412	3308
0394589955	3309
0915811006	3310
0142004235	3311
0446519138	3312
0553269631	3313
0553272543	3314
0140361219	3315
0684801051	3316
0140620869	3317
0740723367	3318
0140620427	3319
0140620109	3320
014062063X	3321
0345296060	3322
0345354613	3323
0671775715	3324
0671541501	3325
0671726889	3326
0671708376	3327
0671708368	3328
0671504681	3329
0671670689	3330
0671794388	3331
0671776096	3332
0671620991	3333
0671746693	3334
0671541811	3335
0553572393	3336
0553572210	3337
0553566032	3338
0553560735	3339
0743480716	3340
0743411544	3341
0671867091	3342
0689829833	3343
0812510992	3344
0812507452	3345
0805013342	3346
0684856093	3347
0671019155	3348
0671524208	3349
0671519816	3350
067151699X	3351
0590629808	3352
0590411365	3353
0671502689	3354
0671648705	3355
0671648144	3356
0671642561	3357
0671640127	3358
0452281458	3359
0553260960	3360
0553260219	3361
0553258990	3362
055325846X	3363
0553257048	3364
0553131605	3365
0553130986	3366
0553268074	3367
0553264613	3368
0515084557	3369
0553213113	3370
0553282204	3371
0553281798	3372
0553280147	3373
055327953X	3374
0553251139	3375
0553248642	3376
0451162188	3377
0553582925	3378
0553277243	3379
055327449X	3380
0553573225	3381
0590877437	3382
0590629816	3383
0553297422	3384
0765342308	3385
0671443283	3386
0671032550	3387
0671027662	3388
0553578359	3389
0553116606	3390
055323336X	3391
0553232320	3392
0425076717	3393
0440161061	3394
0440156637	3395
044100315X	3396
044098761X	3397
0446359688	3398
0446357421	3399
0425162788	3400
0425161021	3401
0440200040	3402
0312869932	3403
0842329269	3404
1551669153	3405
1551668130	3406
0836220668	3407
0836218426	3408
8251800811	3409
1558747613	3410
0446351709	3411
0425058603	3412
0345338588	3413
0345341228	3414
0141301074	3415
0140318909	3416
014006690X	3417
0312971842	3418
0446350982	3419
0446303011	3420
0425130711	3421
0425128458	3422
0441005993	3423
0440472105	3424
044040942X	3425
0440407079	3426
0679401032	3427
0836251822	3428
0812522729	3429
0812520475	3430
0836217241	3431
0886775507	3432
0886774039	3433
0812566785	3434
0812566637	3435
0671737783	3436
0679767819	3437
0837850681	3438
0671877135	3439
067187599X	3440
0671824813	3441
0689806590	3442
0689714920	3443
0689710895	3444
0671741454	3445
0671741039	3446
0679805273	3447
0743244281	3448
084233226X	3449
1558745718	3450
1401088945	3451
0886778905	3452
0786808551	3453
0812548051	3454
0812545591	3455
0812534867	3456
0553269321	3457
0694003611	3458
0836211499	3459
0836204158	3460
0826308791	3461
0821770829	3462
0786819146	3463
0812555112	3464
0380701766	3465
0425175413	3466
042517428X	3467
0440207428	3468
0380710897	3469
0380703122	3470
0425176045	3471
0380558890	3472
0385312202	3473
0380899825	3474
0380851180	3475
0380808080	3476
0380776839	3477
0380733358	3478
0425081818	3479
0446364703	3480
0380010038	3481
0375701427	3482
0374522928	3483
0446364800	3484
0440135842	3485
0425120430	3486
0061057894	3487
0312113420	3488
0312854285	3489
034531011X	3490
0345307674	3491
0446300292	3492
0440220424	3493
0440219760	3494
0061054240	3495
0671695169	3496
0671729438	3497
0671729446	3498
044024126X	3499
0552143774	3500
0553282476	3501
0590383892	3502
0671695142	3503
0380718758	3504
0345377648	3505
0345373707	3506
0440180090	3507
0553578529	3508
0671014218	3509
0425174484	3510
0446527793	3511
0385507607	3512
0316969680	3513
0553802453	3514
0743467523	3515
1558747346	3516
0451092163	3517
0449006557	3518
0446676098	3519
0451172817	3520
0451169514	3521
0671534742	3522
0671758721	3523
0553579606	3524
0064405044	3525
067103264X	3526
0020442009	3527
0061054151	3528
0064404994	3529
0061020648	3530
0345418778	3531
0345391837	3532
0571081789	3533
0684868938	3534
0449215571	3535
0385317093	3536
0399141065	3537
0553106333	3538
0553293168	3539
055329315X	3540
0380762560	3541
0425151867	3542
0451163494	3543
0451167716	3544
0553565060	3545
0671739735	3546
0553574116	3547
0156949601	3548
0380752948	3549
0380725703	3550
0380802929	3551
0380802317	3552
0553569406	3553
0380756293	3554
0380756277	3555
0671689746	3556
0380814714	3557
0679720219	3558
0380790904	3559
0385285965	3560
0449208885	3561
0449225151	3562
1551666170	3563
0156006847	3564
0142000809	3565
0140053204	3566
0399147128	3567
0385721234	3568
0553561359	3569
0553293257	3570
0553293176	3571
015670160X	3572
0380750872	3573
0380750864	3574
0380750848	3575
0451177010	3576
0446357448	3577
0671737600	3578
0671702505	3579
0679774386	3580
0553571907	3581
0553574108	3582
0060951303	3583
0060932139	3584
0380871556	3585
0425173534	3586
0552998486	3587
0425155188	3588
0812521374	3589
0380753006	3590
0345432479	3591
0486290492	3592
0671880608	3593
034537472X	3594
0345373529	3595
0451195493	3596
0440201330	3597
0425115291	3598
0451204530	3599
0553576143	3600
0590453661	3601
0590568760	3602
0590483463	3603
0590568795	3604
0590483471	3605
0399144463	3606
0440904196	3607
0590568744	3608
0590568825	3609
0671534718	3610
0671534734	3611
0590483501	3612
059048351X	3613
0671534726	3614
0671007610	3615
0312993536	3616
0312984839	3617
0778320375	3618
0446606383	3619
0446602698	3620
0553584480	3621
0964631601	3622
078688908X	3623
0451210751	3624
0446613851	3625
0671722131	3626
0451410378	3627
0373711484	3628
0671886665	3629
0446353957	3630
0743428595	3631
155166674X	3632
1551668947	3633
0373835922	3634
0553295977	3635
0440218667	3636
0515124893	3637
051512608X	3638
0515126772	3639
0515128546	3640
0515130044	3641
0515119202	3642
051511992X	3643
0515120006	3644
0515120618	3645
0515121843	3646
0515124214	3647
0515103969	3648
0515108030	3649
0515114693	3650
0515116750	3651
0553571583	3652
0553576038	3653
0553576089	3654
0553578960	3655
0345345738	3656
0312986343	3657
0312995423	3658
0316168815	3659
0312971125	3660
0312983743	3661
0515133973	3662
0380719185	3663
0399138749	3664
0373483694	3665
0373483902	3666
0373484232	3667
0375414053	3668
0380016974	3669
0373250215	3670
0373250355	3671
0373250452	3672
037325055X	3673
0373240880	3674
0373243286	3675
0373250118	3676
0373250142	3677
0373250207	3678
0380814811	3679
0380817837	3680
0380819724	3681
0380819732	3682
0425195139	3683
0380892847	3684
0380793342	3685
0380801213	3686
038081479X	3687
0380757478	3688
0380762587	3689
0380767627	3690
0380752999	3691
0380756269	3692
0380756285	3693
038550120X	3694
0399137734	3695
0440221501	3696
0399146253	3697
0385333404	3698
0385336810	3699
038531292X	3700
0385314388	3701
0385316348	3702
0385316879	3703
0385332963	3704
0385333064	3705
0380896931	3706
0380899531	3707
0380977257	3708
0385299109	3709
0385306032	3710
0425162591	3711
0425165566	3712
0425135721	3713
0425157466	3714
0425119920	3715
0425127583	3716
0425128164	3717
0425132951	3718
0425091031	3719
0440217547	3720
0449211584	3721
0440205573	3722
0440211492	3723
0440213282	3724
0440181488	3725
0440184053	3726
0440185327	3727
0440201926	3728
0440129265	3729
0440167531	3730
0515099511	3731
0446358576	3732
0446360074	3733
0440236851	3734
0440240751	3735
0440224837	3736
0440224861	3737
044023669X	3738
0440223202	3739
0440223458	3740
0440224772	3741
0440224780	3742
0446613150	3743
0449005569	3744
0449005836	3745
0449005909	3746
0553212281	3747
0449219615	3748
0446607207	3749
0446609188	3750
0446610550	3751
0446530077	3752
0446530190	3753
0446601853	3754
0446602213	3755
0446604089	3756
0446361739	3757
0446363251	3758
0452278902	3759
0515090379	3760
0515094773	3761
1551662914	3762
155166531X	3763
1551666189	3764
0451203933	3765
0451408888	3766
0451409809	3767
0451411129	3768
0452278384	3769
0451126661	3770
0451128370	3771
0451164938	3772
080411160X	3773
0767912241	3774
0767914767	3775
0786861347	3776
0786862564	3777
0743418204	3778
0743456173	3779
0743456335	3780
1551666618	3781
0345352661	3782
0345338715	3783
0679425136	3784
0671873202	3785
0670858692	3786
0670835382	3787
0141007338	3788
0671759345	3789
0671722859	3790
0312872836	3791
0671656155	3792
0345369351	3793
0345367693	3794
0345363310	3795
0345362276	3796
0345358805	3797
0345389417	3798
0345388666	3799
0345387023	3800
0345387007	3801
0345383273	3802
0345377591	3803
0345425308	3804
0345422554	3805
0345397819	3806
0345390407	3807
0394577892	3808
0385480334	3809
038531700X	3810
0345335651	3811
0345335511	3812
0345335457	3813
0345317580	3814
044900192X	3815
0449227545	3816
0450411435	3817
0553581066	3818
0385501412	3819
0385336772	3820
0446527165	3821
0380789612	3822
0380730359	3823
0553107445	3824
0380728729	3825
0380726297	3826
0394831292	3827
0380002450	3828
0380726238	3829
0380726289	3830
039480029X	3831
039480001X	3832
1558532161	3833
0743405900	3834
0061013315	3835
031298250X	3836
0066214122	3837
0515134864	3838
1551668165	3839
1551665816	3840
1551660504	3841
0786866195	3842
0449002640	3843
0425187721	3844
0425181200	3845
0380765454	3846
0345428285	3847
0425190919	3848
0451207947	3849
0449225313	3850
0451207645	3851
0140097058	3852
0553254502	3853
0553211439	3854
0553213296	3855
0812504321	3856
059043389X	3857
0451163532	3858
0060809248	3859
0812523016	3860
0440234816	3861
0440236525	3862
0440234808	3863
0312979975	3864
0671019740	3865
0515133302	3866
0399149384	3867
0425190927	3868
051511779X	3869
0440221099	3870
0449218929	3871
0140430148	3872
0345396936	3873
0142001325	3874
0446604844	3875
0553576925	3876
0006550576	3877
034540047X	3878
0375506276	3879
0312422156	3880
1857022424	3881
0679446486	3882
0679411674	3883
0399144714	3884
0671741187	3885
0684195488	3886
0670772895	3887
0684841177	3888
0385301413	3889
0671867164	3890
1853262102	3891
014062080X	3892
0517073919	3893
0517189585	3894
0060931809	3895
0836220854	3896
0836218833	3897
0446679046	3898
0486264785	3899
0486272702	3900
0517189682	3901
0394498216	3902
0394558235	3903
0425143597	3904
0440212812	3905
158898608X	3906
1550548913	3907
0060955775	3908
0060977264	3909
0140440046	3910
031286504X	3911
0802135196	3912
0811808173	3913
0811811409	3914
0425083896	3915
0451170113	3916
0449227812	3917
0449902927	3918
0140143882	3919
0140167153	3920
0553574752	3921
0425135020	3922
0671047515	3923
0671704184	3924
0671680080	3925
0671829777	3926
1878424114	3927
1551666847	3928
0786865482	3929
0446609943	3930
1551666952	3931
0060830956	3932
0743255453	3933
0553349481	3934
038549081X	3935
0373250126	3936
0811828964	3937
0061097853	3938
0316037621	3939
0061000027	3940
006100345X	3941
051510566X	3942
0671027492	3943
0553572369	3944
082177347X	3945
0316037451	3946
0446607177	3947
0312981260	3948
0590409433	3949
0671001809	3950
0743437802	3951
0553578944	3952
0451180429	3953
0451207521	3954
0345367650	3955
0962980307	3956
0894809946	3957
0373441754	3958
055328942X	3959
0440445450	3960
0553280945	3961
0812510488	3962
0812512456	3963
078688598X	3964
0689817851	3965
0812550390	3966
0812510356	3967
092963408X	3968
0804112975	3969
0804113475	3970
0786862572	3971
0140286276	3972
0786863137	3973
0060976624	3974
0375421440	3975
0140042520	3976
0375703675	3977
0375704027	3978
031205436X	3979
0140088393	3980
0802116698	3981
0312282990	3982
014010870X	3983
0140122060	3984
0140178139	3985
0020125305	3986
1573227889	3987
0375700811	3988
0060183713	3989
0590453653	3990
0967231434	3991
059050214X	3992
0553296124	3993
0553347756	3994
0811802981	3995
0446387878	3996
0671528904	3997
0671727796	3998
0590568736	3999
0590962736	4000
067941388X	4001
0679426620	4002
0684867974	4003
0899193625	4004
0451522192	4005
0786011343	4006
0449209105	4007
0449908747	4008
0684824892	4009
0553258478	4010
0553273108	4011
044023719X	4012
0553278746	4013
0452279488	4014
0452280362	4015
0679893105	4016
0553569376	4017
0671002481	4018
0553579835	4019
0440225299	4020
0671683063	4021
0440173507	4022
0380619458	4023
0374117349	4024
0449003299	4025
0449206475	4026
0670873926	4027
0451124383	4028
052594673X	4029
0451197747	4030
0451401492	4031
0446604801	4032
0385501560	4033
055327418X	4034
0393039242	4035
0393050424	4036
0515120456	4037
0140390227	4038
0061057363	4039
042518000X	4040
0345323440	4041
0425183181	4042
0394726413	4043
0385474547	4044
0520204956	4045
0451163516	4046
0345452003	4047
0061020702	4048
0451147960	4049
0449221180	4050
0553212540	4051
0552998931	4052
0515133876	4053
0345435648	4054
0440213320	4055
0140390693	4056
0515115029	4057
0515116475	4058
0515118907	4059
0312964064	4060
038072541X	4061
1551668122	4062
0571154913	4063
0449001946	4064
0449209598	4065
0449219461	4066
0451165594	4067
0812542835	4068
0446679593	4069
0670853097	4070
037570910X	4071
0440212723	4072
0425184943	4073
0345441133	4074
0060935464	4075
0671822209	4076
0553212583	4077
0451157443	4078
0143035002	4079
0553277464	4080
080503885X	4081
0849911788	4082
0891075275	4083
0671665790	4084
0140430229	4085
0571216420	4086
0380797631	4087
0375719180	4088
0374199698	4089
0375725849	4090
0743418190	4091
0860074382	4092
0553574558	4093
0380820889	4094
0373250223	4095
0802131786	4096
0671004271	4097
0679724362	4098
0140621571	4099
0345331001	4100
0312910517	4101
0061013439	4102
0061007161	4103
0425182843	4104
0449221482	4105
0446673544	4106
0440236738	4107
0375507493	4108
0893753440	4109
0767912233	4110
0671867318	4111
0893753564	4112
0425163865	4113
0399145990	4114
0671776975	4115
0671776134	4116
0345453816	4117
0061093335	4118
0061098035	4119
0061097314	4120
0142000361	4121
0671728571	4122
0451180062	4123
044022392X	4124
0385509510	4125
0440237300	4126
042517400X	4127
0425176932	4128
042518336X	4129
1573220485	4130
1573229083	4131
067091021X	4132
0515120898	4133
1576734781	4134
0515133701	4135
0553280643	4136
0451176723	4137
0451208862	4138
0743448944	4139
0842332294	4140
0684850265	4141
0684859262	4142
0802713432	4143
0743451414	4144
0385475772	4145
0373511892	4146
0449213358	4147
0446611476	4148
0446611778	4149
0446674249	4150
0743460529	4151
0451409000	4152
0375705198	4153
1580628362	4154
0385721676	4155
1558745432	4156
0449223604	4157
0440139244	4158
0440415632	4159
0440228654	4160
0451197860	4161
0345423399	4162
0345387554	4163
0805010858	4164
0345367421	4165
0330334026	4166
0316779989	4167
0385315066	4168
0449004287	4169
042516828X	4170
0805019375	4171
055323370X	4172
0553562967	4173
0684859300	4174
0688147259	4175
0749918241	4176
0553289691	4177
0684819066	4178
0440229707	4179
0380713802	4180
0451193881	4181
0553278118	4182
0425138232	4183
002026478X	4184
0345291328	4185
0064471101	4186
158062524X	4187
0553100777	4188
0553212338	4189
0061092029	4190
0446606456	4191
0446603422	4192
0385314280	4193
0425077047	4194
0671042440	4195
0671477099	4196
0679417796	4197
0380727293	4198
067082982X	4199
0380600129	4200
1563899809	4201
0140440011	4202
0345395069	4203
0451523377	4204
0451167783	4205
0451524063	4206
055327886X	4207
0679441018	4208
0140042210	4209
0860917886	4210
0312963815	4211
0345450736	4212
0385418493	4213
0064410137	4214
0066211220	4215
0345463153	4216
0399145788	4217
0399149295	4218
0684872730	4219
0553256742	4220
0441009239	4221
044920703X	4222
0449206467	4223
0425180964	4224
0553254510	4225
0441010512	4226
0515097500	4227
0441008534	4228
0449206459	4229
0441478123	4230
0441328008	4231
0670691992	4232
0452283795	4233
0671024256	4234
0449203425	4235
0451166876	4236
044651862X	4237
0452279178	4238
0449146383	4239
0425164829	4240
0425163717	4241
0140481346	4242
0375757147	4243
0385199570	4244
0452261341	4245
0440901588	4246
0515101486	4247
0515100536	4248
0446605980	4249
042517140X	4250
0425168131	4251
0451525795	4252
0451410319	4253
042518630X	4254
0449209709	4255
042518286X	4256
0679435212	4257
0679879269	4258
0743444515	4259
0740704818	4260
0811825558	4261
0679723110	4262
067169071X	4263
0451197399	4264
0451174291	4265
0679742298	4266
0515128007	4267
1560761555	4268
1559360615	4269
0312966555	4270
0345433084	4271
0061090891	4272
0345435249	4273
0553568736	4274
0517577402	4275
0140481389	4276
0688163173	4277
0679734775	4278
0452269571	4279
0684818442	4280
0451206665	4281
0553280414	4282
0743454146	4283
0451166604	4284
0452267404	4285
0670839531	4286
0451093380	4287
0679410325	4288
0671695185	4289
048627263X	4290
0452284694	4291
055321330X	4292
0515121495	4293
0449216861	4294
0802130348	4295
0786013567	4296
0553283685	4297
0446607258	4298
0446606251	4299
0020442106	4300
0060096209	4301
0060988258	4302
0312244266	4303
0312179405	4304
0373218036	4305
0380794470	4306
0061094153	4307
0061094145	4308
0395353009	4309
0020442505	4310
0380973820	4311
0345440021	4312
0060507845	4313
0395257301	4314
0385722435	4315
0425160394	4316
0061030201	4317
006103018X	4318
0061009431	4319
0066212855	4320
0553573357	4321
0553572946	4322
156584100X	4323
0553295276	4324
080411188X	4325
1400031699	4326
1558744215	4327
0517598493	4328
039568093X	4329
0399522115	4330
0671732277	4331
0312315228	4332
0060952970	4333
067173590X	4334
0553576046	4335
0743221990	4336
0743215052	4337
0385334036	4338
0842373195	4339
0060086246	4340
155166898X	4341
1551668912	4342
1565123638	4343
1551668874	4344
155166884X	4345
0060092645	4346
155166951X	4347
155166903X	4348
0061030244	4349
0060011912	4350
0060924640	4351
0060915188	4352
0061093653	4353
006017613X	4354
0060168013	4355
0060229357	4356
1551668831	4357
087113795X	4358
0871137534	4359
0843951036	4360
1551669374	4361
0878578730	4362
0875961517	4363
0874778883	4364
1551665182	4365
1551665026	4366
0916441822	4367
0812577701	4368
0060196122	4369
0060186526	4370
0060185147	4371
0877017883	4372
0812515501	4373
1551664704	4374
1551662833	4375
0805019359	4376
155166660X	4377
1551666561	4378
0312960344	4379
0312973055	4380
0312961324	4381
0312975228	4382
0060009241	4383
0060008032	4384
0312975740	4385
0060972122	4386
0064440508	4387
0064440044	4388
0316780812	4389
0312252617	4390
0142000329	4391
0312968922	4392
0061099708	4393
0061099341	4394
0345313755	4395
0061091618	4396
0061044431	4397
0060801115	4398
0141301155	4399
0060195460	4400
0060192704	4401
0060192119	4402
006101432X	4403
0307001245	4404
0307001164	4405
0061007129	4406
0064404242	4407
0061090808	4408
0060540753	4409
0060508108	4410
0312958129	4411
0060928360	4412
0689713703	4413
068971310X	4414
0671759361	4415
0671729489	4416
0743204077	4417
0778320111	4418
0684834723	4419
0743407067	4420
0743428587	4421
0743424425	4422
0743410599	4423
0743428706	4424
0743428625	4425
0671792822	4426
0671737821	4427
067974388X	4428
0671795554	4429
0717284832	4430
0679400516	4431
0671776126	4432
0679450548	4433
0679429220	4434
068810312X	4435
0671737791	4436
0786014237	4437
0743453069	4438
0684845768	4439
0679731725	4440
0679724222	4441
0671525832	4442
0671525433	4443
0679419829	4444
1551661756	4445
0807576743	4446
0807508527	4447
0821765221	4448
0821762818	4449
0821772953	4450
1551666014	4451
0804109729	4452
0743412273	4453
0743411323	4454
082177462X	4455
0786880007	4456
0821770624	4457
0821769367	4458
0821769278	4459
0821766570	4460
0812590449	4461
1551665867	4462
0812558626	4463
0812541642	4464
0821773801	4465
0786889616	4466
0786889306	4467
0836270061	4468
0684814994	4469
0743454529	4470
0743454502	4471
0786015233	4472
0804120013	4473
0804119538	4474
0786889020	4475
0836220870	4476
0804107432	4477
0804106436	4478
0786866845	4479
0821769359	4480
0399148701	4481
0399148248	4482
0380808072	4483
0385503822	4484
038079456X	4485
0380769557	4486
0380779617	4487
038533558X	4488
0373243790	4489
037383571X	4490
0380800829	4491
0425087832	4492
0425113892	4493
042510429X	4494
0425104273	4495
0380818965	4496
0380772574	4497
0380820048	4498
0380814382	4499
0373790910	4500
0373790899	4501
0373790562	4502
0380819600	4503
0380703882	4504
0380698439	4505
0380790076	4506
0375713751	4507
0385335121	4508
0385295944	4509
0385333463	4510
0425139522	4511
0425137945	4512
042514898X	4513
0425133990	4514
0425133559	4515
0425172996	4516
1551668084	4517
1551667002	4518
042516313X	4519
0425155722	4520
0425169693	4521
0425166619	4522
1551667916	4523
1551667193	4524
0394848365	4525
0385337639	4526
0385299079	4527
0385296495	4528
1551668777	4529
0385315309	4530
0385472943	4531
0425141977	4532
0425125467	4533
0425124819	4534
0425119114	4535
0394800028	4536
0380769549	4537
0380811073	4538
1551668696	4539
037322706X	4540
0345445724	4541
0312992416	4542
0373225962	4543
0345365933	4544
0345365917	4545
0345354648	4546
0345447409	4547
0312983417	4548
0307302636	4549
0307301451	4550
0312955731	4551
0373226918	4552
037322687X	4553
0316038172	4554
0316781142	4555
0316693235	4556
0060391553	4557
0060256656	4558
0312313810	4559
034538184X	4560
0345404769	4561
0373226594	4562
0312984820	4563
0312963297	4564
0312147015	4565
0380722704	4566
0380761327	4567
0373483791	4568
0373484887	4569
0345447859	4570
0345422783	4571
0373835396	4572
0373272960	4573
037324519X	4574
0380813815	4575
0380812029	4576
038089968X	4577
0373832826	4578
0380756218	4579
0373691254	4580
0373691114	4581
0375502025	4582
0345430573	4583
0345354621	4584
034543241X	4585
0380722291	4586
0380767619	4587
0375410945	4588
0312979983	4589
0446604534	4590
0451163508	4591
0446606189	4592
0441802087	4593
0446604666	4594
0446611379	4595
044652767X	4596
0440404908	4597
0446600474	4598
0449005925	4599
0446608602	4600
0446608092	4601
0449910237	4602
0440225272	4603
0440225116	4604
0446519081	4605
044651747X	4606
0446341916	4607
0446600415	4608
044651974X	4609
0446601640	4610
0451195922	4611
0451202546	4612
0671736817	4613
0451203070	4614
050552497X	4615
0486424499	4616
0449221512	4617
0451198638	4618
0451148029	4619
0449006522	4620
0451206002	4621
0451192583	4622
0451192257	4623
0451192192	4624
0451191706	4625
0449147738	4626
0449006530	4627
044922368X	4628
0451205146	4629
0449003701	4630
0451198670	4631
0446531480	4632
0449238946	4633
0446364266	4634
0449221490	4635
0451157974	4636
0451155068	4637
0449215946	4638
0449213730	4639
0440115493	4640
0425186709	4641
0440146577	4642
0440130913	4643
0440114756	4644
0440110653	4645
0439137411	4646
042519471X	4647
1551666758	4648
044020271X	4649
0440198577	4650
0440194903	4651
0440123925	4652
0440121353	4653
1882723007	4654
1573229350	4655
1573227358	4656
1573222267	4657
1573221112	4658
1572971835	4659
0425176940	4660
0425129551	4661
0425179605	4662
0385720467	4663
0395977894	4664
0425098605	4665
0440211891	4666
0399148027	4667
0425165140	4668
0440225450	4669
0440226708	4670
0440236991	4671
0671721380	4672
0449205967	4673
0679437452	4674
0385315031	4675
0373710992	4676
0373230176	4677
1551668068	4678
0425163415	4679
0373484100	4680
0380723816	4681
0312979517	4682
0312980388	4683
0425190374	4684
0425191192	4685
0440111811	4686
044016205X	4687
0425187063	4688
0385334702	4689
0399149309	4690
0399150439	4691
038075889X	4692
0380789884	4693
0380790947	4694
0380812975	4695
0380817691	4696
0440226686	4697
0440351626	4698
0446352764	4699
0446358592	4700
067102700X	4701
044022473X	4702
0440224853	4703
0440211697	4704
0440166497	4705
0515103446	4706
0515116173	4707
0515122491	4708
0515135828	4709
0517706814	4710
0525941673	4711
0671028030	4712
0671034413	4713
0553581937	4714
0553583085	4715
0670031062	4716
0671001167	4717
0671019546	4718
0671019554	4719
0553100742	4720
0553283936	4721
0553571737	4722
0553572202	4723
0553574132	4724
0553574965	4725
0765342618	4726
0786010924	4727
0812550765	4728
0812552636	4729
0821746480	4730
068816112X	4731
0743202988	4732
074340341X	4733
0743418719	4734
0743436601	4735
0671886290	4736
0679429883	4737
0671782525	4738
0842332251	4739
1551666839	4740
1551669072	4741
1551669293	4742
0842332359	4743
0842332278	4744
0061056774	4745
084232920X	4746
0821775863	4747
0590494473	4748
0590483498	4749
0446525774	4750
0886775825	4751
0970816308	4752
1550810510	4753
0671550284	4754
0671578057	4755
0671619683	4756
038079439X	4757
0804115621	4758
0886773555	4759
0886775302	4760
0425183130	4761
0440400759	4762
0373258151	4763
0373707118	4764
0373825021	4765
0380731797	4766
0380978415	4767
0515119652	4768
0553262807	4769
0440482534	4770
0449206874	4771
0451410602	4772
0451450957	4773
0062505319	4774
0140143505	4775
0143012738	4776
0553284673	4777
0671623249	4778
0425117383	4779
0517605171	4780
014034019X	4781
0440900794	4782
0028604202	4783
0375422188	4784
0140072748	4785
0553255762	4786
0679741666	4787
0375726349	4788
0399147284	4789
0399150838	4790
0449000869	4791
0061097349	4792
0671011367	4793
0446608386	4794
0449209997	4795
0060090375	4796
1573226122	4797
0671039725	4798
0061042935	4799
0590997289	4800
0590997343	4801
0743444043	4802
0696217120	4803
0590629794	4804
0767903579	4805
0843947810	4806
0385337132	4807
034543448X	4808
0842332340	4809
0375724850	4810
0786889551	4811
0449208672	4812
1551668300	4813
1551669137	4814
0061031070	4815
0061094595	4816
0061031089	4817
0671014196	4818
0821769332	4819
0671731661	4820
0671001701	4821
0671737805	4822
0312983301	4823
0373240007	4824
0451202317	4825
0505525534	4826
0670031372	4827
0553584189	4828
0312998368	4829
0553576232	4830
0553575015	4831
0517707918	4832
0312983298	4833
0312979444	4834
1551669501	4835
0060542128	4836
1551669412	4837
0671019880	4838
0515134007	4839
0140293442	4840
0142003727	4841
0515127396	4842
0345442822	4843
0140430016	4844
0451209907	4845
0399147926	4846
0451409973	4847
0671720147	4848
0671778633	4849
0380788624	4850
0380818809	4851
0553581767	4852
0061099732	4853
0375500723	4854
0316734837	4855
0553562398	4856
0061093106	4857
0452281881	4858
0312421435	4859
0312971362	4860
0140280553	4861
0446603066	4862
0380789949	4863
0312967004	4864
0425181456	4865
0515116068	4866
0425164403	4867
0064407683	4868
0064407691	4869
0064408639	4870
0064408647	4871
0062548662	4872
0380973545	4873
0060168382	4874
006019491X	4875
0446517984	4876
0670865796	4877
0670878847	4878
0385319568	4879
0385324057	4880
0385304900	4881
0385310161	4882
038531695X	4883
0451197127	4884
0451204948	4885
0684832178	4886
0446355453	4887
0671521136	4888
0671434225	4889
0671458531	4890
0553560700	4891
0553569155	4892
0553260669	4893
0140620125	4894
0486278077	4895
0553213695	4896
0486280489	4897
0688116752	4898
0688149111	4899
0749309423	4900
0670805149	4901
0449221970	4902
042516019X	4903
0684871270	4904
0811824829	4905
0425131769	4906
0440128595	4907
0399146008	4908
0394589424	4909
0395177111	4910
0425094537	4911
0399143823	4912
0451159497	4913
1573226106	4914
0671004239	4915
0671023187	4916
0671736833	4917
0440216818	4918
0451200101	4919
0425105679	4920
0451527321	4921
0553264079	4922
0786889667	4923
0553560441	4924
1853260193	4925
0061094404	4926
0449000877	4927
0440225043	4928
0446604402	4929
0449216411	4930
0451523385	4931
0671745077	4932
051513399X	4933
051512219X	4934
0449217493	4935
0449243761	4936
0553271369	4937
0553240307	4938
0553133969	4939
0671517635	4940
0590582895	4941
0671891510	4942
0425174808	4943
0060557540	4944
0679728759	4945
0743477154	4946
0449213943	4947
0385495439	4948
0375505296	4949
0440217520	4950
0684850303	4951
0553283545	4952
0684195984	4953
0553213466	4954
0553117467	4955
0380758881	4956
0380615983	4957
0061096857	4958
0553294903	4959
067172942X	4960
0553289586	4961
0060195703	4962
0446527041	4963
0380759500	4964
0380896850	4965
0140378278	4966
0449244172	4967
0451193237	4968
050552354X	4969
0345282140	4970
0505524090	4971
0505523752	4972
0380400634	4973
0505523892	4974
0316602906	4975
0312982518	4976
0312983212	4977
0345424646	4978
0345318854	4979
0345282132	4980
0553241729	4981
0553580221	4982
0679403612	4983
0671046160	4984
0345461967	4985
0373707347	4986
0373707363	4987
067103619X	4988
0671776800	4989
0804119732	4990
0553581643	4991
0345341988	4992
0380789892	4993
0812575911	4994
0679432477	4995
0151002290	4996
0345353749	4997
0345435028	4998
0446691321	4999
0449204324	5000
0060924985	5001
0061001058	5002
0061099813	5003
0140094296	5004
0140099832	5005
0140185003	5006
067081976X	5007
0670878073	5008
0671020323	5009
0671039857	5010
0679452354	5011
0679723692	5012
0441135560	5013
0393316009	5014
0671744208	5015
0373226608	5016
0743436830	5017
0553582224	5018
0440236347	5019
0505524473	5020
0380820897	5021
0821763075	5022
1551665964	5023
0425182142	5024
0380817160	5025
0609806564	5026
0380805995	5027
0671034006	5028
0671028367	5029
015668568X	5030
044661064X	5031
0451201256	5032
0451202244	5033
0446530239	5034
067942573X	5035
0743423682	5036
0446328731	5037
0812544412	5038
0590483528	5039
082175856X	5040
0688046606	5041
059045367X	5042
0804108587	5043
0449212394	5044
0515124281	5045
0451190149	5046
0312963009	5047
0140444254	5048
0140440038	5049
0590477455	5050
0590477447	5051
0590477439	5052
0590477412	5053
0590483552	5054
0440159008	5055
0440440629	5056
0440484332	5057
0590453696	5058
0590457403	5059
0590466178	5060
0553208845	5061
059048348X	5062
0671727583	5063
0804115761	5064
0399133453	5065
0451192001	5066
0345417941	5067
0345390458	5068
0553260197	5069
0553278002	5070
0061020699	5071
0449912051	5072
0553578138	5073
0451450523	5074
0446675776	5075
038000917X	5076
0380750260	5077
0440495962	5078
0064472051	5079
0140288503	5080
0156001314	5081
0060557257	5082
0743417682	5083
0743203631	5084
038078145X	5085
0373706456	5086
0061093327	5087
0373825048	5088
0373790856	5089
037348397X	5090
0061098760	5091
0373872046	5092
0446362662	5093
0373871805	5094
0373872038	5095
0515131210	5096
0553573705	5097
0553578936	5098
0671867156	5099
0765340747	5100
0786918071	5101
0812548094	5102
0671759213	5103
0671520350	5104
0061094048	5105
0061000078	5106
0312130279	5107
0439324599	5108
0439098645	5109
067102096X	5110
0452284449	5111
1861976127	5112
0689714335	5113
0440409233	5114
0140013997	5115
0061099252	5116
0345453387	5117
0380710870	5118
0449227944	5119
0451204077	5120
0515136530	5121
0821770195	5122
0440118700	5123
0373710615	5124
0743471393	5125
0684857820	5126
0380708213	5127
0375724400	5128
0385424736	5129
0380792494	5130
0380726246	5131
0449227898	5132
044922788X	5133
0380792478	5134
0380754134	5135
0679736042	5136
1573223425	5137
0811807282	5138
0743225120	5139
0679776591	5140
0345417976	5141
0440221420	5142
042510107X	5143
0373483422	5144
0380713608	5145
038072121X	5146
0061030597	5147
0440204208	5148
0446613444	5149
0440167477	5150
0671756443	5151
0786889608	5152
0451204115	5153
0446530891	5154
0380732661	5155
0743247752	5156
0553295608	5157
0316154075	5158
0399149848	5159
0553268929	5160
0446606243	5161
0375708278	5162
0446527033	5163
0553800973	5164
0743406176	5165
0394800389	5166
088404632X	5167
030723102X	5168
0440473500	5169
0679781382	5170
0717283208	5171
0717283534	5172
0609600664	5173
0380730200	5174
0684842696	5175
0452261368	5176
0394800168	5177
1881273156	5178
0316107107	5179
0316154059	5180
0446310492	5181
0446516570	5182
0743223543	5183
0821767984	5184
1551660490	5185
0671673661	5186
0553563386	5187
0425150143	5188
0385475713	5189
0060198346	5190
0345412923	5191
0060008024	5192
0028604199	5193
0375706410	5194
0140062718	5195
0060394447	5196
0451185560	5197
0451170725	5198
0515135739	5199
0375406522	5200
0802140122	5201
0804108749	5202
0575400951	5203
0679724516	5204
0440501601	5205
1853260320	5206
0140074317	5207
0440314887	5208
0440419468	5209
0393316041	5210
0451525221	5211
0446612618	5212
0449206610	5213
0451201558	5214
0451523326	5215
0553578693	5216
0670032379	5217
0671007637	5218
0688174035	5219
0684853949	5220
0060391448	5221
043965548X	5222
0373250541	5223
0345450914	5224
0060393211	5225
0141301147	5226
0140126562	5227
0312915799	5228
0671793543	5229
0671774670	5230
0590944649	5231
0553801341	5232
0515109908	5233
0451408462	5234
0060924845	5235
0440967694	5236
0679419608	5237
0671791974	5238
0345315227	5239
0786887842	5240
0743407083	5241
0375508546	5242
0836220609	5243
0743406184	5244
0060934913	5245
0066211611	5246
0451204956	5247
0425148289	5248
0425178773	5249
0451168690	5250
0140048332	5251
0515134279	5252
0061094110	5253
0804115486	5254
0345449347	5255
0446611921	5256
0440242002	5257
0440158532	5258
0380868768	5259
0609808249	5260
0553572512	5261
0060931418	5262
1575668807	5263
0525945121	5264
0842329293	5265
0446676071	5266
0671036505	5267
0312953615	5268
0151010668	5269
0061094129	5270
0345447832	5271
0671695886	5272
0553801821	5273
0385334710	5274
037325024X	5275
0060012897	5276
0441328091	5277
0553227041	5278
0441172717	5279
0441294677	5280
1401351964	5281
0142001821	5282
0156007193	5283
0142003697	5284
0156907380	5285
0310205719	5286
0140086838	5287
0394800184	5288
0425089037	5289
0060913061	5290
0380977761	5291
0525947671	5292
0451192028	5293
0452270073	5294
0446353930	5295
0425168468	5296
0425176169	5297
0449211991	5298
0449212661	5299
0449217205	5300
0449219569	5301
0451183746	5302
042515517X	5303
0399137769	5304
0312978367	5305
039914787X	5306
0399138714	5307
0812551494	5308
0449220184	5309
0451157281	5310
0380899361	5311
0140621334	5312
0060926317	5313
0345396537	5314
0804112959	5315
0804107491	5316
0446605409	5317
0399133844	5318
0394571029	5319
0394563492	5320
0446525537	5321
0451199480	5322
0515130966	5323
0140262032	5324
0312265840	5325
0786866772	5326
0312291450	5327
0385495641	5328
0446671223	5329
0452283914	5330
0743222245	5331
0743260244	5332
193072229X	5333
1592400876	5334
0553213385	5335
0446530085	5336
0375725601	5337
1551666510	5338
0451408470	5339
0671797050	5340
060961004X	5341
0060513640	5342
0316037370	5343
0802139868	5344
0440931800	5345
078686298X	5346
0689804466	5347
070434100X	5348
0805068015	5349
0804108528	5350
0804113343	5351
0894716905	5352
1853260002	5353
0684829975	5354
0671799045	5355
0786886307	5356
0671899333	5357
0679418733	5358
0671864416	5359
0670857246	5360
0684859718	5361
0684859734	5362
0684863472	5363
0684196387	5364
0684803860	5365
0451161394	5366
0449219380	5367
0449219402	5368
0440330076	5369
0440407524	5370
0446610127	5371
0446603651	5372
0440428130	5373
0449207145	5374
1551664933	5375
0821769340	5376
0843951958	5377
0874411033	5378
0679746692	5379
0440442508	5380
1573221465	5381
1576737330	5382
1583224912	5383
089480619X	5384
0553107305	5385
0486282112	5386
0446602345	5387
0446602485	5388
0452281091	5389
052594558X	5390
0446674362	5391
0553282085	5392
0517887940	5393
0486268705	5394
0553109588	5395
0399143718	5396
0393046974	5397
0452274664	5398
0446611751	5399
0486275639	5400
0452266564	5401
0449909735	5402
0440226198	5403
0425097722	5404
0671472569	5405
0671011375	5406
0553234811	5407
0670850535	5408
0671867873	5409
0671872001	5410
0553575376	5411
0671787454	5412
0553212419	5413
067172701X	5414
0671042564	5415
0553583468	5416
0452272971	5417
0670896764	5418
0553565915	5419
061810450X	5420
0670892742	5421
0671880187	5422
0671884298	5423
0671740504	5424
0590227637	5425
059047071X	5426
0590471570	5427
0452269652	5428
0375401156	5429
0375701907	5430
0380798395	5431
0380800780	5432
0394829085	5433
0395866502	5434
0380709120	5435
034536743X	5436
0345383958	5437
0340767960	5438
0375401601	5439
037540256X	5440
0380712520	5441
0374121230	5442
0380702843	5443
0380721228	5444
0380724081	5445
0380724979	5446
0380725835	5447
0394572343	5448
0440213991	5449
038549565X	5450
0394758277	5451
0425184129	5452
0425188140	5453
0425156710	5454
0425159418	5455
042516246X	5456
0425144062	5457
0425153789	5458
039454689X	5459
0446364304	5460
0312971397	5461
0061098019	5462
0345434803	5463
0312857675	5464
0312955006	5465
0316171638	5466
0061044571	5467
0061096113	5468
0140089225	5469
0380007789	5470
0440181275	5471
0671670913	5472
0553109200	5473
0449911683	5474
067003116X	5475
0671036645	5476
0671749412	5477
0812515595	5478
0671684264	5479
0312983832	5480
0449207544	5481
078688861X	5482
074341232X	5483
0553584375	5484
0060923245	5485
1551668467	5486
0061097659	5487
0312976909	5488
0373153260	5489
0451455509	5490
0380978407	5491
067188414X	5492
0671798316	5493
0671760513	5494
0451197542	5495
0553099558	5496
0330332775	5497
0060973684	5498
0060512377	5499
006015957X	5500
006092988X	5501
014200023X	5502
0385260083	5503
0375700269	5504
0446353728	5505
014034991X	5506
0373244487	5507
0385335377	5508
0385316917	5509
0380725231	5510
0679447830	5511
0374281602	5512
0679428895	5513
0446525804	5514
055326611X	5515
0449214176	5516
0836218620	5517
0553375407	5518
0836220625	5519
0836204255	5520
0671793578	5521
0671025333	5522
0836218663	5523
006105691X	5524
0061097306	5525
1551668726	5526
0452283442	5527
006018650X	5528
0312971230	5529
0785276149	5530
0671023209	5531
0671891081	5532
0553299506	5533
0140077022	5534
0425182010	5535
0425166112	5536
0449911446	5537
156836010X	5538
0345424603	5539
0439104661	5540
0425162605	5541
0786889160	5542
0812694333	5543
0061012491	5544
0061012882	5545
0425137562	5546
0061012289	5547
0380713829	5548
038071972X	5549
0312022824	5550
0671502522	5551
0671748882	5552
0688143695	5553
0425171884	5554
0671795937	5555
0671870610	5556
067102731X	5557
0440945151	5558
0446511528	5559
0670813028	5560
0671000853	5561
0671025341	5562
0380002558	5563
038070384X	5564
0743211383	5565
074341022X	5566
0373707207	5567
0373832451	5568
0316910333	5569
0345310799	5570
0316710571	5571
0553574604	5572
0553803077	5573
0609610996	5574
0553287400	5575
0553290789	5576
0553573209	5577
0553574094	5578
0515092266	5579
0515120871	5580
0451197410	5581
0451404823	5582
0446691798	5583
0449149900	5584
0451141083	5585
0446527017	5586
1551664879	5587
1551661586	5588
0671883410	5589
0671797476	5590
0316152196	5591
0312950489	5592
0671709704	5593
0671742647	5594
0399148639	5595
0671017144	5596
0590424971	5597
0394805720	5598
0060508183	5599
0446615145	5600
0836218515	5601
0836220498	5602
0451190521	5603
0380676524	5604
0061000280	5605
0345434498	5606
0679419462	5607
0553295098	5608
0060175680	5609
0767904133	5610
1551660253	5611
055327211X	5612
0553270257	5613
0451210727	5614
0399141464	5615
0345382293	5616
0688156126	5617
0743436679	5618
0786864133	5619
0767912950	5620
0767908198	5621
0425179451	5622
0425182886	5623
0425184056	5624
0758203330	5625
0767905202	5626
0060548215	5627
0060562250	5628
0451209028	5629
0373250177	5630
0373250169	5631
042519129X	5632
157322930X	5633
0425184285	5634
081296666X	5635
0425188213	5636
0525946233	5637
0618154442	5638
0061030430	5639
0142000485	5640
042518904X	5641
0375757597	5642
0440237033	5643
0373250266	5644
0373250258	5645
0373250231	5646
0345453549	5647
0140390464	5648
045120834X	5649
0440107601	5650
1551668246	5651
0156007819	5652
0765346524	5653
0752837613	5654
0751510114	5655
0747257833	5656
0590112899	5657
0552996181	5658
0671021354	5659
0330312367	5660
0439010799	5661
0679441891	5662
039914563X	5663
0394726251	5664
0394740181	5665
0399142185	5666
0061054097	5667
0816727953	5668
0786886323	5669
0890090572	5670
0316155306	5671
074322454X	5672
044661095X	5673
0312952813	5674
0875421369	5675
0670851086	5676
039914207X	5677
0373290608	5678
0373032900	5679
0553571575	5680
0373289596	5681
0812521269	5682
0380432811	5683
0553568914	5684
0060924799	5685
0061007145	5686
0345350588	5687
0743201647	5688
0380773155	5689
0684826976	5690
0553213172	5691
0380802937	5692
034537522X	5693
0140434003	5694
0688162827	5695
0425168697	5696
0684815451	5697
0380819643	5698
0345322215	5699
0345322231	5700
0345307615	5701
0394543971	5702
0441005926	5703
0345360001	5704
0380769840	5705
0380005255	5706
0452281636	5707
0451410742	5708
0679404864	5709
038549128X	5710
0345353730	5711
037324357X	5712
0060508302	5713
0515136379	5714
0312289723	5715
0446603589	5716
0679450432	5717
0373711026	5718
0373834284	5719
0425192768	5720
0440224403	5721
0446520756	5722
0449207757	5723
0380803305	5724
0373244428	5725
0373244916	5726
0373290284	5727
0373483430	5728
0761121102	5729
0373484895	5730
0743245520	5731
0743442660	5732
0671737643	5733
0553213415	5734
055328990X	5735
0515133086	5736
051512463X	5737
1551665409	5738
1551665824	5739
0821772252	5740
0778320200	5741
0758200846	5742
044022389X	5743
0440211077	5744
0821776118	5745
0553584219	5746
0380001098	5747
067168972X	5748
067169863X	5749
0425168964	5750
0425189058	5751
0553566075	5752
0843948787	5753
084394840X	5754
0843944765	5755
0373835124	5756
0373484909	5757
0505525356	5758
055358099X	5759
0446602566	5760
0399151540	5761
0425155412	5762
015100692X	5763
0312240910	5764
0671016652	5765
0843950951	5766
0843951583	5767
1551665336	5768
0804119910	5769
0449000184	5770
0449003183	5771
0312983751	5772
0671042467	5773
0671042475	5774
0671524097	5775
039914739X	5776
0380804387	5777
0671042459	5778
0373484089	5779
0393312836	5780
0553563513	5781
0312264372	5782
0312965338	5783
0380800608	5784
0425146707	5785
0425143570	5786
0425136612	5787
1551665344	5788
1551664976	5789
1551667010	5790
1551665840	5791
0312978375	5792
0380789353	5793
0380765489	5794
0425175367	5795
0440206251	5796
0440217490	5797
0440217466	5798
0440211476	5799
0380841940	5800
0399151060	5801
0399142614	5802
0380815583	5803
0380807351	5804
0865471185	5805
0786864982	5806
0812585151	5807
0821768379	5808
0821768417	5809
0743436822	5810
0821772155	5811
067172519X	5812
0884042847	5813
0880387300	5814
0871138190	5815
1551667223	5816
1551667509	5817
0312982623	5818
038079960X	5819
0394742117	5820
0380720477	5821
1551668815	5822
1551668254	5823
1551669390	5824
0743422732	5825
156947012X	5826
0743457439	5827
0373218443	5828
0373271875	5829
0373484003	5830
0373706928	5831
0440225345	5832
0373226306	5833
0373243936	5834
0375503943	5835
044023512X	5836
0440226406	5837
0446323268	5838
0312971540	5839
0345253736	5840
0446315176	5841
0061040347	5842
0345450728	5843
0373834799	5844
0345430581	5845
0440236800	5846
0440949424	5847
0425165701	5848
0425151875	5849
0375709215	5850
0425182681	5851
0380711079	5852
0449149099	5853
0449148378	5854
0449005852	5855
044022375X	5856
0440223571	5857
0505524805	5858
0451402103	5859
0515128600	5860
0515109746	5861
0515112305	5862
0452257743	5863
0486270610	5864
0505524651	5865
051512088X	5866
0515124435	5867
0515128015	5868
0312966393	5869
0345282159	5870
0061099686	5871
0140113428	5872
0252006860	5873
0425180050	5874
0060916338	5875
0140250948	5876
0061092614	5877
0525945636	5878
0812524268	5879
1573222259	5880
0156012197	5881
0880882239	5882
0595256368	5883
0385498233	5884
0345272552	5885
0671003739	5886
0020199600	5887
0671532642	5888
0553211668	5889
0425102416	5890
0345446666	5891
0879979623	5892
0671799312	5893
0590254766	5894
0440224748	5895
0679759336	5896
0553377868	5897
015640057X	5898
0553569082	5899
0385315236	5900
0374480095	5901
0373240228	5902
0380811790	5903
0671737619	5904
0140177361	5905
0446350419	5906
0451184327	5907
039914112X	5908
0380679914	5909
0141002077	5910
0440221463	5911
0399138250	5912
0553246070	5913
0553564404	5914
0553290266	5915
0440211921	5916
0440184622	5917
0399148469	5918
0375504397	5919
0345415000	5920
0373790481	5921
0451183940	5922
0452279070	5923
0671017047	5924
051512558X	5925
0449211479	5926
0671737848	5927
0330375253	5928
0140430741	5929
0679457143	5930
0446530387	5931
0060194448	5932
0312319142	5933
055380247X	5934
0553801929	5935
039913879X	5936
0380977311	5937
0399143025	5938
0399143629	5939
0743240855	5940
0679750789	5941
0679445358	5942
0312243359	5943
0671532766	5944
1400060117	5945
0743477081	5946
0375758992	5947
0375705171	5948
0399140751	5949
0553268937	5950
0373482590	5951
0373484836	5952
0373835973	5953
0380815575	5954
0821729128	5955
0821733621	5956
0553277405	5957
0517703963	5958
0451199685	5959
0893757071	5960
0440133688	5961
0312421273	5962
067178546X	5963
0679432469	5964
0451185978	5965
0449210820	5966
0553209671	5967
0385337477	5968
0345345053	5969
0440235715	5970
0380807122	5971
0515131334	5972
0821771108	5973
0373790945	5974
0743431014	5975
0679735666	5976
0345434773	5977
0670032549	5978
038533303X	5979
0425179613	5980
0399143696	5981
0399136703	5982
0345322401	5983
0330246631	5984
0440168899	5985
0061094471	5986
039913039X	5987
039575514X	5988
0425098680	5989
038529932X	5990
0380765462	5991
0446311774	5992
0440940605	5993
0440120500	5994
0440114764	5995
0440102804	5996
044021422X	5997
0440214114	5998
006109207X	5999
0061092037	6000
038049163X	6001
0061000175	6002
0312959974	6003
0312901437	6004
0316735736	6005
0553573926	6006
055357227X	6007
0061000035	6008
0020518706	6009
0345413369	6010
0345394267	6011
0380710811	6012
0380603764	6013
0345413865	6014
031208188X	6015
0146000552	6016
0380003821	6017
037570731X	6018
0684196395	6019
0679766626	6020
0679455116	6021
0345391829	6022
0804117683	6023
0345353625	6024
0345343581	6025
0345422473	6026
0671640585	6027
0671775391	6028
0804111421	6029
0449213323	6030
0449212858	6031
0786889187	6032
0684859726	6033
0804110379	6034
0446671002	6035
067087311X	6036
1853260045	6037
1853260436	6038
0448095076	6039
0449005410	6040
0316734357	6041
0345354931	6042
0671000306	6043
0671020943	6044
088396631X	6045
0671026682	6046
044022859X	6047
0670857831	6048
059044333X	6049
0590457217	6050
0399141359	6051
0373483899	6052
0399150560	6053
0099245027	6054
1853260622	6055
1853260363	6056
0671038443	6057
0671722751	6058
0671722794	6059
0971181802	6060
0373226772	6061
0451171128	6062
0486270629	6063
0060987049	6064
0020868308	6065
0425140318	6066
0373226799	6067
068486424X	6068
0345422406	6069
0345432401	6070
0671881612	6071
0451410947	6072
0804119511	6073
0743456351	6074
0758200862	6075
0743453476	6076
0505525275	6077
0060529466	6078
0449006832	6079
0380820064	6080
0451205448	6081
0758203381	6082
0060092130	6083
0451410904	6084
0451409256	6085
0380789876	6086
0671027573	6087
0778320219	6088
0373250363	6089
031298376X	6090
0451410971	6091
0804119724	6092
0804119708	6093
0553382349	6094
0553586203	6095
0060185074	6096
0060002069	6097
0060519134	6098
0060527048	6099
0380819368	6100
0345456939	6101
0345464982	6102
0380811081	6103
0345453425	6104
037322365X	6105
0061032093	6106
034544227X	6107
0553213423	6108
0553297988	6109
0553568019	6110
0345260627	6111
0140386335	6112
0440405483	6113
0553297996	6114
0380872218	6115
0553298046	6116
055329802X	6117
0312925883	6118
0345407288	6119
0449002411	6120
0671034677	6121
0451406095	6122
055310523X	6123
0553802461	6124
067100767X	6125
0425182673	6126
0671039830	6127
0743444078	6128
0446611913	6129
1551665514	6130
0553582135	6131
0553276182	6132
045120915X	6133
0451166884	6134
0451191307	6135
1551669455	6136
0743422910	6137
0425191184	6138
0671739743	6139
1551664852	6140
0060549270	6141
0821768166	6142
0380817918	6143
0380817896	6144
0505523078	6145
1551667827	6146
038077352X	6147
1551669315	6148
1551665093	6149
0380015390	6150
0553564684	6151
0671319744	6152
0399151648	6153
0425181103	6154
050552340X	6155
0060925752	6156
0140186409	6157
0060922249	6158
0880389095	6159
0880382651	6160
0884042820	6161
0880387548	6162
077832012X	6163
0425097609	6164
0425188132	6165
0884042839	6166
088038266X	6167
0880385197	6168
0553273906	6169
0743418220	6170
0880385480	6171
088038722X	6172
0671704648	6173
0061092045	6174
0812532570	6175
0890876517	6176
0743418131	6177
0864425295	6178
0804113831	6179
0842332286	6180
0812533534	6181
0972172335	6182
1558531564	6183
0515090654	6184
051509160X	6185
0140124454	6186
055321246X	6187
055321277X	6188
0553560247	6189
0553238132	6190
0590414291	6191
0446909912	6192
0449006565	6193
0449214427	6194
0451131517	6195
0451210743	6196
0440195934	6197
0486424634	6198
0449904067	6199
0316107352	6200
0316153990	6201
0440216540	6202
0345412214	6203
0373226632	6204
0380009471	6205
0316107298	6206
1573221856	6207
0767907809	6208
0671681567	6209
0688152449	6210
0399147381	6211
0312185863	6212
0446519723	6213
0671567829	6214
0385729332	6215
0399135782	6216
0743410653	6217
0399148728	6218
0385498799	6219
0312203039	6220
0345368436	6221
0821772244	6222
0449149080	6223
055357695X	6224
0553099604	6225
1582342695	6226
0679437851	6227
0679450742	6228
0679459626	6229
1551662817	6230
1551664275	6231
0688168256	6232
0821762982	6233
0671621963	6234
0671689762	6235
0671702513	6236
0553578022	6237
0553564994	6238
0373218451	6239
0385479484	6240
0385336454	6241
0440129389	6242
0345402308	6243
0451129504	6244
0515110973	6245
0440201225	6246
006109692X	6247
038097536X	6248
0373218427	6249
0345452704	6250
0671042505	6251
0373270976	6252
0743457951	6253
0449211681	6254
0345414942	6255
0590477404	6256
0590483404	6257
0590442449	6258
0451524667	6259
0440784743	6260
0590494481	6261
059049449X	6262
0880016884	6263
0553212737	6264
0380633132	6265
0446670111	6266
0446604682	6267
0060920084	6268
0152164561	6269
0446526479	6270
0778320448	6271
0312291655	6272
0060521856	6273
0312968973	6274
0380842939	6275
0399149392	6276
044017158X	6277
0552999458	6278
0373218540	6279
0515124524	6280
0380819171	6281
0380769530	6282
0380795124	6283
082175758X	6284
0451410777	6285
0451199693	6286
0515114863	6287
1551666685	6288
1551660520	6289
0843950641	6290
1551667517	6291
1551666650	6292
1551666596	6293
0505525097	6294
067100400X	6295
0671003593	6296
0553582143	6297
0425157628	6298
0425195260	6299
0425171078	6300
0671016792	6301
0553299468	6302
0553289322	6303
0804119791	6304
0743464451	6305
0743444264	6306
0743442717	6307
0515132292	6308
0373270917	6309
0373272839	6310
0060083255	6311
0449005828	6312
0373225709	6313
0373218257	6314
0373098537	6315
0373078358	6316
0373078234	6317
0553575023	6318
0786889004	6319
078601489X	6320
0821772287	6321
0515136549	6322
1551668866	6323
0671568841	6324
0316912123	6325
0316911488	6326
0380811065	6327
082176828X	6328
0380808307	6329
0843948272	6330
1551665719	6331
1551665956	6332
0060092661	6333
0373691300	6334
0821763415	6335
0380805707	6336
0446608297	6337
0446608114	6338
067103412X	6339
0316812471	6340
0061095540	6341
0425164349	6342
0399134204	6343
0590060198	6344
0140346406	6345
0743418735	6346
0525934251	6347
055334949X	6348
0316085251	6349
0385317018	6350
0060917016	6351
0375758453	6352
0375706429	6353
0312140908	6354
0385503954	6355
0767902831	6356
0375501347	6357
0553258540	6358
006109286X	6359
0515123471	6360
0061091316	6361
0449207552	6362
0345359321	6363
0590437151	6364
0590568809	6365
0590568892	6366
0684847957	6367
0689848684	6368
0553282093	6369
0553287737	6370
0316788228	6371
0812517725	6372
0812574621	6373
0812550293	6374
0330330276	6375
0140430059	6376
0812550285	6377
0399238794	6378
0345341678	6379
0140265988	6380
0060925000	6381
0064471969	6382
0375803483	6383
0743458680	6384
014011369X	6385
0452284937	6386
0373711263	6387
1551668378	6388
0345463927	6389
155166870X	6390
1551665395	6391
1551665204	6392
0671036564	6393
0553571850	6394
084394952X	6395
0425150984	6396
0373272243	6397
0373483554	6398
0440226015	6399
0140185216	6400
0007154615	6401
1853260061	6402
0552146986	6403
0140622179	6404
0446523089	6405
0449222276	6406
0816739161	6407
037570924X	6408
0345333756	6409
0679736379	6410
0446356190	6411
074342347X	6412
0446363383	6413
0440169127	6414
0449125092	6415
0517693119	6416
0515091383	6417
0515090204	6418
0553264567	6419
039914675X	6420
0425166929	6421
0312316933	6422
0140070206	6423
0451524209	6424
0451523733	6425
0451205626	6426
1931520003	6427
0523422377	6428
0440234727	6429
0425180727	6430
0425184463	6431
0312954786	6432
0425157547	6433
0446605883	6434
0345388771	6435
0440206685	6436
0440207835	6437
0440216877	6438
0671523090	6439
0515128821	6440
0743410602	6441
0743419154	6442
0446359637	6443
0345430514	6444
0553579312	6445
044661209X	6446
0449224260	6447
0451162919	6448
0515134120	6449
0515126098	6450
0312135866	6451
0061092606	6452
006109921X	6453
0060529709	6454
0743435338	6455
0312957572	6456
0778320383	6457
1551669382	6458
0345394259	6459
0440212359	6460
0671532855	6461
0684854759	6462
0679723420	6463
1853262374	6464
0380800233	6465
042513024X	6466
0380763400	6467
0821770985	6468
038078520X	6469
0380799375	6470
0373871589	6471
0449208397	6472
0684848961	6473
0767902076	6474
0743444477	6475
1551668521	6476
1551666022	6477
0373872232	6478
037387216X	6479
0373872135	6480
0373872127	6481
0373872062	6482
0140065172	6483
0061042781	6484
0440222699	6485
0440226139	6486
0440215439	6487
0440220696	6488
0451159098	6489
0440208297	6490
0449206440	6491
0446602620	6492
0440237416	6493
0440216842	6494
0399139087	6495
0446364754	6496
0373484372	6497
039914496X	6498
0425140601	6499
0425143341	6500
044661176X	6501
051513290X	6502
0452283485	6503
0515110396	6504
0515119644	6505
0505523302	6506
0515136557	6507
0451203844	6508
0451173376	6509
0525944885	6510
0525946535	6511
0553578685	6512
0451192303	6513
0451197550	6514
0451178017	6515
0451179153	6516
0449226182	6517
0449243346	6518
0451127897	6519
0553258001	6520
0553270222	6521
0451407946	6522
0451203054	6523
0451210980	6524
0345382323	6525
0373250347	6526
0345304616	6527
0061008737	6528
0061056871	6529
0061091464	6530
0061097233	6531
0060578955	6532
0061099481	6533
0060085452	6534
0060988649	6535
0345433165	6536
0345444884	6537
0312205406	6538
0345342569	6539
0312265867	6540
0312287364	6541
0066210151	6542
0140097112	6543
0140178406	6544
0156027607	6545
0312134517	6546
0312974922	6547
0312986734	6548
0060184957	6549
0060199598	6550
0312421036	6551
0312423772	6552
0312928831	6553
0399144048	6554
0385337574	6555
0385311109	6556
0380728133	6557
0380763990	6558
0380793261	6559
0373250312	6560
037325038X	6561
0373289073	6562
0373289189	6563
0373250371	6564
0385182449	6565
0385294166	6566
034068948X	6567
0380725711	6568
0812564375	6569
0812543262	6570
0679454497	6571
0821773402	6572
0688084915	6573
0843950463	6574
0843949880	6575
0812590244	6576
0061092827	6577
0385489129	6578
0671024817	6579
0515135216	6580
0451457897	6581
0451525884	6582
0886774500	6583
0886774829	6584
0886777631	6585
0886778441	6586
0553567772	6587
044100069X	6588
0345335465	6589
0804118558	6590
0505524384	6591
0345356578	6592
0345346971	6593
0515123447	6594
0515122564	6595
0312960891	6596
0312986769	6597
0316926345	6598
0061092886	6599
0440222028	6600
0440220653	6601
0060572965	6602
0671047329	6603
0743490398	6604
0553569570	6605
0778320057	6606
0373872356	6607
0385416342	6608
0345442768	6609
0345439112	6610
0312995458	6611
185326041X	6612
0800718372	6613
0671644459	6614
051513225X	6615
0440208270	6616
0440208289	6617
0515111317	6618
0515116246	6619
0590484125	6620
0590442368	6621
059043411X	6622
0590494309	6623
0590568906	6624
0590568833	6625
0553153277	6626
0590997262	6627
0590762575	6628
0590629824	6629
0671864769	6630
0553295780	6631
0590109715	6632
0449244679	6633
0553561278	6634
0451192176	6635
0515094978	6636
0451451600	6637
0451408683	6638
0671733893	6639
0590251597	6640
0821718436	6641
0743457935	6642
0743457463	6643
1551562847	6644
089375403X	6645
0812583418	6646
0618129081	6647
044100914X	6648
0440214432	6649
0446321095	6650
0446314722	6651
0394543963	6652
0590566466	6653
0812522397	6654
0590568779	6655
0590997327	6656
0812531035	6657
0590553232	6658
0671034065	6659
0590568787	6660
0671745093	6661
0671690574	6662
0671684876	6663
0671872656	6664
0786817879	6665
0679419454	6666
0425174018	6667
0142000108	6668
043942089X	6669
0439376068	6670
0380767589	6671
0307010368	6672
0440407532	6673
0441006930	6674
0440932599	6675
0449148408	6676
0440212189	6677
0440115450	6678
0446360325	6679
1400030382	6680
0399151613	6681
1400060737	6682
1400042070	6683
0812971043	6684
037382503X	6685
0312867875	6686
037322639X	6687
0373226543	6688
0373825072	6689
0373226314	6690
0373226373	6691
0373825056	6692
0373825064	6693
0425104338	6694
0373226292	6695
0060263857	6696
0345434684	6697
0590432796	6698
0811807843	6699
0451150317	6700
0671525751	6701
0872169464	6702
0373706898	6703
0671690094	6704
0671873210	6705
0060915153	6706
0684195305	6707
0446609617	6708
067172939X	6709
042512892X	6710
185326024X	6711
0671880551	6712
0671729497	6713
0449702545	6714
0061097934	6715
0441000312	6716
0451410556	6717
0380818329	6718
0449227847	6719
0449227863	6720
0812509250	6721
0812508645	6722
0812509234	6723
0812533054	6724
0765300176	6725
0060927240	6726
0553274325	6727
0380005166	6728
0449232921	6729
0451203046	6730
0451454537	6731
0553277839	6732
0140176616	6733
0380784491	6734
0380784505	6735
0330330373	6736
0440214920	6737
0440202558	6738
1580050751	6739
1582343047	6740
0440202515	6741
0345283929	6742
0679435328	6743
0441023622	6744
0451160444	6745
0448089033	6746
0886774713	6747
0151003076	6748
0061099325	6749
0380645432	6750
0345433785	6751
0553212710	6752
0553269151	6753
0505523728	6754
0553211161	6755
067151914X	6756
0451458443	6757
0451459067	6758
0451459407	6759
067162461X	6760
0451188470	6761
0671524313	6762
0671041460	6763
0671836927	6764
055357339X	6765
067179566X	6766
0553278827	6767
0671865714	6768
0671795678	6769
0671689231	6770
0671721291	6771
0671534645	6772
067174559X	6773
0765343436	6774
0671687085	6775
0671705601	6776
0671496174	6777
0553213059	6778
0020198906	6779
0786867248	6780
0060391782	6781
0618015841	6782
0786890037	6783
0671704656	6784
0060977337	6785
0451168089	6786
0894808249	6787
0061056006	6788
0375750525	6789
0385491069	6790
0316107255	6791
000716226X	6792
0806518871	6793
0060988096	6794
067100316X	6795
0671867296	6796
0875420036	6797
0842329110	6798
0061092800	6799
0671039970	6800
0671035452	6801
0451526554	6802
0451185110	6803
0425155064	6804
0425147746	6805
0140434186	6806
0440224039	6807
1853260789	6808
0345368991	6809
0061097497	6810
0345339495	6811
0446603988	6812
0671522922	6813
0671015206	6814
0671729403	6815
0446313033	6816
0440215757	6817
0440210690	6818
0345340892	6819
0345340418	6820
0140131612	6821
0060936363	6822
0060932813	6823
0062501860	6824
0312979479	6825
014034893X	6826
0316785261	6827
0345321200	6828
0553278355	6829
0553278029	6830
0590442562	6831
0553582917	6832
0380769336	6833
0451410386	6834
0451156234	6835
0446603503	6836
0156658992	6837
0671003364	6838
0671032992	6839
0440539811	6840
0552999954	6841
0345312015	6842
0312272057	6843
0451173082	6844
0451185501	6845
0425184234	6846
0449205436	6847
0385318804	6848
0515137111	6849
068480297X	6850
0399134409	6851
0380820544	6852
0345451902	6853
0345409272	6854
0345444388	6855
0061020656	6856
0061020664	6857
0440223989	6858
0679435271	6859
0375709150	6860
0330400967	6861
0671744623	6862
0440204429	6863
0446342106	6864
0671522647	6865
0679889175	6866
0451458508	6867
0553270540	6868
0451175824	6869
0451146425	6870
044990587X	6871
0449238083	6872
0441644651	6873
0449222586	6874
0553212621	6875
0449217280	6876
0451159276	6877
0451628039	6878
0441484999	6879
0441006582	6880
0441003443	6881
044155279X	6882
0440119383	6883
0425090787	6884
0446400513	6885
0446603511	6886
044166251X	6887
1853260134	6888
0671606840	6889
0671601075	6890
067146714X	6891
0671039296	6892
0671007696	6893
0812505158	6894
0812504690	6895
0786889322	6896
0679732268	6897
0671746723	6898
0553561375	6899
0553292455	6900
0671021362	6901
0553287893	6902
0553286005	6903
0553285246	6904
0553274066	6905
0553271644	6906
0515093491	6907
0553263285	6908
0553261908	6909
0590494503	6910
0590404008	6911
0553580280	6912
0553575953	6913
0553575406	6914
0553572350	6915
0142437174	6916
0061098027	6917
0345337646	6918
0152162577	6919
0345335287	6920
0345329341	6921
0345278313	6922
0345316991	6923
034531607X	6924
0345305507	6925
0345296710	6926
0345296583	6927
0380720876	6928
0886773849	6929
0786889446	6930
0886775957	6931
0886775981	6932
0886776686	6933
0886777313	6934
0880381752	6935
1551665379	6936
0886774802	6937
0812575237	6938
0515134899	6939
0060391480	6940
1853260312	6941
0440505828	6942
0671874349	6943
0671755056	6944
0671694049	6945
0399149864	6946
0393315703	6947
0140431357	6948
0064408620	6949
0061007226	6950
0060582553	6951
0671441981	6952
0451209540	6953
0451409957	6954
0451117298	6955
0451206878	6956
0972393617	6957
0843950757	6958
0671792369	6959
0671882678	6960
0671739441	6961
0671746081	6962
0671746065	6963
0671661892	6964
0515133418	6965
0452281032	6966
0671034014	6967
0451179897	6968
0671568833	6969
0767903625	6970
067169507X	6971
067102177X	6972
0743442652	6973
0671014188	6974
0590762567	6975
0553382411	6976
0375413596	6977
0373711328	6978
0373835817	6979
0373872410	6980
0385316577	6981
0440236819	6982
0373765037	6983
0373765193	6984
0373872437	6985
0373245432	6986
0385335466	6987
0345453808	6988
0373245319	6989
0373245513	6990
0316899992	6991
0345411471	6992
0345426606	6993
0446527750	6994
0449001016	6995
0446358584	6996
0446527297	6997
0395669588	6998
0399142991	6999
0399144412	7000
0385313012	7001
0380720132	7002
0446300152	7003
0385491808	7004
0425179230	7005
0380791994	7006
0061032042	7007
0345442741	7008
0062554468	7009
0062553895	7010
0373707649	7011
0821776436	7012
0821776037	7013
0671795988	7014
0140256369	7015
0140018328	7016
0609801279	7017
0553583077	7018
0312975856	7019
0515132624	7020
0060176075	7021
0842321969	7022
0842329145	7023
0842321950	7024
0385336314	7025
0375411089	7026
0373285019	7027
0373285000	7028
0671467263	7029
038080719X	7030
0393317552	7031
0399141928	7032
0743467426	7033
050552113X	7034
0679732411	7035
0373250460	7036
0140075623	7037
0394582586	7038
0312956126	7039
0152020683	7040
0312981589	7041
0312951426	7042
0345426037	7043
0345426274	7044
0425162397	7045
0345360338	7046
0345379365	7047
0345408039	7048
0373835760	7049
038080736X	7050
042514545X	7051
0425151379	7052
0380773805	7053
0395585643	7054
0395875145	7055
0440224721	7056
0440220688	7057
0385497296	7058
0394556968	7059
0446516325	7060
0385720114	7061
0425177750	7062
0425179176	7063
0440236754	7064
0451198387	7065
0449911357	7066
0486250334	7067
0440225590	7068
0446609951	7069
0553253360	7070
0553274554	7071
0448089017	7072
0451180224	7073
0449213757	7074
0553273965	7075
0515130095	7076
0525945172	7077
0451197038	7078
0671674463	7079
0451199960	7080
0671528165	7081
051511264X	7082
0553560204	7083
0553089226	7084
0553569074	7085
0671553038	7086
0515089958	7087
0553564978	7088
0553575937	7089
0671496786	7090
0743225422	7091
060960225X	7092
0670032069	7093
0743233468	7094
0804119996	7095
0689832559	7096
0312421702	7097
0060558199	7098
0375414657	7099
0375502912	7100
0373250630	7101
0316735027	7102
0156013908	7103
0451205774	7104
0670910236	7105
0743246071	7106
074324642X	7107
1400051452	7108
0452281768	7109
076534128X	7110
0452281725	7111
0679783571	7112
0446692298	7113
0671755064	7114
0609810103	7115
0743439651	7116
0679463135	7117
076790382X	7118
0812507916	7119
0425192938	7120
0743448642	7121
0140088946	7122
0061056243	7123
0060809833	7124
0804119600	7125
014100374X	7126
0609608738	7127
0679739793	7128
0671793888	7129
067175145X	7130
0770426182	7131
0553096060	7132
0590434519	7133
0553282808	7134
0007141076	7135
0064401480	7136
0140083871	7137
0060958014	7138
0525943749	7139
0671657860	7140
0671636782	7141
0060925493	7142
0671526022	7143
0553266055	7144
0553801589	7145
0916856011	7146
0937611018	7147
0836218981	7148
0836217012	7149
0399132414	7150
0440995779	7151
0894864025	7152
0892966971	7153
0871138743	7154
0679441557	7155
0679400702	7156
0689704208	7157
0688151981	7158
068803036X	7159
0878575103	7160
0684852683	7161
0345358791	7162
0345354915	7163
0345352467	7164
0345350480	7165
0345346491	7166
0385315147	7167
0385267134	7168
0156439611	7169
0375700293	7170
0375507876	7171
0394584082	7172
0446515078	7173
0441865038	7174
0671507036	7175
0553582364	7176
067973709X	7177
0140167188	7178
0060973617	7179
0140131566	7180
0449208109	7181
0312965788	7182
0312420323	7183
0156005778	7184
0316926086	7185
0553286587	7186
0345339967	7187
0553569473	7188
0671010107	7189
038077013X	7190
0060002050	7191
0060001453	7192
0425186857	7193
0380819627	7194
0380812967	7195
0380812010	7196
0380811979	7197
0515129968	7198
0451203585	7199
0446606138	7200
0425183238	7201
0425093328	7202
0345330145	7203
0743456866	7204
0671722069	7205
0380792648	7206
0441748600	7207
0671463195	7208
0140043128	7209
0451525442	7210
1400033543	7211
0425194515	7212
0486284670	7213
0486278042	7214
0451451384	7215
0553288733	7216
0140620206	7217
0345422511	7218
1551669625	7219
1853811262	7220
0486284999	7221
0380730367	7222
0553801279	7223
0316666009	7224
0451521951	7225
0064401871	7226
006440630X	7227
0441005764	7228
0440984459	7229
0345418794	7230
0345380193	7231
0373483287	7232
0451125509	7233
1573229865	7234
0671648861	7235
0345367898	7236
0375712925	7237
0061013412	7238
0394825993	7239
0395345308	7240
0440204399	7241
0684803356	7242
0671729470	7243
0553210351	7244
0553291025	7245
0684813076	7246
0684867532	7247
0451524829	7248
0486290301	7249
0020449313	7250
0425149625	7251
067187120X	7252
0373802021	7253
0440170842	7254
0380506092	7255
0380014300	7256
0375753206	7257
0349109435	7258
0425111830	7259
0394900014	7260
0441694543	7261
0449208346	7262
038071082X	7263
0307020223	7264
0553282352	7265
0394809378	7266
0451113357	7267
0821773682	7268
0451206711	7269
0671737554	7270
0671653989	7271
1551667967	7272
0671017128	7273
0345350472	7274
0590414275	7275
0451457994	7276
0451407482	7277
0345274695	7278
0312969252	7279
0671017152	7280
0066214718	7281
0515130117	7282
0671041649	7283
0688171478	7284
0380719223	7285
0064403688	7286
0425177378	7287
0553294385	7288
0671002783	7289
1551664399	7290
0552998532	7291
0060924349	7292
0743249291	7293
0316314641	7294
0553587064	7295
0671795538	7296
0446354732	7297
1400077354	7298
0843950498	7299
0312987625	7300
0385336764	7301
0671739727	7302
0671739751	7303
0440219507	7304
0671020307	7305
0671736809	7306
0671690590	7307
0671020315	7308
0345381645	7309
0812513754	7310
0843949171	7311
0843950455	7312
0449218112	7313
0821775286	7314
0821772872	7315
0821766392	7316
0821764713	7317
0380818213	7318
0373790465	7319
0380817411	7320
0515115843	7321
0373709862	7322
0373290128	7323
0373272901	7324
0553575244	7325
038081790X	7326
0451208293	7327
0446606782	7328
0451206754	7329
0451409892	7330
0425116018	7331
0373245386	7332
0505523493	7333
0373272847	7334
0671899619	7335
0553212184	7336
0553269224	7337
0446611727	7338
0140278826	7339
0345410017	7340
0671690582	7341
0671026305	7342
067187750X	7343
080411336X	7344
0140366784	7345
0451207335	7346
0515103292	7347
0804102988	7348
044651506X	7349
044990542X	7350
0345420438	7351
0671456857	7352
0553581880	7353
0060504080	7354
0345452577	7355
0394539079	7356
0061056898	7357
0061099570	7358
0671023373	7359
0395927218	7360
0140133488	7361
0399149759	7362
0399151443	7363
0812540336	7364
0515121487	7365
0804107386	7366
038072362X	7367
1400060222	7368
0449209830	7369
0449208281	7370
0553252704	7371
0964060515	7372
0440961327	7373
0821761730	7374
0140022651	7375
0140620338	7376
0679775439	7377
0805055908	7378
0451185897	7379
0446516317	7380
0894718207	7381
0446519804	7382
1551660717	7383
0140153195	7384
1853260088	7385
0679767800	7386
0553293370	7387
075820230X	7388
0553584707	7389
051513175X	7390
0440203430	7391
0752853694	7392
0679728899	7393
0671870114	7394
0345435796	7395
0345457374	7396
0553210823	7397
0671536613	7398
0451184262	7399
0451192311	7400
038075911X	7401
0060092653	7402
0440222079	7403
0449911012	7404
0385311400	7405
0373834179	7406
0671868713	7407
0515124060	7408
0786867175	7409
0553580388	7410
078686818X	7411
0804105995	7412
0515107476	7413
0446360872	7414
0671014935	7415
0505524686	7416
0446523321	7417
0515125490	7418
0671024809	7419
0679450424	7420
067988288X	7421
0446342963	7422
038073186X	7423
0385484011	7424
0786890002	7425
1551666103	7426
0786866314	7427
067941603X	7428
0060506989	7429
0671673653	7430
0060176806	7431
0374234574	7432
0515133639	7433
0671042491	7434
0786851473	7435
0812568710	7436
0061031445	7437
0880299053	7438
1558745726	7439
006108171X	7440
0553568167	7441
0553298054	7442
0061059056	7443
0743229878	7444
0671797042	7445
0451180216	7446
0670241334	7447
081257558X	7448
0140124373	7449
0380708353	7450
0743453255	7451
0451410750	7452
0060005548	7453
0060012781	7454
0060558121	7455
0060002492	7456
0393050939	7457
0425177068	7458
039914840X	7459
0312985207	7460
0671873199	7461
0375412115	7462
158234082X	7463
0553571729	7464
0515132039	7465
0590443321	7466
067101417X	7467
1551664240	7468
155166738X	7469
155166786X	7470
0671744186	7471
0345298349	7472
0140092846	7473
0446359459	7474
0440217512	7475
0451210557	7476
0385335431	7477
0380718367	7478
0312974698	7479
0671537865	7480
039914868X	7481
0515129240	7482
0451210158	7483
038071907X	7484
0425146812	7485
0066236568	7486
0064472531	7487
0743437128	7488
0345368932	7489
0345347226	7490
1896860982	7491
1576738582	7492
0671685635	7493
0060571314	7494
0064405079	7495
0590442376	7496
0553576003	7497
0553575090	7498
0553204343	7499
0452285186	7500
0743457269	7501
0373196318	7502
0064402754	7503
0064400204	7504
0671739778	7505
067173976X	7506
0671739719	7507
0553278363	7508
0553274465	7509
0590425919	7510
0451171357	7511
1551660342	7512
0812695313	7513
0446600261	7514
0446612626	7515
0451184734	7516
0553276328	7517
0061098752	7518
0425187055	7519
0312962452	7520
0451400569	7521
0451197968	7522
0380975068	7523
0380816547	7524
0671751506	7525
0743222229	7526
0446611514	7527
0679731377	7528
0399145672	7529
0451208188	7530
0452272319	7531
0553576607	7532
0671026844	7533
0671026860	7534
067166218X	7535
0671870963	7536
0380800268	7537
0061032476	7538
1573222038	7539
0671553046	7540
0380727544	7541
0316037397	7542
0671743791	7543
0553573861	7544
0553565370	7545
0312951647	7546
0345335406	7547
0446609145	7548
055380250X	7549
0440236770	7550
0425192032	7551
0812511069	7552
0312970234	7553
0425173895	7554
038549744X	7555
0312873115	7556
0156106809	7557
0192833553	7558
0312872402	7559
044636214X	7560
0743237196	7561
0060558865	7562
1582342156	7563
0812515609	7564
0671738283	7565
0812579011	7566
0804114277	7567
0743412311	7568
0061094234	7569
0553284118	7570
0425143066	7571
0553290762	7572
0812516826	7573
0060175818	7574
0590629778	7575
0385299095	7576
0440224071	7577
051513595X	7578
0553266578	7579
0451527747	7580
0061092088	7581
0064401707	7582
0451526384	7583
0399136738	7584
1551666693	7585
0553263528	7586
0060534044	7587
1558532331	7588
0441010296	7589
3822860867	7590
1888054557	7591
1566400201	7592
1565548353	7593
0312099045	7594
0385504470	7595
0393319504	7596
038533494X	7597
0380802090	7598
0380791978	7599
044661257X	7600
0553287346	7601
0440505712	7602
0425152499	7603
042515999X	7604
0440236630	7605
0312977026	7606
0316785644	7607
0312275420	7608
0345382315	7609
0060199563	7610
0060283130	7611
0140039589	7612
0375507124	7613
0380705354	7614
0373790937	7615
0345315715	7616
0345333810	7617
0345435257	7618
0345457641	7619
0345310020	7620
0684844818	7621
0962197963	7622
0679776362	7623
0671722891	7624
0743411374	7625
0743225724	7626
0679745653	7627
0679761047	7628
0933944047	7629
0064472876	7630
1853262714	7631
0140233903	7632
0060936231	7633
0871139006	7634
0440982391	7635
0451518640	7636
0380717581	7637
034532532X	7638
0679776818	7639
0553298860	7640
0440221315	7641
0451185196	7642
0380792745	7643
0380804700	7644
031231616X	7645
042519065X	7646
0373790198	7647
0786890371	7648
0671032658	7649
0373790333	7650
0373709110	7651
0515131520	7652
0553802038	7653
0886771625	7654
0062517856	7655
0743469844	7656
1565124057	7657
1573225541	7658
0679452281	7659
074320607X	7660
0743247612	7661
0044409494	7662
0140430962	7663
0330294911	7664
0449910644	7665
080410591X	7666
0451166361	7667
0684804522	7668
0451187849	7669
0345374762	7670
0553561189	7671
0758203888	7672
0060191988	7673
0451184785	7674
1551668386	7675
0451208811	7676
1400060923	7677
0345325818	7678
0345348664	7679
0812563190	7680
0812583361	7681
0061054909	7682
0671894234	7683
0886776287	7684
0553566067	7685
0441646611	7686
0517595753	7687
044021680X	7688
0312969414	7689
0689808828	7690
1400077826	7691
1860492592	7692
0804114323	7693
0380722615	7694
0394179692	7695
0380796090	7696
0380818760	7697
0399149783	7698
0553587188	7699
0515118362	7700
0451402065	7701
0451402340	7702
0451402383	7703
0451406176	7704
1551666219	7705
0380781441	7706
0451184041	7707
0449210928	7708
076790592X	7709
0874869870	7710
0811831310	7711
0751516643	7712
0446364282	7713
0446364797	7714
037371128X	7715
0671039873	7716
0671039903	7717
067103992X	7718
0743204700	7719
0743457870	7720
0743428617	7721
006008460X	7722
0061042943	7723
0553271067	7724
0671040588	7725
0061092096	7726
0786889055	7727
0671028022	7728
080411787X	7729
0836236688	7730
0140296298	7731
0394712587	7732
0380731193	7733
0375414576	7734
0449130703	7735
0671013963	7736
0880381736	7737
0061099015	7738
067173783X	7739
1579546463	7740
0767908171	7741
0767913795	7742
0786864672	7743
0671520474	7744
0671020366	7745
0671020374	7746
0345316509	7747
0312318685	7748
0345367413	7749
0380752859	7750
0380752867	7751
0399137378	7752
0836221311	7753
0064400034	7754
0440414539	7755
0345422589	7756
0553290991	7757
0812533666	7758
0380729342	7759
0441810764	7760
1566840287	7761
0425184307	7762
0425162486	7763
0440237025	7764
0140366016	7765
0061090530	7766
0312251947	7767
0553583360	7768
0590461109	7769
0312956207	7770
0345345991	7771
0679760806	7772
0553249002	7773
0440226457	7774
0380810484	7775
0439176824	7776
0441005667	7777
0449220605	7778
0345300556	7779
0451410351	7780
0451456688	7781
0440975344	7782
0451408977	7783
0515137200	7784
0553249754	7785
0553258648	7786
0553272616	7787
0553288342	7788
0553289063	7789
0553297260	7790
0380786702	7791
0312988249	7792
0451154460	7793
0671898493	7794
1551669633	7795
0449300021	7796
014130636X	7797
0345386825	7798
0441011675	7799
0399139818	7800
0553583476	7801
0451181468	7802
034543076X	7803
0441359175	7804
074325547X	7805
0553568027	7806
067153288X	7807
0399136150	7808
0515120448	7809
0446360856	7810
0446520659	7811
0446301582	7812
1551660598	7813
0743419162	7814
0765340054	7815
0451405919	7816
0451408586	7817
051503794X	7818
0345358031	7819
0373218125	7820
0373218486	7821
0316604917	7822
038081093X	7823
1853260207	7824
0679425241	7825
0688178057	7826
0553582801	7827
1551669080	7828
0440208459	7829
0345387805	7830
0451208080	7831
0312252943	7832
0451128389	7833
0449221393	7834
0553562614	7835
0812505182	7836
0064472809	7837
0440224012	7838
0515120626	7839
0515114006	7840
1551668009	7841
1853261580	7842
0486284735	7843
0689711816	7844
0671525808	7845
0671737775	7846
0671631845	7847
067081458X	7848
0345285859	7849
0300048599	7850
0399149244	7851
0553568728	7852
0446610232	7853
0060196092	7854
0345420748	7855
0345434692	7856
0446612731	7857
0446302066	7858
0425138984	7859
0446610178	7860
042511273X	7861
0671742558	7862
155166657X	7863
1551667290	7864
0440241049	7865
0440241057	7866
0375724672	7867
0060542845	7868
1573220876	7869
0446611638	7870
0553377876	7871
0312194722	7872
0201489376	7873
0060977027	7874
0553580035	7875
0515111139	7876
0312983433	7877
0312969198	7878
0849916739	7879
0310209307	7880
0380570009	7881
0931580781	7882
0345301870	7883
0679441220	7884
0446605050	7885
0440183669	7886
0684802988	7887
0446600466	7888
0316929190	7889
0061097632	7890
0670891568	7891
0373790538	7892
0373764316	7893
0671013971	7894
051513306X	7895
1551669188	7896
1551667304	7897
1551664968	7898
155166545X	7899
1551665557	7900
0743464737	7901
0671743856	7902
0671015176	7903
0743457943	7904
1551666863	7905
0380802457	7906
0380769344	7907
037371033X	7908
0425189872	7909
0425182169	7910
0385335555	7911
0380815249	7912
0380816822	7913
0446608149	7914
0452281229	7915
0380820560	7916
0679742115	7917
1573222135	7918
0618334661	7919
1551669552	7920
0425132935	7921
0553560719	7922
0345356365	7923
0345260090	7924
0812507371	7925
0441004164	7926
0553565214	7927
0553568884	7928
0441001866	7929
0060548258	7930
0553256971	7931
0451402391	7932
0451171810	7933
0380865610	7934
0446602280	7935
0380720817	7936
0590453866	7937
0553278916	7938
0671017063	7939
059033123X	7940
0812541669	7941
0553572490	7942
1551667835	7943
0515122416	7944
1551666537	7945
0345434870	7946
0553207083	7947
0765305224	7948
0345375580	7949
0345403959	7950
0316313076	7951
0441516645	7952
0553286285	7953
0440235987	7954
0440226007	7955
1551666669	7956
0553584367	7957
0843944463	7958
044022442X	7959
0449217124	7960
0373790651	7961
034530358X	7962
0380017601	7963
0505524899	7964
0505522659	7965
0505523116	7966
0505524740	7967
055305340X	7968
0930289234	7969
0385721633	7970
0380017962	7971
0486264645	7972
0375420673	7973
0679760229	7974
0448089025	7975
0446356603	7976
0449244741	7977
0449000613	7978
0446603643	7979
044020447X	7980
0061041998	7981
0440194784	7982
0312977689	7983
0449214923	7984
0446600253	7985
0440219248	7986
0446323527	7987
0525946284	7988
0515130524	7989
0451210220	7990
0451204514	7991
0451191722	7992
0553107062	7993
0553257382	7994
0553135457	7995
0553240633	7996
0553227750	7997
0451198948	7998
0449245489	7999
0451524411	8000
0451179188	8001
0440504708	8002
038078615X	8003
0425114236	8004
0440150795	8005
0440130999	8006
037322561X	8007
0373708335	8008
0373833091	8009
038531437X	8010
042507160X	8011
0440234719	8012
0440234700	8013
0425074986	8014
0061093343	8015
037376488X	8016
0061096083	8017
037379097X	8018
0141001534	8019
0140131558	8020
0345260406	8021
0061012513	8022
0061000299	8023
0316103098	8024
038056176X	8025
0345423496	8026
0373218435	8027
0373271506	8028
0345309049	8029
0345377702	8030
0345369432	8031
0345298616	8032
0804117934	8033
0743410181	8034
0671884484	8035
0843952083	8036
1551668769	8037
0821771175	8038
0515132276	8039
0743422740	8040
0553289519	8041
0778320103	8042
0515134872	8043
0505524619	8044
1551669021	8045
0821767860	8046
1551668432	8047
0553295004	8048
0373289936	8049
0843949848	8050
0451207378	8051
0843951559	8052
0316171530	8053
1551667940	8054
155166819X	8055
0380722607	8056
0373289928	8057
037383568X	8058
0373790694	8059
0373790791	8060
0373790058	8061
0373790457	8062
0373790473	8063
0373272898	8064
0373244770	8065
0345436121	8066
037348352X	8067
0373259883	8068
0312982631	8069
0553563327	8070
0449205193	8071
0451408756	8072
0743456378	8073
0486295559	8074
051508901X	8075
0590484753	8076
0590554093	8077
0671047345	8078
0679801146	8079
0671686151	8080
0441009077	8081
0060198133	8082
0394856392	8083
0821755943	8084
0821759833	8085
0061014176	8086
0345434676	8087
0345384741	8088
0441644511	8089
0345334310	8090
0553289721	8091
0515129232	8092
0679761837	8093
0836217691	8094
0836218310	8095
0553575619	8096
0140245162	8097
0446672351	8098
0345426258	8099
0449223507	8100
0449221121	8101
038071843X	8102
0440221870	8103
0440217989	8104
0385306040	8105
0380715929	8106
0451187741	8107
0451192575	8108
0451410718	8109
0440431808	8110
0553583905	8111
0671034057	8112
0843947357	8113
0553581929	8114
0804119716	8115
0880382678	8116
0679459618	8117
0345440781	8118
0061031410	8119
0345375211	8120
0345323750	8121
0446531316	8122
055337933X	8123
0688156134	8124
0670032808	8125
0671749609	8126
0451139755	8127
0316693715	8128
055357468X	8129
0151962960	8130
0440343194	8131
0449219399	8132
0842345523	8133
0385509472	8134
0373032838	8135
0380776847	8136
0590487922	8137
0373706847	8138
0843948892	8139
0373709366	8140
0553275704	8141
0553142003	8142
1880418568	8143
0553584049	8144
0515135356	8145
0786890053	8146
0439061644	8147
044022179X	8148
0312307020	8149
0743235355	8150
0375508562	8151
074322535X	8152
0399143904	8153
0345427653	8154
0553211021	8155
0020198817	8156
0865714088	8157
0684833778	8158
0811816753	8159
0451451155	8160
0553351397	8161
0449242072	8162
0141301244	8163
0380710846	8164
0380795833	8165
1560252758	8166
0764223305	8167
0440235154	8168
0684853515	8169
0451190157	8170
0451198514	8171
0451112601	8172
0345359925	8173
0812885406	8174
0140440410	8175
0440132789	8176
042513329X	8177
0425145301	8178
0440208912	8179
044021596X	8180
0425141551	8181
043912042X	8182
0425182894	8183
0380777150	8184
0380786699	8185
0425157474	8186
0425176304	8187
044041833X	8188
0451168364	8189
0449006379	8190
044922287X	8191
0441005314	8192
0440223806	8193
0446604763	8194
0373484631	8195
0345374797	8196
0345440633	8197
0345434765	8198
0373242026	8199
0373153279	8200
0373201346	8201
0380729407	8202
0373289812	8203
0380710404	8204
0140274146	8205
0064404188	8206
0060192895	8207
0140230165	8208
006001315X	8209
0061000019	8210
0064405842	8211
0345369068	8212
014016930X	8213
0345354923	8214
0140042229	8215
006102063X	8216
0061092533	8217
0312971435	8218
0061020672	8219
0671701258	8220
0590407600	8221
0671549219	8222
067165831X	8223
0684717603	8224
0671025538	8225
0898156122	8226
0963270702	8227
0812540344	8228
155166948X	8229
1578561256	8230
0880385979	8231
0380000490	8232
0385334206	8233
0843936398	8234
1551664313	8235
0060934700	8236
0060507403	8237
0671786458	8238
0843950471	8239
0451202538	8240
0843951818	8241
0345328396	8242
0064470598	8243
1551669323	8244
0440984696	8245
0312977301	8246
0860680649	8247
0515130125	8248
0670894710	8249
0152001018	8250
0451206096	8251
0452282977	8252
0802136834	8253
0671647458	8254
0060938099	8255
0671674366	8256
0671020951	8257
0393320979	8258
0670818577	8259
0684846640	8260
0743403452	8261
0446673560	8262
0330349678	8263
0349105715	8264
0140067647	8265
0140445560	8266
0812580346	8267
0441010652	8268
0875421229	8269
1401039081	8270
0099521016	8271
0060738197	8272
0380751925	8273
0515087491	8274
0449148386	8275
0449003132	8276
0449001245	8277
0517595338	8278
0553212443	8279
0440986591	8280
0451409159	8281
0380792737	8282
0525945253	8283
0812574966	8284
0887308716	8285
0671775499	8286
0812521501	8287
0684818868	8288
0553251996	8289
0061020400	8290
1559029897	8291
0812507428	8292
0743457536	8293
1565123824	8294
0451524497	8295
0440223385	8296
0380973464	8297
0380977427	8298
0399149775	8299
0061030996	8300
0679737383	8301
0805054081	8302
068480154X	8303
0805000313	8304
0515054437	8305
0786863986	8306
0553580000	8307
0553117084	8308
0671010123	8309
0553572423	8310
0553560271	8311
0451158717	8312
0440215285	8313
0451173406	8314
0451190750	8315
0440235502	8316
0345356535	8317
0060930934	8318
0380709147	8319
0451522753	8320
0141001828	8321
0590371258	8322
0590403605	8323
0440212200	8324
0671047507	8325
0743406125	8326
0446603287	8327
0767903862	8328
0553569783	8329
0679774025	8330
0671798324	8331
0373225350	8332
0804109176	8333
0671896768	8334
0965843920	8335
1853260258	8336
088730866X	8337
0140430105	8338
0743456653	8339
0380791242	8340
0385500696	8341
1401300901	8342
842046435X	8343
0425050017	8344
0743418921	8345
1400030927	8346
038000741X	8347
0786011963	8348
0743243498	8349
0671798782	8350
067173685X	8351
0060504110	8352
0312965966	8353
0064404781	8354
0316898163	8355
0425122956	8356
0060929383	8357
044021288X	8358
0553566040	8359
0553561367	8360
0449208133	8361
0812565959	8362
0688084923	8363
0515090395	8364
0553582895	8365
0451186648	8366
0452282292	8367
0762409533	8368
0425100057	8369
0425044440	8370
0671745085	8371
1551667975	8372
0373790376	8373
074340615X	8374
088038672X	8375
0449006840	8376
055356823X	8377
0553278592	8378
0553564927	8379
0425110427	8380
0786705337	8381
0812524853	8382
0345370066	8383
0670272663	8384
0804104263	8385
0061002747	8386
0345421949	8387
0385315082	8388
0679751114	8389
0743223136	8390
0767903595	8391
0609804618	8392
0786915749	8393
0880381744	8394
0880385359	8395
1401201369	8396
0553298062	8397
0553298038	8398
0345459407	8399
156138058X	8400
0380809362	8401
0380802449	8402
1585422118	8403
0380724596	8404
1878448900	8405
0060172916	8406
0060971479	8407
0156011603	8408
0060913509	8409
0312140940	8410
0312311338	8411
0307127923	8412
0312194390	8413
0156006219	8414
014131088X	8415
0804104530	8416
0689859376	8417
0743223527	8418
0767902890	8419
0689711522	8420
068487217X	8421
0804104549	8422
0679740104	8423
0679721819	8424
0761104844	8425
068482440X	8426
0425127230	8427
0385498411	8428
0812580354	8429
0345348656	8430
0812515560	8431
0451170822	8432
0140275428	8433
0743403614	8434
0449214192	8435
0425156966	8436
0393307050	8437
0312311354	8438
1560761156	8439
0060586605	8440
0440225108	8441
0451202473	8442
067155302X	8443
0061014591	8444
0380798581	8445
0671872664	8446
0380810158	8447
0451456890	8448
0425158608	8449
0345360362	8450
0061092894	8451
0590568914	8452
0375760393	8453
0684836491	8454
0688150896	8455
0449221148	8456
0553380168	8457
0310234697	8458
0061053104	8459
1551666588	8460
0375421815	8461
0743206053	8462
0440215730	8463
0553278193	8464
0880387769	8465
0886775272	8466
0451197011	8467
051511605X	8468
0425176037	8469
0452283930	8470
0446363170	8471
0618526412	8472
0393324826	8473
0385722109	8474
0553569635	8475
0811821706	8476
0440225329	8477
051513239X	8478
0140620249	8479
0345321383	8480
1551667428	8481
0060938412	8482
0373250398	8483
0812589718	8484
0743213165	8485
0312957041	8486
0060563079	8487
155166710X	8488
0446605298	8489
0440241111	8490
0060517611	8491
037376474X	8492
0060092963	8493
0425174344	8494
0688174582	8495
0836218221	8496
059056885X	8497
0394800303	8498
0786865091	8499
0060177233	8500
0553802976	8501
030681188X	8502
0451175190	8503
0345371135	8504
0345357116	8505
0440414121	8506
0439104645	8507
0515123854	8508
140003339X	8509
0345369335	8510
0425087395	8511
0140255125	8512
0449148041	8513
0440107016	8514
0064473023	8515
0060502312	8516
0515135968	8517
0451207394	8518
0425195473	8519
0061059072	8520
0380778726	8521
0380771292	8522
0345455622	8523
155166741X	8524
1880418592	8525
0671743074	8526
0671880160	8527
0451821114	8528
0440235804	8529
0380405768	8530
096291620X	8531
0671741926	8532
0449002128	8533
0020519001	8534
0061008079	8535
0375718850	8536
0688059147	8537
0451188543	8538
0451196864	8539
0786012668	8540
0786916095	8541
0765347539	8542
0425179559	8543
0525244581	8544
0671679805	8545
055357535X	8546
0876451121	8547
0802139892	8548
0805051309	8549
0441009867	8550
0805073337	8551
0743222253	8552
0380818337	8553
0399151451	8554
0440215935	8555
0446677922	8556
0688171877	8557
0451452011	8558
0399148450	8559
0380820854	8560
0515124206	8561
0553584111	8562
0590460994	8563
0717283364	8564
0515114499	8565
0345336038	8566
0399146245	8567
0345272587	8568
0440235391	8569
0553264915	8570
0553348981	8571
0345333926	8572
0451452615	8573
0812515285	8574
051512947X	8575
0671003348	8576
1551666251	8577
0553562797	8578
0553568159	8579
0446607053	8580
0553561111	8581
067164159X	8582
1551665921	8583
0330331973	8584
0804115079	8585
067179938X	8586
044900211X	8587
0312981961	8588
0312969120	8589
0553583891	8590
0553572733	8591
0345365208	8592
0345375599	8593
0590134701	8594
037541309X	8595
0802135226	8596
0618173870	8597
0670891576	8598
0375724834	8599
0684856069	8600
0316540838	8601
0440148138	8602
0688084907	8603
1551665352	8604
0515125024	8605
0515120863	8606
0451410610	8607
0515136182	8608
1551666138	8609
0842332308	8610
0345434226	8611
0679762108	8612
0517588684	8613
0306812274	8614
0515127000	8615
1551669005	8616
1860461670	8617
0060080841	8618
0425190838	8619
0553573993	8620
0671567713	8621
006091307X	8622
0349103232	8623
0375700137	8624
0312862202	8625
0312978340	8626
0505524503	8627
0505523876	8628
051512902X	8629
0451203623	8630
0505525070	8631
0515132764	8632
0449002551	8633
050552421X	8634
0515131660	8635
0440236185	8636
0515136824	8637
0451411137	8638
0380806290	8639
0373273134	8640
0380807157	8641
037348478X	8642
0373288964	8643
037379116X	8644
0373834640	8645
0312980191	8646
0373764405	8647
0373483546	8648
0345462270	8649
1551667908	8650
0440235758	8651
0380820706	8652
0373790635	8653
0380794489	8654
0373835515	8655
0425181979	8656
0380799383	8657
0380800209	8658
0843951702	8659
1551667592	8660
1551668602	8661
1551666480	8662
0821771485	8663
074346978X	8664
0821769251	8665
1551669250	8666
0061031755	8667
0060509465	8668
0373790961	8669
0373613687	8670
0060505249	8671
0312926456	8672
0061043494	8673
0440201969	8674
0618129030	8675
0440131855	8676
0446600547	8677
0886777348	8678
0345332636	8679
0812576403	8680
1555837336	8681
0886774519	8682
0812551389	8683
0380569523	8684
0684869241	8685
0743411471	8686
006109157X	8687
0671795880	8688
0373291574	8689
0380898187	8690
0671744615	8691
084394000X	8692
0786889284	8693
0679436073	8694
0449132064	8695
0452284236	8696
0517542099	8697
014013168X	8698
0517577550	8699
0140186425	8700
0486280616	8701
014012389X	8702
044012929X	8703
0767905288	8704
0316107387	8705
0316107417	8706
0440224047	8707
0385335180	8708
0373790627	8709
0373764863	8710
0399143130	8711
0452281695	8712
0553262580	8713
0446519650	8714
0345369343	8715
067973225X	8716
1557732647	8717
044100007X	8718
0671670069	8719
0374525641	8720
0380786230	8721
0375414827	8722
0590431978	8723
006103102X	8724
0679777504	8725
0812544501	8726
0590452568	8727
0671019759	8728
0670036056	8729
0590430149	8730
0671036556	8731
0553581295	8732
0684846713	8733
0688167810	8734
0525945652	8735
0553561723	8736
1560974273	8737
1551667118	8738
1551669471	8739
0836213319	8740
1551662779	8741
1551667126	8742
1551667312	8743
1551666677	8744
1551666944	8745
0061094560	8746
0312194404	8747
1551669099	8748
0060001801	8749
0778320049	8750
0843947667	8751
0843951532	8752
0689855443	8753
0743245733	8754
0743259823	8755
0786888067	8756
0786890169	8757
078601539X	8758
1551665042	8759
1551665107	8760
089471838X	8761
0821766139	8762
0312979088	8763
0380810298	8764
0060560118	8765
0451458621	8766
0765343266	8767
0898157803	8768
0140293469	8769
0152012397	8770
1556618662	8771
0312316089	8772
0380698919	8773
0671780387	8774
0843945508	8775
0671690566	8776
0449243583	8777
0553076256	8778
0375409440	8779
0385335679	8780
0446359408	8781
0345336275	8782
0843949074	8783
0140296409	8784
0440925592	8785
0553290983	8786
067100669X	8787
0440226449	8788
0525946756	8789
0553266306	8790
0061010979	8791
0060562773	8792
0394551907	8793
0671003356	8794
0743446259	8795
0671737627	8796
0671737635	8797
0515084891	8798
0671870955	8799
0553572857	8800
0553580337	8801
0345468694	8802
0373288654	8803
0373707126	8804
0380751453	8805
0373292554	8806
0345417186	8807
0380788756	8808
0380761319	8809
0380818051	8810
0380805197	8811
0380724324	8812
0380820838	8813
0380755157	8814
0380710838	8815
0061091561	8816
0060972777	8817
0060507365	8818
0449219593	8819
0345332687	8820
0312927452	8821
0312989202	8822
0445403470	8823
0440226031	8824
0449207269	8825
0449004503	8826
0446404292	8827
0425139441	8828
0425189414	8829
0425152235	8830
0425067645	8831
0425087778	8832
0439425220	8833
0425185702	8834
0671778730	8835
0671744585	8836
0671891685	8837
0671709453	8838
0671015141	8839
0671735276	8840
067179793X	8841
0671462997	8842
1551669560	8843
1551667398	8844
1561797111	8845
1551664151	8846
0060391677	8847
0142001619	8848
0316291161	8849
0006550789	8850
0060007192	8851
0060013125	8852
0140431179	8853
0140622063	8854
0141439556	8855
0140430164	8856
0007110928	8857
0156029065	8858
0393315819	8859
0441117732	8860
0440351839	8861
0330335278	8862
0553346687	8863
0967673747	8864
0061008117	8865
0553269828	8866
0765345005	8867
0671795740	8868
0394717155	8869
0553578731	8870
006056668X	8871
0307001067	8872
0312989431	8873
0312966407	8874
0671019716	8875
0758201346	8876
0771099886	8877
0380978857	8878
0451192613	8879
0446601934	8880
0425158640	8881
0385319444	8882
0679419810	8883
0886777690	8884
0805055800	8885
0743246438	8886
0875421318	8887
0886774691	8888
0671644467	8889
0671744577	8890
0515113514	8891
0440209633	8892
0440472431	8893
0553258559	8894
0451404327	8895
0451406877	8896
0446608122	8897
034544177X	8898
0380772469	8899
0380815923	8900
0380764776	8901
006097673X	8902
031224262X	8903
0312977433	8904
0449222489	8905
0451406893	8906
0451406869	8907
0446605573	8908
0553205315	8909
0553296906	8910
0451410823	8911
0380819570	8912
037541326X	8913
0399140557	8914
0380795272	8915
0446329207	8916
0451628047	8917
0446677507	8918
0786886463	8919
0836217357	8920
0590566458	8921
0590673203	8922
0664224199	8923
0590568868	8924
067976657X	8925
0679730346	8926
0836218523	8927
0380717573	8928
0553298178	8929
0385334729	8930
0345400003	8931
0515132489	8932
0440224608	8933
0802138594	8934
0060539860	8935
0380786680	8936
0515117420	8937
0786889837	8938
0786889756	8939
0449209121	8940
0571206484	8941
0140314601	8942
0330345605	8943
0804115362	8944
0060958324	8945
0375707425	8946
0756401666	8947
0553576348	8948
052594575X	8949
1551669609	8950
0553275852	8951
0140244816	8952
0439010772	8953
1551668017	8954
0836214439	8955
0373711506	8956
0517207346	8957
0758205481	8958
0671034669	8959
0060959355	8960
0743474325	8961
0451203224	8962
0743446291	8963
0965608646	8964
0006547834	8965
0064404773	8966
0446522740	8967
0380976498	8968
0671673645	8969
0821749528	8970
1551666936	8971
0345348672	8972
0553252828	8973
0425052478	8974
0671794264	8975
0449216977	8976
0140043519	8977
0679740244	8978
0553572377	8979
0425146383	8980
0385418868	8981
0449148246	8982
0449210189	8983
0446909130	8984
0671550551	8985
0345326342	8986
1558746625	8987
0805054073	8988
0064406970	8989
0385333846	8990
0757300286	8991
039304632X	8992
0553268899	8993
0373791046	8994
0140430474	8995
0684831546	8996
0786011939	8997
0385336322	8998
0345320239	8999
0449207668	9000
0671738267	9001
0553208225	9002
0812565657	9003
0345311485	9004
0140008535	9005
0345328949	9006
0451526716	9007
0345379454	9008
0312261780	9009
0060809736	9010
014004387X	9011
0156628635	9012
0553212087	9013
0062516590	9014
0553577123	9015
0345437829	9016
0590406191	9017
0671724835	9018
0380730375	9019
0062507249	9020
0743437993	9021
038549730X	9022
0156029987	9023
0553284363	9024
0394800206	9025
0380898357	9026
0380707837	9027
0449213765	9028
0440204275	9029
0380771705	9030
0330244078	9031
044912505X	9032
0821768433	9033
1551669129	9034
0373706677	9035
0743464745	9036
1590521986	9037
0553379011	9038
0553212923	9039
0553800949	9040
0375422412	9041
0679447156	9042
0804108692	9043
0066212545	9044
0091882087	9045
0380767643	9046
0886776481	9047
0140328718	9048
1570717257	9049
044900256X	9050
0385605145	9051
185326086X	9052
0151004374	9053
045121157X	9054
0553293877	9055
055357910X	9056
0553585495	9057
0786016124	9058
044630798X	9059
0553104225	9060
0345304225	9061
0413531309	9062
0449904628	9063
155166917X	9064
0553148923	9065
0226469360	9066
0375422307	9067
0307302016	9068
0684822776	9069
0439282462	9070
0385312377	9071
1582341400	9072
0671787551	9073
0345412966	9074
0553286447	9075
0671013955	9076
0061057649	9077
0060013117	9078
055357874X	9079
067978120X	9080
0821758578	9081
0553564935	9082
0451405498	9083
0670852341	9084
0553141406	9085
0553245694	9086
0525940413	9087
0449910830	9088
0316346624	9089
0380016362	9090
006109174X	9091
1853260452	9092
2070360024	9093
0816710384	9094
0140016821	9095
0345452062	9096
087542127X	9097
0345441788	9098
0446353337	9099
0140430423	9100
0099744414	9101
950491036X	9102
055358135X	9103
0843950900	9104
0451192249	9105
0786915897	9106
1551668939	9107
084395048X	9108
1551667363	9109
0060514957	9110
0373218338	9111
0399148779	9112
0380818205	9113
0446532215	9114
0425193993	9115
0515136190	9116
0440241065	9117
0452284902	9118
0505524457	9119
0553583565	9120
0505525704	9121
0505525836	9122
0671034421	9123
0345396553	9124
1853260169	9125
0553292781	9126
0891076182	9127
0140187537	9128
0812555104	9129
0140433627	9130
0312187459	9131
0937295043	9132
0765303817	9133
0553583611	9134
0671868314	9135
0451409183	9136
0425191729	9137
0061092738	9138
0553572024	9139
0385482493	9140
0590477331	9141
0060928417	9142
0140046569	9143
0380772566	9144
0671027522	9145
0375701524	9146
0440402832	9147
0515121940	9148
0312983654	9149
0671039741	9150
0743442539	9151
0821767852	9152
0671745107	9153
0688148638	9154
038076296X	9155
0425192741	9156
0440467012	9157
0312926286	9158
051511331X	9159
0553138634	9160
0517593343	9161
0553213202	9162
0449210677	9163
0671021338	9164
0064440028	9165
0060254920	9166
0812522400	9167
0446523232	9168
0140109595	9169
0671743902	9170
0451181964	9171
0440216419	9172
0812572289	9173
0451408497	9174
0373709102	9175
0821764527	9176
0451124995	9177
0449134369	9178
0451160339	9179
0451409361	9180
0425085295	9181
0515127132	9182
0446306061	9183
0679772669	9184
038547167X	9185
0380731983	9186
189939835X	9187
0345364279	9188
0345387791	9189
0689859368	9190
1568650108	9191
0879978570	9192
0876120796	9193
0375411070	9194
0679454454	9195
0449147282	9196
0679753117	9197
0821753096	9198
078601475X	9199
0886772540	9200
1560761563	9201
0671516922	9202
0671898841	9203
0679432965	9204
0446362921	9205
0804119120	9206
0385121679	9207
0515128023	9208
0671462970	9209
0440206146	9210
0671747150	9211
0553284169	9212
0778320197	9213
0590456598	9214
0380762951	9215
0451199871	9216
0525935835	9217
0385319959	9218
0140280243	9219
080505104X	9220
0345394712	9221
0446517380	9222
0385335407	9223
0373218737	9224
0804120021	9225
0553290851	9226
0553582909	9227
0671778684	9228
0373153309	9229
0445409029	9230
0671027514	9231
1551669013	9232
0449146138	9233
0553293915	9234
0373196342	9235
0312966210	9236
0671027077	9237
0671525018	9238
1551669226	9239
1557482640	9240
0671682873	9241
0061054887	9242
0099143712	9243
1551666766	9244
0590847740	9245
0449212408	9246
0553295349	9247
0590414313	9248
0590222961	9249
1573228281	9250
0812571118	9251
0812524802	9252
0451179803	9253
0061052892	9254
0802150616	9255
1561483516	9256
0062500260	9257
0060557818	9258
0679740678	9259
0671728555	9260
0425170357	9261
0373708122	9262
038073320X	9263
0373030940	9264
0312954212	9265
0671014420	9266
0871134799	9267
0441003613	9268
0671786466	9269
0345295684	9270
0525945180	9271
0836217799	9272
0684848406	9273
0843945656	9274
0812570812	9275
0373706901	9276
0821771477	9277
0743400836	9278
0451206401	9279
0671027069	9280
0805060200	9281
0812519469	9282
0440435072	9283
0060977035	9284
0449217426	9285
0451190009	9286
0441007554	9287
0375401091	9288
0804112835	9289
0553294083	9290
0553582534	9291
1551669463	9292
0679401385	9293
0345314999	9294
0671025589	9295
055329024X	9296
0373706596	9297
0590448188	9298
084395020X	9299
0345330129	9300
0380806312	9301
0525945725	9302
0060584750	9303
044661100X	9304
0380788691	9305
0060516283	9306
055357275X	9307
0375410538	9308
0609607375	9309
0671663984	9310
0440111889	9311
1551666855	9312
0345396812	9313
0670843342	9314
051720679X	9315
0812541626	9316
0679441239	9317
0804109540	9318
0743418166	9319
0743233476	9320
0671786040	9321
059044297X	9322
0671891529	9323
0373225156	9324
0451178599	9325
0451409450	9326
0553297619	9327
1580621805	9328
0060178221	9329
0804108897	9330
0312263996	9331
0380817624	9332
0812517164	9333
0671726714	9334
0679426140	9335
0446401617	9336
0553212141	9337
0812519671	9338
0785271708	9339
0684826127	9340
0380805685	9341
1931514925	9342
0671836129	9343
0553380966	9344
0373115431	9345
0312974191	9346
