3fd66200f964a520d6f01ee3	0
3fd66200f964a520ddf01ee3	1
40b13b00f964a520c3f31ee3	2
40b68100f964a5207d001fe3	3
40bbc700f964a520b1001fe3	4
40dcbc80f964a52081011fe3	5
40f1d480f964a5206a0a1fe3	6
41059b00f964a520850b1fe3	7
411c0480f964a5201a0c1fe3	8
412d2800f964a520df0c1fe3	9
41326e00f964a520ed161fe3	10
421a7600f964a5209d1f1fe3	11
42323100f964a5200b201fe3	12
427c0500f964a52097211fe3	13
427d5680f964a520a8211fe3	14
42829c80f964a5206a221fe3	15
4283ee00f964a5209d221fe3	16
42911d00f964a520f5231fe3	17
4297b480f964a52062241fe3	18
42cc7080f964a520e9251fe3	19
43695300f964a5208c291fe3	20
43768200f964a5204d2a1fe3	21
439aa747f964a520cc2b1fe3	22
439ec330f964a520102c1fe3	23
43a52546f964a520532c1fe3	24
43ba62b4f964a520e72c1fe3	25
440da2cbf964a52091301fe3	26
440da323f964a52092301fe3	27
440fee99f964a520b2301fe3	28
4459d2f1f964a520d7321fe3	29
447bf8f1f964a520ec331fe3	30
449ee958f964a520c4341fe3	31
44d17cecf964a5202b361fe3	32
44e9a1c9f964a520a2371fe3	33
452113b6f964a520bc3a1fe3	34
4541114bf964a520433c1fe3	35
45d3780ff964a520be421fe3	36
45f412e6f964a520f6431fe3	37
45f555cef964a5200e441fe3	38
472ba436f964a520ff4b1fe3	39
49b79f54f964a5202c531fe3	40
49b7ed6df964a52030531fe3	41
49d01698f964a520fd5a1fe3	42
49fd27d1f964a520116f1fe3	43
4a0cfc37f964a52074751fe3	44
4a1c8506f964a520457b1fe3	45
4a43bcb7f964a520bba61fe3	46
4a4c5c64f964a52030ad1fe3	47
4a55c1f7f964a52046b41fe3	48
4a57cf98f964a520ddb61fe3	49
4a84e798f964a520defd1fe3	50
4a8a103af964a520c90920e3	51
4aa14edef964a5206d4020e3	52
4aa18a65f964a520ea4020e3	53
4aa6f23df964a520954b20e3	54
4aa6f277f964a520964b20e3	55
4aa748f7f964a520994c20e3	56
4ab20257f964a520a96a20e3	57
4ab474c6f964a520387120e3	58
4abe4502f964a520558c20e3	59
4abf8c03f964a520079120e3	60
4ac518cef964a520f6a520e3	61
4ac518cef964a520f9a520e3	62
4ac518d2f964a52026a720e3	63
4ac518d2f964a5203da720e3	64
4ac518f4f964a520daae20e3	65
4acbafc4f964a520fbc420e3	66
4ace6c89f964a52078d020e3	67
4ad83e6ff964a520eb1021e3	68
4adcda09f964a520dd3321e3	69
4adcda09f964a520e83321e3	70
4adcda0af964a5202c3421e3	71
4adcda10f964a520af3521e3	72
4adcda37f964a5201f3c21e3	73
4adcda50f964a520544121e3	74
4adcda92f964a520f14b21e3	75
4adcdad7f964a520705721e3	76
4adcdb27f964a520dd6121e3	77
4ade0cc5f964a520f36821e3	78
4ade0d29f964a520216b21e3	79
4ade0e32f964a520506f21e3	80
4ae6363ef964a520aba521e3	81
4ae83e74f964a5204bae21e3	82
4aeb45caf964a5206cc021e3	83
4aebb774f964a5208ec421e3	84
4aec79c4f964a5209dc721e3	85
4af5a46af964a520b5fa21e3	86
4af833a6f964a5205a0b22e3	87
4afde737f964a520e72b22e3	88
4afe2f89f964a520942e22e3	89
4b03a460f964a520f34f22e3	90
4b0586c1f964a520846c22e3	91
4b058719f964a520997f22e3	92
4b058719f964a520c57f22e3	93
4b058782f964a520bc9622e3	94
4b058799f964a5208b9b22e3	95
4b058799f964a5208c9b22e3	96
4b058799f964a5208d9b22e3	97
4b058799f964a520929b22e3	98
4b058799f964a520979b22e3	99
4b058799f964a5209d9b22e3	100
4b058799f964a5209e9b22e3	101
4b058799f964a520a09b22e3	102
4b05879af964a520ac9b22e3	103
4b05879af964a520ad9b22e3	104
4b05879af964a520b69b22e3	105
4b05879af964a520bb9b22e3	106
4b05879af964a520c19b22e3	107
4b05879af964a520ca9b22e3	108
4b05879af964a520ce9b22e3	109
4b05879af964a520e59b22e3	110
4b05879cf964a5204e9c22e3	111
4b05879cf964a520549c22e3	112
4b05879cf964a520579c22e3	113
4b05879cf964a520589c22e3	114
4b05879cf964a5205b9c22e3	115
4b05879cf964a520669c22e3	116
4b05879df964a520859c22e3	117
4b05879ef964a520cd9c22e3	118
4b05879ef964a520f29c22e3	119
4b05879ef964a520f49c22e3	120
4b05879ff964a520129d22e3	121
4b05879ff964a520189d22e3	122
4b05879ff964a520289d22e3	123
4b05879ff964a5203b9d22e3	124
4b0587a0f964a520569d22e3	125
4b0587a0f964a5205c9d22e3	126
4b0587a1f964a5207a9d22e3	127
4b0587a1f964a5207f9d22e3	128
4b0587a1f964a5208c9d22e3	129
4b0587a1f964a5208e9d22e3	130
4b0587a1f964a520929d22e3	131
4b0587a1f964a520989d22e3	132
4b0587a1f964a5209b9d22e3	133
4b0587a2f964a520a09d22e3	134
4b0587a3f964a520d69d22e3	135
4b0587a5f964a520309e22e3	136
4b0587a6f964a5203d9e22e3	137
4b0587a6f964a5203e9e22e3	138
4b0587a6f964a520499e22e3	139
4b0587a6f964a520509e22e3	140
4b0587a6f964a520529e22e3	141
4b0587a8f964a520ca9e22e3	142
4b0587a9f964a520d09e22e3	143
4b0587b1f964a52025a022e3	144
4b0587b2f964a5203fa022e3	145
4b0587b2f964a52041a022e3	146
4b0587b2f964a52042a022e3	147
4b0587b2f964a52045a022e3	148
4b0587b2f964a5204aa022e3	149
4b0587b2f964a5204fa022e3	150
4b0587b3f964a52070a022e3	151
4b0587b4f964a52091a022e3	152
4b0587b4f964a52092a022e3	153
4b0587b4f964a52096a022e3	154
4b0587b4f964a5209ea022e3	155
4b0587b4f964a520a6a022e3	156
4b0587b5f964a520b6a022e3	157
4b0587b6f964a520dfa022e3	158
4b0587b8f964a52012a122e3	159
4b0587b8f964a5202ea122e3	160
4b0587b9f964a52045a122e3	161
4b0587b9f964a52058a122e3	162
4b0587baf964a5205aa122e3	163
4b0587baf964a52080a122e3	164
4b0587bbf964a5208fa122e3	165
4b0587bbf964a5209aa122e3	166
4b0587bbf964a5209ea122e3	167
4b0587d1f964a520cea222e3	168
4b0587d4f964a5206fa322e3	169
4b0587f9f964a52017aa22e3	170
4b0587faf964a52036aa22e3	171
4b0587fcf964a52002ab22e3	172
4b0587fcf964a520e8aa22e3	173
4b0587fcf964a520eeaa22e3	174
4b0587fcf964a520f2aa22e3	175
4b0587fcf964a520ffaa22e3	176
4b0587fdf964a5201aab22e3	177
4b0587fdf964a5201cab22e3	178
4b0587fdf964a5201dab22e3	179
4b0587fdf964a52032ab22e3	180
4b0587fdf964a52033ab22e3	181
4b0587fdf964a52034ab22e3	182
4b058805f964a520fbac22e3	183
4b058806f964a52063ad22e3	184
4b058806f964a52067ad22e3	185
4b05880ef964a520d6ae22e3	186
4b058810f964a52040af22e3	187
4b058815f964a520a7b022e3	188
4b058815f964a520a9b022e3	189
4b058815f964a520aeb022e3	190
4b058818f964a520a7b122e3	191
4b05884ff964a520adbd22e3	192
4b058853f964a5201bbf22e3	193
4b05887cf964a520eec822e3	194
4b058884f964a52057cb22e3	195
4b058884f964a52067cb22e3	196
4b058892f964a52067ce22e3	197
4b058893f964a52081ce22e3	198
4b058898f964a5207ccf22e3	199
4b0588c0f964a520bdd722e3	200
4b0588d1f964a52079db22e3	201
4b0588d2f964a52099db22e3	202
4b0588d3f964a520c8db22e3	203
4b0588dcf964a52077dd22e3	204
4b0588dcf964a52079dd22e3	205
4b0588def964a520b9dd22e3	206
4b0588dff964a520dbdd22e3	207
4b05d8c5f964a52048e422e3	208
4b063a75f964a520e0e922e3	209
4b0674e2f964a520f4eb22e3	210
4b06834ff964a5208eec22e3	211
4b077cbdf964a52016fe22e3	212
4b078b1bf964a5209dfe22e3	213
4b07b55ef964a52090ff22e3	214
4b07c29cf964a520d8ff22e3	215
4b07ced1f964a5202a0023e3	216
4b07d082f964a520320023e3	217
4b07d113f964a520360023e3	218
4b07e10ef964a520b10023e3	219
4b07ead6f964a5201f0123e3	220
4b08023df964a5203e0223e3	221
4b080ca6f964a520e80223e3	222
4b086cbef964a520960b23e3	223
4b087d98f964a520f20c23e3	224
4b08b4e5f964a520211123e3	225
4b08d1d7f964a520a11223e3	226
4b08e700f964a520421323e3	227
4b093eeff964a520e51423e3	228
4b09f56cf964a520632023e3	229
4b0a18def964a520bf2123e3	230
4b0a1cb8f964a520d72123e3	231
4b0a405ff964a520c22223e3	232
4b0a57d1f964a5205d2323e3	233
4b0a7f04f964a5207b2423e3	234
4b0a8174f964a520922423e3	235
4b0a85e1f964a520c52423e3	236
4b0b3091f964a5205e2e23e3	237
4b0b3d37f964a520412f23e3	238
4b0b549ff964a520773023e3	239
4b0b7f81f964a520e93123e3	240
4b0b88c7f964a520233223e3	241
4b0b90e1f964a5204d3223e3	242
4b0bc026f964a520663323e3	243
4b0bc483f964a520803323e3	244
4b0bc75ff964a520923323e3	245
4b0bd124f964a520e03323e3	246
4b0c8748f964a520d03e23e3	247
4b0ce469f964a520734223e3	248
4b0cfe88f964a520024323e3	249
4b0d131ff964a520a04323e3	250
4b0df959f964a520635323e3	251
4b0dfb40f964a5207c5323e3	252
4b0dfb78f964a520815323e3	253
4b0e3b86f964a520285623e3	254
4b0e5ea9f964a520205723e3	255
4b0e60adf964a520305723e3	256
4b0e63def964a5204a5723e3	257
4b0f4772f964a5201a6123e3	258
4b0f4ddbf964a520576123e3	259
4b0f587cf964a520a66123e3	260
4b0f84e5f964a520e56223e3	261
4b0f9c5cf964a5209f6323e3	262
4b0f9eb4f964a520b06323e3	263
4b0f9f42f964a520b66323e3	264
4b0fbfc3f964a520936423e3	265
4b0fbff1f964a520956423e3	266
4b0ff4f8f964a520b66623e3	267
4b1055faf964a520226e23e3	268
4b109b3ef964a520a77323e3	269
4b10a81df964a5206e7423e3	270
4b10ea11f964a520b27623e3	271
4b11ee41f964a520268723e3	272
4b1211bcf964a520cb8823e3	273
4b132d4af964a520249523e3	274
4b132e42f964a520339523e3	275
4b132fd2f964a520489523e3	276
4b137424f964a5201d9723e3	277
4b14cc5df964a520a0a623e3	278
4b14cd19f964a520a7a623e3	279
4b14d1e9f964a520caa623e3	280
4b14dc8ff964a52019a723e3	281
4b14e085f964a52030a723e3	282
4b151fbff964a52083a823e3	283
4b15502cf964a5200cb023e3	284
4b15505bf964a5206cb023e3	285
4b155087f964a520bbb023e3	286
4b15a54af964a520b0b123e3	287
4b15cdcaf964a5207eb423e3	288
4b163baff964a520bab723e3	289
4b166583f964a520acb823e3	290
4b1688f4f964a52019ba23e3	291
4b175f47f964a5200fc523e3	292
4b178e80f964a52059c623e3	293
4b1791d0f964a5206fc623e3	294
4b179faff964a520b1c623e3	295
4b17a6dbf964a520d2c623e3	296
4b17b2e4f964a52040c723e3	297
4b17d383f964a52091c823e3	298
4b17d66cf964a520b7c823e3	299
4b1885cef964a520ced323e3	300
4b189466f964a52049d423e3	301
4b189a79f964a5208ed423e3	302
4b18a03bf964a520bed423e3	303
4b18bed2f964a5207dd523e3	304
4b18c616f964a520a7d523e3	305
4b18c8bbf964a520bad523e3	306
4b19cf92f964a52097e423e3	307
4b19f7c2f964a5209de623e3	308
4b19f837f964a520a2e623e3	309
4b19f87df964a520a4e623e3	310
4b19f917f964a520abe623e3	311
4b19f962f964a520afe623e3	312
4b1a32aff964a52017e823e3	313
4b1a3b8cf964a52048e823e3	314
4b1a3c14f964a5204de823e3	315
4b1ac490f964a5205af123e3	316
4b1ac4d4f964a52062f123e3	317
4b1b455df964a52067fa23e3	318
4b1b4744f964a52075fa23e3	319
4b1b6114f964a5201efb23e3	320
4b1b7b31f964a5209efb23e3	321
4b1b7fb0f964a520b4fb23e3	322
4b1ba2f0f964a52057fc23e3	323
4b1baa07f964a52084fc23e3	324
4b1bbfccf964a52010fd23e3	325
4b1bc0baf964a5201afd23e3	326
4b1c0fc1f964a520770124e3	327
4b1c369ef964a520670424e3	328
4b1c698ef964a520110724e3	329
4b1c8314f964a5200a0824e3	330
4b1cad9ef964a520ff0824e3	331
4b1cae6df964a520020924e3	332
4b1cd6a5f964a520120a24e3	333
4b1ee9ebf964a5207e2124e3	334
4b1f4464f964a520372524e3	335
4b1f893af964a520bf2624e3	336
4b1f9625f964a520232724e3	337
4b1fb0dff964a520192824e3	338
4b206345f964a520ad3124e3	339
4b206ec2f964a520363224e3	340
4b20cd84f964a520b53424e3	341
4b2195e0f964a5206b3e24e3	342
4b21c071f964a5200a4124e3	343
4b21c0def964a520104124e3	344
4b2204d6f964a5201f4324e3	345
4b22109df964a520944324e3	346
4b22115af964a5209a4324e3	347
4b223e96f964a520b04424e3	348
4b22504cf964a520704524e3	349
4b22e781f964a520075024e3	350
4b22e836f964a520185024e3	351
4b22ebb2f964a5205c5024e3	352
4b23286ff964a520f65324e3	353
4b2350f5f964a5201f5524e3	354
4b236ec0f964a520ea5524e3	355
4b236f0ff964a520ec5524e3	356
4b23afb1f964a520135824e3	357
4b23d1faf964a5206c5a24e3	358
4b23d399f964a5208d5a24e3	359
4b23facdf964a5204a5e24e3	360
4b2438f3f964a520116424e3	361
4b2439e3f964a520256424e3	362
4b243a7df964a520356424e3	363
4b247460f964a520b56724e3	364
4b2482daf964a520456824e3	365
4b24aa1ff964a520506924e3	366
4b24b5e7f964a5208d6924e3	367
4b24e5a2f964a520636a24e3	368
4b258b30f964a5208a7324e3	369
4b25bccef964a520cb7524e3	370
4b267bacf964a520297c24e3	371
4b267f8af964a520657c24e3	372
4b268abff964a520397d24e3	373
4b268b62f964a520467d24e3	374
4b269275f964a520b87d24e3	375
4b2692a1f964a520ba7d24e3	376
4b2692f9f964a520be7d24e3	377
4b269340f964a520c27d24e3	378
4b269366f964a520c47d24e3	379
4b269592f964a520e57d24e3	380
4b2697a6f964a520037e24e3	381
4b274a7cf964a520ac8524e3	382
4b274c45f964a520bb8524e3	383
4b274cf5f964a520bf8524e3	384
4b281579f964a520bf8e24e3	385
4b283516f964a520e19024e3	386
4b2837d8f964a5200e9124e3	387
4b283d6ff964a520679124e3	388
4b286109f964a520ee9224e3	389
4b289b08f964a520329424e3	390
4b28b233f964a520b39424e3	391
4b28be7cf964a520f29424e3	392
4b297be1f964a520ad9f24e3	393
4b29bb26f964a520fca224e3	394
4b29ffe8f964a5209aa424e3	395
4b2a0462f964a520b8a424e3	396
4b2a21b9f964a5206fa524e3	397
4b2ae76ff964a520d6b124e3	398
4b2aef90f964a52067b224e3	399
4b2af373f964a520beb224e3	400
4b2af991f964a52029b324e3	401
4b2b4b25f964a5209bb524e3	402
4b2b58eaf964a520e5b524e3	403
4b2b6565f964a52020b624e3	404
4b2b666af964a52028b624e3	405
4b2ba998f964a520d8b824e3	406
4b2c4c0bf964a52075c524e3	407
4b2c9031f964a520d0c724e3	408
4b2c905cf964a520d3c724e3	409
4b2cb295f964a52097c824e3	410
4b2cb992f964a520c9c824e3	411
4b2ce89af964a5209dca24e3	412
4b2cf3c4f964a5203bcb24e3	413
4b2d0e1af964a52037cd24e3	414
4b2dc086f964a52012db24e3	415
4b2df016f964a5201adc24e3	416
4b2df07cf964a5201bdc24e3	417
4b2e6888f964a520a3df24e3	418
4b2e85fdf964a520cee124e3	419
4b2ee848f964a52021e824e3	420
4b2ee999f964a52033e824e3	421
4b2ef5adf964a520bce824e3	422
4b2f1e7cf964a52099e924e3	423
4b2f2777f964a520d0e924e3	424
4b2f4a93f964a520a3ea24e3	425
4b305a74f964a5201ef924e3	426
4b305ae0f964a5201ff924e3	427
4b305b8af964a52022f924e3	428
4b30a8f3f964a520b9fa24e3	429
4b30af75f964a520e3fa24e3	430
4b30afd1f964a520e4fa24e3	431
4b30b041f964a520ebfa24e3	432
4b30b5b8f964a52015fb24e3	433
4b30d634f964a520fbfb24e3	434
4b3159b4f964a520400525e3	435
4b3166f9f964a520400625e3	436
4b32a841f964a5201b1125e3	437
4b32b951f964a5209e1225e3	438
4b33251af964a520d51725e3	439
4b3353b6f964a520b51825e3	440
4b336340f964a5200d1925e3	441
4b340afff964a5204b2425e3	442
4b347112f964a520852725e3	443
4b349827f964a520ff2725e3	444
4b35706ff964a5202b2d25e3	445
4b35a0aaf964a5204a2e25e3	446
4b35c2a7f964a520d62e25e3	447
4b3695a2f964a5207f3825e3	448
4b36adc3f964a5207f3a25e3	449
4b36b0f5f964a520b03a25e3	450
4b36be44f964a520ad3b25e3	451
4b36ee11f964a520543e25e3	452
4b36fbbef964a520d33e25e3	453
4b370c13f964a5203d3f25e3	454
4b370fd4f964a520523f25e3	455
4b373e5ef964a520194025e3	456
4b374054f964a520274025e3	457
4b377134f964a520154125e3	458
4b37733bf964a520204125e3	459
4b37ee99f964a520de4825e3	460
4b37f4d2f964a520334925e3	461
4b380ad7f964a520bc4a25e3	462
4b381c92f964a520c04b25e3	463
4b3836cef964a520e64c25e3	464
4b384139f964a520334d25e3	465
4b3854eef964a520a14d25e3	466
4b385a52f964a520b44d25e3	467
4b386e48f964a520164e25e3	468
4b3883cff964a520624e25e3	469
4b388818f964a520724e25e3	470
4b38b418f964a520914f25e3	471
4b38ba21f964a520ca4f25e3	472
4b38c63af964a520385025e3	473
4b396b34f964a5204f5c25e3	474
4b39a4f9f964a5204f5e25e3	475
4b39affff964a520805e25e3	476
4b39cbf8f964a520045f25e3	477
4b3a9f23f964a5205b6b25e3	478
4b3aa3e4f964a520b96b25e3	479
4b3aa85ef964a520156c25e3	480
4b3aa897f964a5201d6c25e3	481
4b3aa8f3f964a520266c25e3	482
4b3aac4af964a520676c25e3	483
4b3aacb0f964a520756c25e3	484
4b3aaf31f964a520a66c25e3	485
4b3ae0c5f964a520796f25e3	486
4b3ae51bf964a520956f25e3	487
4b3ae90ff964a520b96f25e3	488
4b3afc11f964a520237025e3	489
4b3b12f7f964a520b57025e3	490
4b3b1dd3f964a520f17025e3	491
4b3b3bfef964a520af7125e3	492
4b3b54dcf964a5208c7225e3	493
4b3b5574f964a520957225e3	494
4b3b5742f964a520ad7225e3	495
4b3b57cef964a520b37225e3	496
4b3b587cf964a520bb7225e3	497
4b3b5926f964a520c17225e3	498
4b3b59c9f964a520ca7225e3	499
4b3b5a82f964a520d27225e3	500
4b3b5b18f964a520da7225e3	501
4b3b5bc4f964a520e07225e3	502
4b3b608ff964a5200b7325e3	503
4b3c23b5f964a5202a8225e3	504
4b3c3b13f964a5202d8325e3	505
4b3c9e09f964a520998525e3	506
4b3cd231f964a520c28725e3	507
4b3d7bcaf964a520c69425e3	508
4b3d8ca3f964a520689525e3	509
4b3dcda5f964a520e29625e3	510
4b3dd78cf964a5200b9725e3	511
4b3df351f964a520819725e3	512
4b3eb94df964a5206ba125e3	513
4b3f1743f964a520eba325e3	514
4b3f182ef964a520f5a325e3	515
4b3f30d3f964a5208ca425e3	516
4b3fed49f964a52049b225e3	517
4b400c75f964a520d8b425e3	518
4b400cfff964a520e3b425e3	519
4b403511f964a520d3b625e3	520
4b403756f964a520eab625e3	521
4b403a4ef964a52005b725e3	522
4b406a0df964a52018b825e3	523
4b409942f964a5203cb925e3	524
4b409985f964a5203db925e3	525
4b409a97f964a52044b925e3	526
4b4122c2f964a520d6c125e3	527
4b413218f964a52005c325e3	528
4b41367af964a5205dc325e3	529
4b414b52f964a520cec425e3	530
4b4162b1f964a52016c625e3	531
4b416d1cf964a52090c625e3	532
4b416f4cf964a520a6c625e3	533
4b4189eff964a52067c725e3	534
4b41b4f7f964a52073c825e3	535
4b41e5f8f964a520f2c925e3	536
4b4213acf964a5205ccc25e3	537
4b426f4af964a520ecd325e3	538
4b429ccff964a5207bd725e3	539
4b42a9c9f964a5206dd825e3	540
4b42ea1df964a520e5da25e3	541
4b4327e6f964a5209fdc25e3	542
4b43587ff964a520cade25e3	543
4b43c6f3f964a52081e925e3	544
4b44246df964a520f3f125e3	545
4b4426d1f964a52018f225e3	546
4b443147f964a5208bf225e3	547
4b445028f964a520c8f325e3	548
4b4479a4f964a5205ef525e3	549
4b4487c9f964a5201ef625e3	550
4b449979f964a52081f725e3	551
4b453c69f964a520be0826e3	552
4b454bc2f964a520130a26e3	553
4b455eebf964a520840b26e3	554
4b459cb7f964a5208a0e26e3	555
4b459ee8f964a520a40e26e3	556
4b45b65bf964a5207b0f26e3	557
4b45c777f964a5203a1026e3	558
4b45c7a5f964a5203e1026e3	559
4b45e7fdf964a5200b1226e3	560
4b45f8a0f964a520311326e3	561
4b4671bff964a520282126e3	562
4b467c9af964a5206c2226e3	563
4b46a791f964a520542626e3	564
4b46ad4cf964a520ad2626e3	565
4b46c411f964a520ee2726e3	566
4b46d0ebf964a520982826e3	567
4b46e964f964a520812926e3	568
4b46e982f964a520832926e3	569
4b46eb7df964a5209e2926e3	570
4b46f6bbf964a520042a26e3	571
4b46f717f964a520072a26e3	572
4b470dd4f964a520e02a26e3	573
4b470f5ff964a520f12a26e3	574
4b472103f964a520bb2b26e3	575
4b47218ef964a520c22b26e3	576
4b472cdbf964a520542c26e3	577
4b47b936f964a520f53b26e3	578
4b47db98f964a520ce4126e3	579
4b480de4f964a520274726e3	580
4b480f47f964a520584726e3	581
4b4817fff964a520114826e3	582
4b481f88f964a520b14826e3	583
4b482d8df964a520854926e3	584
4b4833e1f964a520054a26e3	585
4b48352df964a520194a26e3	586
4b483a27f964a5205c4a26e3	587
4b4851b0f964a520944b26e3	588
4b485699f964a520ce4b26e3	589
4b489a80f964a520405026e3	590
4b48b7b3f964a520f05326e3	591
4b493538f964a520186a26e3	592
4b493c33f964a520fc6a26e3	593
4b493d7cf964a520226b26e3	594
4b494b03f964a520a16c26e3	595
4b496456f964a520f16e26e3	596
4b4966dcf964a520276f26e3	597
4b497feef964a5209c7026e3	598
4b498d9df964a5202f7126e3	599
4b4992c8f964a520607126e3	600
4b499658f964a520827126e3	601
4b499889f964a520917126e3	602
4b49a6bef964a5202b7226e3	603
4b49ab8af964a520547226e3	604
4b49ac6bf964a5205c7226e3	605
4b49c505f964a520647326e3	606
4b49cb0ff964a520b67326e3	607
4b49cd54f964a520d67326e3	608
4b49cfeaf964a520ff7326e3	609
4b49d62af964a5205a7426e3	610
4b4a431cf964a5204a8126e3	611
4b4a79ccf964a520bc8826e3	612
4b4a8d8af964a520758a26e3	613
4b4a93d4f964a520f78a26e3	614
4b4aa5e8f964a520378c26e3	615
4b4aa852f964a520678c26e3	616
4b4ac1bcf964a520f68d26e3	617
4b4adf0ef964a5205e8f26e3	618
4b4bad2af964a520ada326e3	619
4b4bc3b1f964a520e3a626e3	620
4b4bd70ff964a52038a926e3	621
4b4bee5ff964a5207cab26e3	622
4b4bf936f964a52068ac26e3	623
4b4bfbe4f964a52098ac26e3	624
4b4c45d8f964a52053b026e3	625
4b4c4ed4f964a520c7b026e3	626
4b4c7cb3f964a5203cb426e3	627
4b4c8907f964a5206db526e3	628
4b4d1531f964a52059ca26e3	629
4b4d45eff964a520d7cf26e3	630
4b4d8eacf964a5200cd426e3	631
4b4d9126f964a5202ed426e3	632
4b4d99a9f964a520a5d426e3	633
4b4da4eef964a5201bd526e3	634
4b4dbecef964a520acd626e3	635
4b4dc6bff964a5207ad726e3	636
4b4dc973f964a520aed726e3	637
4b4dffcbf964a52095dd26e3	638
4b4e4497f964a5207be726e3	639
4b4e4f1ff964a520ebe826e3	640
4b4e564cf964a520f0e926e3	641
4b4e85ccf964a52062f026e3	642
4b4e91abf964a520aef126e3	643
4b4e9d37f964a520a4f226e3	644
4b4e9e51f964a520bdf226e3	645
4b4ea120f964a520f8f226e3	646
4b4ece3cf964a520adf526e3	647
4b4ed213f964a520f2f526e3	648
4b4ed7cef964a52039f626e3	649
4b4eea3ff964a52027f726e3	650
4b4eea84f964a52029f726e3	651
4b4ef315f964a5208ff726e3	652
4b4ef864f964a520d5f726e3	653
4b4efc33f964a52018f826e3	654
4b4efe11f964a5203ff826e3	655
4b4eff98f964a5205af826e3	656
4b4f1e78f964a520b7fa26e3	657
4b4f2be8f964a52025fc26e3	658
4b4fa5d9f964a5200f0f27e3	659
4b4fb4aff964a520c01127e3	660
4b4fb9eef964a520c91227e3	661
4b4fc05df964a520001427e3	662
4b4fcf6bf964a5203a1627e3	663
4b4fe7a7f964a520301927e3	664
4b4ff0abf964a520e81927e3	665
4b500535f964a5204d1b27e3	666
4b500a5df964a520ab1b27e3	667
4b50117ff964a5202e1c27e3	668
4b50264cf964a520881d27e3	669
4b5026b6f964a5208f1d27e3	670
4b502762f964a5209b1d27e3	671
4b502923f964a520b71d27e3	672
4b502aa5f964a520dc1d27e3	673
4b504919f964a520c31f27e3	674
4b5058e9f964a520fc2027e3	675
4b5059e3f964a5200f2127e3	676
4b50663ff964a5203f2227e3	677
4b506953f964a520832227e3	678
4b506ecdf964a520202327e3	679
4b50716df964a520672327e3	680
4b507f4cf964a520342527e3	681
4b508577f964a520f72527e3	682
4b5086e0f964a520272627e3	683
4b51191df964a520454227e3	684
4b51391df964a520e54727e3	685
4b514d4ff964a520514a27e3	686
4b514eb3f964a520784a27e3	687
4b515360f964a520f64a27e3	688
4b515586f964a5202c4b27e3	689
4b515ef9f964a520ee4b27e3	690
4b516006f964a520024c27e3	691
4b51667af964a520834c27e3	692
4b51699cf964a520c04c27e3	693
4b516e9af964a5202a4d27e3	694
4b5174e9f964a520a64d27e3	695
4b5176bbf964a520cb4d27e3	696
4b517cc3f964a520374e27e3	697
4b517e0bf964a520524e27e3	698
4b5191baf964a520be4f27e3	699
4b51aff5f964a5209d5227e3	700
4b51b2e1f964a520ed5227e3	701
4b51bf9ff964a5204c5427e3	702
4b51cf65f964a520665627e3	703
4b525412f964a520807727e3	704
4b5254f3f964a520b17727e3	705
4b525a99f964a520de7827e3	706
4b525d9ff964a5209b7927e3	707
4b526ce7f964a520a67c27e3	708
4b52730af964a520da7d27e3	709
4b5274e4f964a520207e27e3	710
4b527802f964a520bf7e27e3	711
4b527e57f964a520c37f27e3	712
4b5285cff964a520eb8027e3	713
4b5292aaf964a520b48227e3	714
4b52966cf964a520328327e3	715
4b529a32f964a5209a8327e3	716
4b529b9ff964a520be8327e3	717
4b529cbdf964a520e28327e3	718
4b52a56bf964a520e88427e3	719
4b52a87bf964a5203f8527e3	720
4b52ab3cf964a520858527e3	721
4b52b07df964a520098627e3	722
4b52b2b2f964a520398627e3	723
4b52b325f964a520448627e3	724
4b52b427f964a5205e8627e3	725
4b52b6e0f964a520988627e3	726
4b52c581f964a520c28727e3	727
4b52c61ff964a520ca8727e3	728
4b52c790f964a520eb8727e3	729
4b52d1bff964a520a38827e3	730
4b52d2cff964a520bb8827e3	731
4b52d37af964a520ca8827e3	732
4b52d868f964a520268927e3	733
4b52dcecf964a5207a8927e3	734
4b52f1f3f964a520198b27e3	735
4b52f6e9f964a520828b27e3	736
4b52ff05f964a5202b8c27e3	737
4b531103f964a520ef8d27e3	738
4b531603f964a5208d8e27e3	739
4b5364baf964a520969a27e3	740
4b537601f964a5200e9e27e3	741
4b53b9c4f964a5205ca927e3	742
4b53ba34f964a5206aa927e3	743
4b53bc1af964a520aba927e3	744
4b53da3cf964a52038ad27e3	745
4b53e2b4f964a520f9ad27e3	746
4b53f0dbf964a52021af27e3	747
4b5402c6f964a5206eb027e3	748
4b54082cf964a520c5b027e3	749
4b5409faf964a520e6b027e3	750
4b5413b6f964a5209eb127e3	751
4b5413d7f964a520a4b127e3	752
4b5419a4f964a52031b227e3	753
4b541c27f964a52080b227e3	754
4b541c9bf964a5208ab227e3	755
4b54245bf964a52019b327e3	756
4b542534f964a52032b327e3	757
4b5428bff964a52072b327e3	758
4b542b2af964a5209fb327e3	759
4b54335ff964a5206bb427e3	760
4b543467f964a52082b427e3	761
4b54346cf964a52083b427e3	762
4b5436e8f964a520b5b427e3	763
4b54377cf964a520c7b427e3	764
4b543a97f964a5200fb527e3	765
4b543f84f964a5207cb527e3	766
4b544068f964a52092b527e3	767
4b54422df964a520ccb527e3	768
4b5442c4f964a520dfb527e3	769
4b54453af964a52019b627e3	770
4b5446b5f964a52040b627e3	771
4b5448dff964a52075b627e3	772
4b544b6ff964a520aeb627e3	773
4b544d5bf964a520eab627e3	774
4b545279f964a5207cb727e3	775
4b545346f964a52092b727e3	776
4b545885f964a5202eb827e3	777
4b5472bcf964a520a4bb27e3	778
4b547d74f964a5203bbd27e3	779
4b54815ff964a520c1bd27e3	780
4b548d47f964a520adbf27e3	781
4b5499d6f964a52001c227e3	782
4b54a04ff964a5207bc327e3	783
4b54a304f964a52013c427e3	784
4b54ddbbf964a5206fd027e3	785
4b54dec3f964a520a8d027e3	786
4b54e217f964a52040d127e3	787
4b54e6a4f964a52036d227e3	788
4b54e6b3f964a52039d227e3	789
4b54ea63f964a520efd227e3	790
4b54ead3f964a5200ad327e3	791
4b54ebe8f964a5203ed327e3	792
4b54ed75f964a52093d327e3	793
4b54eddcf964a520a4d327e3	794
4b54ef8ef964a52002d427e3	795
4b54f4f1f964a5202cd527e3	796
4b54f643f964a52073d527e3	797
4b54f8c1f964a520fad527e3	798
4b54f9d9f964a52039d627e3	799
4b54fad0f964a52057d627e3	800
4b54fbcbf964a5208ad627e3	801
4b54fc44f964a520a0d627e3	802
4b54fe4ef964a520fbd627e3	803
4b54fe5df964a520ffd627e3	804
4b54fe62f964a52000d727e3	805
4b54ff13f964a5201fd727e3	806
4b550210f964a520a0d727e3	807
4b55021bf964a520a3d727e3	808
4b550232f964a520a5d727e3	809
4b5503b8f964a520e0d727e3	810
4b550403f964a520ecd727e3	811
4b550514f964a52017d827e3	812
4b550da5f964a52069d927e3	813
4b551504f964a52084da27e3	814
4b551567f964a52099da27e3	815
4b551788f964a520e4da27e3	816
4b551a6af964a52045db27e3	817
4b551ed0f964a520d8db27e3	818
4b551f76f964a520f2db27e3	819
4b551fb3f964a520fadb27e3	820
4b552568f964a520cadc27e3	821
4b55265cf964a520e6dc27e3	822
4b55274df964a52008dd27e3	823
4b5527cbf964a52019dd27e3	824
4b552b76f964a52091dd27e3	825
4b552cd8f964a520c1dd27e3	826
4b552f3df964a52006de27e3	827
4b5530abf964a52021de27e3	828
4b553186f964a52039de27e3	829
4b553260f964a5204dde27e3	830
4b55355af964a520a4de27e3	831
4b553983f964a5202adf27e3	832
4b553af0f964a52059df27e3	833
4b553cfff964a52086df27e3	834
4b553e92f964a520aedf27e3	835
4b554189f964a52000e027e3	836
4b554268f964a5201ee027e3	837
4b5542c8f964a52027e027e3	838
4b554345f964a52036e027e3	839
4b554486f964a52053e027e3	840
4b55466cf964a5208ae027e3	841
4b55468ff964a5208fe027e3	842
4b5547dcf964a520aae027e3	843
4b55499bf964a520dae027e3	844
4b554a05f964a520e4e027e3	845
4b554e5ef964a52047e127e3	846
4b554f0ff964a5205ce127e3	847
4b55512ff964a52076e127e3	848
4b555139f964a5207ae127e3	849
4b5552bff964a52099e127e3	850
4b5553d1f964a520b2e127e3	851
4b55563ff964a520e8e127e3	852
4b555a1af964a5203ae227e3	853
4b555d0cf964a52071e227e3	854
4b555ddcf964a52086e227e3	855
4b555ed2f964a5209ce227e3	856
4b555ffcf964a520b9e227e3	857
4b55605df964a520c7e227e3	858
4b5560e8f964a520d4e227e3	859
4b556119f964a520d8e227e3	860
4b55639ff964a52018e327e3	861
4b55652df964a52043e327e3	862
4b5565c5f964a52050e327e3	863
4b556646f964a5205ae327e3	864
4b556650f964a5205be327e3	865
4b5566f8f964a5206ee327e3	866
4b55670ff964a52071e327e3	867
4b556739f964a52078e327e3	868
4b55674ff964a5207ae327e3	869
4b556966f964a520b0e327e3	870
4b556c34f964a520ece327e3	871
4b556c7ef964a520f5e327e3	872
4b556d98f964a5200de427e3	873
4b556e1ef964a52016e427e3	874
4b556e38f964a5201ae427e3	875
4b556f55f964a52038e427e3	876
4b5570e7f964a52065e427e3	877
4b557506f964a520cfe427e3	878
4b5575aaf964a520dee427e3	879
4b557613f964a520e8e427e3	880
4b55766df964a520f1e427e3	881
4b557672f964a520f2e427e3	882
4b5576def964a52000e527e3	883
4b55770cf964a52006e527e3	884
4b55774ff964a5200ae527e3	885
4b557772f964a52013e527e3	886
4b557834f964a52022e527e3	887
4b557923f964a52033e527e3	888
4b557b68f964a5206be527e3	889
4b557b9ff964a52072e527e3	890
4b558136f964a520ebe527e3	891
4b558199f964a520f6e527e3	892
4b558306f964a5201be627e3	893
4b5583def964a52032e627e3	894
4b5585f7f964a5206ee627e3	895
4b558657f964a52077e627e3	896
4b558821f964a520ade627e3	897
4b558892f964a520b9e627e3	898
4b55889df964a520bae627e3	899
4b5589b1f964a520d6e627e3	900
4b5589cff964a520d8e627e3	901
4b558a32f964a520e0e627e3	902
4b558a35f964a520eae627e3	903
4b558ac8f964a520f2e627e3	904
4b558bd6f964a52005e727e3	905
4b558ecaf964a52061e727e3	906
4b559108f964a520a5e727e3	907
4b55915bf964a520ace727e3	908
4b55942ef964a520f7e727e3	909
4b55944ff964a52001e827e3	910
4b559470f964a52004e827e3	911
4b559504f964a52019e827e3	912
4b55953cf964a5201ee827e3	913
4b5595adf964a52028e827e3	914
4b55989cf964a52077e827e3	915
4b5599caf964a5209be827e3	916
4b559bcdf964a520e8e827e3	917
4b559df3f964a52040e927e3	918
4b559f6df964a52078e927e3	919
4b55a0abf964a520a5e927e3	920
4b55a124f964a520b2e927e3	921
4b55a17bf964a520c1e927e3	922
4b55a1c8f964a520cce927e3	923
4b55a253f964a520e1e927e3	924
4b55a2bbf964a520e9e927e3	925
4b55a34ef964a520fde927e3	926
4b55a4aff964a52032ea27e3	927
4b55aa95f964a52007eb27e3	928
4b55aab5f964a5200ceb27e3	929
4b55ab6bf964a52029eb27e3	930
4b55abe7f964a52042eb27e3	931
4b55ac7cf964a52056eb27e3	932
4b55b0faf964a520feeb27e3	933
4b55b1dcf964a52026ec27e3	934
4b55b231f964a52033ec27e3	935
4b55b43df964a52084ec27e3	936
4b55b56af964a520b5ec27e3	937
4b55b65bf964a520d7ec27e3	938
4b55b740f964a520efec27e3	939
4b55b89bf964a52026ed27e3	940
4b55bac9f964a5207bed27e3	941
4b55bbd2f964a520a1ed27e3	942
4b55bc43f964a520b0ed27e3	943
4b55be4ff964a52001ee27e3	944
4b55c120f964a5207dee27e3	945
4b55c270f964a520b2ee27e3	946
4b55c2aaf964a520b9ee27e3	947
4b55c31af964a520d9ee27e3	948
4b55c56ff964a5203cef27e3	949
4b55c59cf964a52043ef27e3	950
4b55c6faf964a52088ef27e3	951
4b55c9b6f964a52006f027e3	952
4b55ca24f964a5201bf027e3	953
4b55cbe9f964a5206bf027e3	954
4b55cc68f964a52086f027e3	955
4b55d197f964a52065f127e3	956
4b55d3ddf964a520c7f127e3	957
4b55d467f964a520e3f127e3	958
4b55d4f8f964a520f6f127e3	959
4b55d4fcf964a520f7f127e3	960
4b55d59ff964a52011f227e3	961
4b55d735f964a52055f227e3	962
4b55dc56f964a5205bf327e3	963
4b55e659f964a52053f527e3	964
4b561abcf964a520930028e3	965
4b562d76f964a520cc0328e3	966
4b562de3f964a520e50328e3	967
4b56311af964a520810428e3	968
4b56326df964a520d70428e3	969
4b56345ff964a520330528e3	970
4b5638fbf964a520110628e3	971
4b563a0af964a520450628e3	972
4b563a43f964a520550628e3	973
4b563b1df964a520730628e3	974
4b563c44f964a520ba0628e3	975
4b563d4ff964a520ef0628e3	976
4b563d50f964a520f00628e3	977
4b563f2ef964a520460728e3	978
4b563fe0f964a520690728e3	979
4b5640a7f964a520900728e3	980
4b564146f964a520ab0728e3	981
4b56416bf964a520b50728e3	982
4b5641a7f964a520c40728e3	983
4b56422ff964a520e40728e3	984
4b5642d0f964a520110828e3	985
4b5642e3f964a520160828e3	986
4b564321f964a520220828e3	987
4b56441af964a520510828e3	988
4b564643f964a520b90828e3	989
4b5647bdf964a520080928e3	990
4b564833f964a520230928e3	991
4b564870f964a5202d0928e3	992
4b5648e6f964a520400928e3	993
4b5649b2f964a520640928e3	994
4b564bf1f964a520da0928e3	995
4b564e57f964a520510a28e3	996
4b564ff3f964a520a20a28e3	997
4b564ffdf964a520a60a28e3	998
4b565252f964a520260b28e3	999
4b5653a9f964a520810b28e3	1000
4b565453f964a520a40b28e3	1001
4b565633f964a5200b0c28e3	1002
4b5657f9f964a520620c28e3	1003
4b5658f3f964a520940c28e3	1004
4b565926f964a5209b0c28e3	1005
4b565cb8f964a520360d28e3	1006
4b565cbff964a520380d28e3	1007
4b565fd0f964a520b60d28e3	1008
4b566132f964a520ec0d28e3	1009
4b56614af964a520ee0d28e3	1010
4b5661b6f964a520050e28e3	1011
4b5661c9f964a520520f28e3	1012
4b5662c7f964a520370e28e3	1013
4b566338f964a520440e28e3	1014
4b5663f3f964a520630e28e3	1015
4b566435f964a5206e0e28e3	1016
4b56643df964a520700e28e3	1017
4b5666eaf964a520e50e28e3	1018
4b566940f964a520440f28e3	1019
4b566b11f964a520890f28e3	1020
4b566b84f964a5209e0f28e3	1021
4b566db8f964a520fb0f28e3	1022
4b566e02f964a5200a1028e3	1023
4b566e8bf964a520201028e3	1024
4b5672d5f964a520d11028e3	1025
4b567408f964a520fe1028e3	1026
4b56746ff964a520181128e3	1027
4b5674ddf964a520301128e3	1028
4b56757df964a520461128e3	1029
4b5675c0f964a520591128e3	1030
4b5676d7f964a520931128e3	1031
4b5678f0f964a520ff1128e3	1032
4b567919f964a520f81128e3	1033
4b567a5cf964a520391228e3	1034
4b567ac6f964a5204e1228e3	1035
4b567b47f964a520651228e3	1036
4b567b4af964a520661228e3	1037
4b567c44f964a520871228e3	1038
4b567cbbf964a5209b1228e3	1039
4b567da0f964a520b31228e3	1040
4b567dd7f964a520c21228e3	1041
4b567f4df964a520f71228e3	1042
4b5680f8f964a520331328e3	1043
4b56811cf964a520381328e3	1044
4b5681bff964a520461328e3	1045
4b5681d1f964a5204b1328e3	1046
4b568200f964a520561328e3	1047
4b568332f964a520871328e3	1048
4b568336f964a520881328e3	1049
4b568358f964a5208d1328e3	1050
4b568594f964a520d51328e3	1051
4b568608f964a520ea1328e3	1052
4b568760f964a520151428e3	1053
4b56877ef964a5201b1428e3	1054
4b568855f964a520341428e3	1055
4b5689aff964a5206c1428e3	1056
4b568aa1f964a5208c1428e3	1057
4b568b6cf964a520ac1428e3	1058
4b568c34f964a520c71428e3	1059
4b568cc7f964a520d91428e3	1060
4b568cfef964a520e11428e3	1061
4b568d9ef964a520f61428e3	1062
4b568e6bf964a520131528e3	1063
4b568fd8f964a5203b1528e3	1064
4b568ffef964a520411528e3	1065
4b56906df964a520511528e3	1066
4b569274f964a5208a1528e3	1067
4b569776f964a5201d1628e3	1068
4b56992bf964a520481628e3	1069
4b569977f964a520551628e3	1070
4b5699d0f964a520611628e3	1071
4b569a11f964a520691628e3	1072
4b569ac6f964a520771628e3	1073
4b569b1ef964a520841628e3	1074
4b569baef964a520951628e3	1075
4b569bc2f964a520991628e3	1076
4b569ce3f964a520b61628e3	1077
4b569de6f964a520ce1628e3	1078
4b56a01ff964a520011728e3	1079
4b56a082f964a5200b1728e3	1080
4b56a0f8f964a5201f1728e3	1081
4b56a167f964a520281728e3	1082
4b56a5e8f964a5208e1728e3	1083
4b56a684f964a520961728e3	1084
4b56a796f964a520b31728e3	1085
4b56a931f964a520e31728e3	1086
4b56ad1af964a520471828e3	1087
4b56b01df964a520991828e3	1088
4b56b0f6f964a520b51828e3	1089
4b56b1f3f964a520d01828e3	1090
4b56b554f964a520261928e3	1091
4b56b5b0f964a520341928e3	1092
4b56b62bf964a520411928e3	1093
4b56b68df964a5204b1928e3	1094
4b56b695f964a5204c1928e3	1095
4b56b769f964a520641928e3	1096
4b56b7f1f964a5206f1928e3	1097
4b56b805f964a520731928e3	1098
4b56b926f964a520901928e3	1099
4b56b9d0f964a520a01928e3	1100
4b56b9ecf964a520a51928e3	1101
4b56bcbef964a520e21928e3	1102
4b56bd3df964a520f01928e3	1103
4b56bdaef964a520fe1928e3	1104
4b56be46f964a520151a28e3	1105
4b56bf14f964a5202b1a28e3	1106
4b56c0c3f964a520541a28e3	1107
4b56c1bef964a5206e1a28e3	1108
4b56c342f964a520981a28e3	1109
4b56c36ff964a5209e1a28e3	1110
4b56c4a3f964a520c01a28e3	1111
4b56c4c5f964a520c41a28e3	1112
4b56c537f964a520cf1a28e3	1113
4b56c59df964a520db1a28e3	1114
4b56c701f964a520fa1a28e3	1115
4b56c88af964a520211b28e3	1116
4b56c8a7f964a520271b28e3	1117
4b56c8d2f964a5202c1b28e3	1118
4b56c9a4f964a5203e1b28e3	1119
4b56ca5af964a520491b28e3	1120
4b56cb39f964a520611b28e3	1121
4b56cbbaf964a5206d1b28e3	1122
4b56cd91f964a520a21b28e3	1123
4b56cdbef964a520a91b28e3	1124
4b56cddef964a520ae1b28e3	1125
4b56ce5cf964a520b71b28e3	1126
4b56cf14f964a520c41b28e3	1127
4b56cf5df964a520d11b28e3	1128
4b56cff7f964a520df1b28e3	1129
4b56d167f964a520041c28e3	1130
4b56d19df964a520091c28e3	1131
4b56d1eff964a520171c28e3	1132
4b56d3b2f964a520471c28e3	1133
4b56d45ef964a520571c28e3	1134
4b56d497f964a520611c28e3	1135
4b56d5def964a520831c28e3	1136
4b56d6def964a520a81c28e3	1137
4b56d752f964a520b41c28e3	1138
4b56d792f964a520b91c28e3	1139
4b56d7f0f964a520c21c28e3	1140
4b56d82ef964a520ce1c28e3	1141
4b56da5ff964a520071d28e3	1142
4b56da76f964a5200b1d28e3	1143
4b56dacaf964a520181d28e3	1144
4b56db11f964a5201e1d28e3	1145
4b56dd3cf964a520671d28e3	1146
4b56ddb6f964a520701d28e3	1147
4b56debcf964a520911d28e3	1148
4b56decbf964a520931d28e3	1149
4b56df1df964a5209f1d28e3	1150
4b56dfd9f964a520b91d28e3	1151
4b56e0f4f964a520eb1d28e3	1152
4b56e23ff964a520161e28e3	1153
4b56e3c7f964a520491e28e3	1154
4b56e5bdf964a5207a1e28e3	1155
4b56e5f5f964a520811e28e3	1156
4b56e604f964a520861e28e3	1157
4b56e642f964a5208a1e28e3	1158
4b56e69ff964a520981e28e3	1159
4b56e85cf964a520d91e28e3	1160
4b56e8bdf964a520e51e28e3	1161
4b56e8f0f964a520ea1e28e3	1162
4b56e954f964a520f71e28e3	1163
4b56ea73f964a5201f1f28e3	1164
4b56ea77f964a520201f28e3	1165
4b56eb89f964a5204a1f28e3	1166
4b56ec59f964a520681f28e3	1167
4b56ed1df964a520801f28e3	1168
4b56ed54f964a520861f28e3	1169
4b56ee34f964a520a51f28e3	1170
4b56ef86f964a520d51f28e3	1171
4b56f166f964a5201a2028e3	1172
4b56f21ff964a5202e2028e3	1173
4b56f2dcf964a520482028e3	1174
4b56f609f964a520c32028e3	1175
4b56f65bf964a520d02028e3	1176
4b56f672f964a520d62028e3	1177
4b56f902f964a520432128e3	1178
4b56fb51f964a520aa2128e3	1179
4b56fb7af964a520ad2128e3	1180
4b56feb4f964a520262228e3	1181
4b56ff48f964a5203a2228e3	1182
4b570121f964a5208c2228e3	1183
4b570141f964a5208f2228e3	1184
4b57016df964a520952228e3	1185
4b57022df964a520a92228e3	1186
4b5703aff964a520db2228e3	1187
4b5703e1f964a520e22228e3	1188
4b57050df964a5201f2328e3	1189
4b57065af964a520542328e3	1190
4b570662f964a520562328e3	1191
4b57070af964a5206b2328e3	1192
4b5707a4f964a520832328e3	1193
4b5707ccf964a5208c2328e3	1194
4b570b36f964a520282428e3	1195
4b570c1bf964a520472428e3	1196
4b570d6df964a5207e2428e3	1197
4b570dbff964a5208e2428e3	1198
4b570e89f964a520b22428e3	1199
4b570f57f964a520cb2428e3	1200
4b570ffef964a520ea2428e3	1201
4b5715c4f964a520d02528e3	1202
4b571c36f964a520d02628e3	1203
4b571d7af964a520042728e3	1204
4b571fb4f964a520512728e3	1205
4b572222f964a520ad2728e3	1206
4b572309f964a520d32728e3	1207
4b572472f964a5200b2828e3	1208
4b572499f964a5200e2828e3	1209
4b5726c5f964a520762828e3	1210
4b5727a0f964a520902828e3	1211
4b572a06f964a5203f2928e3	1212
4b572a22f964a520132928e3	1213
4b572be4f964a520682928e3	1214
4b572c71f964a520832928e3	1215
4b572d6df964a520a82928e3	1216
4b572d9ff964a520ae2928e3	1217
4b573132f964a520582a28e3	1218
4b5736b4f964a5205a2b28e3	1219
4b573aedf964a520332c28e3	1220
4b573e32f964a520dd2c28e3	1221
4b573f22f964a520172d28e3	1222
4b57437ef964a5201e2e28e3	1223
4b575064f964a520ce3028e3	1224
4b575400f964a520a43128e3	1225
4b575b15f964a5203c3328e3	1226
4b575f69f964a520463428e3	1227
4b5760eaf964a520ac3428e3	1228
4b57a516f964a520ee3928e3	1229
4b57a877f964a5201d3a28e3	1230
4b57aa88f964a520973a28e3	1231
4b57aab0f964a520aa3a28e3	1232
4b57acf0f964a520373b28e3	1233
4b57adf7f964a5206c3b28e3	1234
4b57af88f964a520dd3b28e3	1235
4b57b024f964a520fd3b28e3	1236
4b57b053f964a520093c28e3	1237
4b57b21af964a520643c28e3	1238
4b57b60ef964a5203d3d28e3	1239
4b57b6b7f964a520513d28e3	1240
4b57bb1ef964a5204b3e28e3	1241
4b57bda1f964a520d23e28e3	1242
4b57beb3f964a520f13e28e3	1243
4b57c014f964a520333f28e3	1244
4b57c1aff964a5207e3f28e3	1245
4b57c2d6f964a520b83f28e3	1246
4b57c360f964a520d53f28e3	1247
4b57c459f964a520014028e3	1248
4b57c4eaf964a520234028e3	1249
4b57c5a9f964a520494028e3	1250
4b57c5b1f964a5204b4028e3	1251
4b57c6ccf964a5208a4028e3	1252
4b57c8a4f964a520ed4028e3	1253
4b57c906f964a520ff4028e3	1254
4b57c90af964a520004128e3	1255
4b57caaaf964a520654128e3	1256
4b57cb7cf964a5208b4128e3	1257
4b57cbeaf964a5209e4128e3	1258
4b57cc51f964a520a94128e3	1259
4b57cc63f964a520ac4128e3	1260
4b57cdeaf964a520ea4128e3	1261
4b57ce23f964a520f14128e3	1262
4b57d056f964a5205c4228e3	1263
4b57d0aaf964a5206a4228e3	1264
4b57d0b0f964a5206d4228e3	1265
4b57d2aaf964a520c64228e3	1266
4b57d2ccf964a520cd4228e3	1267
4b57d595f964a520354328e3	1268
4b57d5eaf964a520404328e3	1269
4b57d916f964a520b34328e3	1270
4b57d922f964a520b54328e3	1271
4b57d937f964a520b74328e3	1272
4b57d947f964a520b94328e3	1273
4b57db98f964a520114428e3	1274
4b57dd2af964a5204d4428e3	1275
4b57e1e4f964a520064528e3	1276
4b57e34cf964a5202f4528e3	1277
4b57e511f964a520744528e3	1278
4b57e7b3f964a520cd4528e3	1279
4b57e939f964a520f94528e3	1280
4b57e9aaf964a520054628e3	1281
4b57ead0f964a5202d4628e3	1282
4b57eb2af964a520374628e3	1283
4b57ebf7f964a5204c4628e3	1284
4b57ec00f964a5204e4628e3	1285
4b57f372f964a520174728e3	1286
4b57f3ddf964a520224728e3	1287
4b57f553f964a520494728e3	1288
4b57f56cf964a5204e4728e3	1289
4b57f577f964a5204f4728e3	1290
4b57f6caf964a520714728e3	1291
4b57fd03f964a520fb4728e3	1292
4b57fd85f964a5200c4828e3	1293
4b58009ff964a5204f4828e3	1294
4b580234f964a520764828e3	1295
4b580411f964a520ab4828e3	1296
4b580486f964a520b84828e3	1297
4b580508f964a520c24828e3	1298
4b58051ef964a520c54828e3	1299
4b58052ef964a520c74828e3	1300
4b580648f964a520f14828e3	1301
4b58067cf964a520f74828e3	1302
4b5806c2f964a520034928e3	1303
4b5806f0f964a520064928e3	1304
4b580729f964a5200d4928e3	1305
4b580878f964a520384928e3	1306
4b580941f964a520544928e3	1307
4b580949f964a520554928e3	1308
4b580bc4f964a520a14928e3	1309
4b580d0df964a520bf4928e3	1310
4b580e03f964a520d44928e3	1311
4b581294f964a520364a28e3	1312
4b581395f964a520484a28e3	1313
4b581906f964a520cf4a28e3	1314
4b58191bf964a520d24a28e3	1315
4b581a23f964a520f34a28e3	1316
4b581a35f964a520f64a28e3	1317
4b581a5df964a520fd4a28e3	1318
4b581b85f964a5201e4b28e3	1319
4b581c8bf964a5203d4b28e3	1320
4b581fe5f964a5209c4b28e3	1321
4b5821c5f964a520cb4b28e3	1322
4b58225ff964a520d84b28e3	1323
4b5822ddf964a520e54b28e3	1324
4b582340f964a520ec4b28e3	1325
4b58235df964a520ef4b28e3	1326
4b5823adf964a520fa4b28e3	1327
4b5824e4f964a520194c28e3	1328
4b58293ff964a520904c28e3	1329
4b58295af964a520924c28e3	1330
4b5829a2f964a520984c28e3	1331
4b5829b4f964a5209b4c28e3	1332
4b5829f4f964a520a44c28e3	1333
4b582addf964a520b84c28e3	1334
4b582b02f964a520bc4c28e3	1335
4b582c4bf964a520e34c28e3	1336
4b582d82f964a520084d28e3	1337
4b582dbaf964a5200e4d28e3	1338
4b582de3f964a520134d28e3	1339
4b582e2bf964a5201a4d28e3	1340
4b582e7bf964a520274d28e3	1341
4b582ef1f964a520354d28e3	1342
4b582f4af964a520444d28e3	1343
4b582fb5f964a520534d28e3	1344
4b58303cf964a520674d28e3	1345
4b5830fff964a520814d28e3	1346
4b58314bf964a520874d28e3	1347
4b583299f964a520aa4d28e3	1348
4b58336af964a520c84d28e3	1349
4b58342df964a520e64d28e3	1350
4b583455f964a520ec4d28e3	1351
4b583562f964a5201f4e28e3	1352
4b58357ff964a520174e28e3	1353
4b58376cf964a520504e28e3	1354
4b5837b6f964a5205b4e28e3	1355
4b5837b9f964a5205c4e28e3	1356
4b5837d9f964a520634e28e3	1357
4b583a6cf964a520b14e28e3	1358
4b583aa1f964a520b64e28e3	1359
4b583b11f964a520c84e28e3	1360
4b583b37f964a520d24e28e3	1361
4b583c95f964a520084f28e3	1362
4b583d68f964a5202b4f28e3	1363
4b583ddcf964a5203b4f28e3	1364
4b583e1bf964a520464f28e3	1365
4b583e9cf964a5205a4f28e3	1366
4b583f32f964a520714f28e3	1367
4b583f80f964a520804f28e3	1368
4b584009f964a520974f28e3	1369
4b584060f964a520a44f28e3	1370
4b584117f964a520be4f28e3	1371
4b58411bf964a520c04f28e3	1372
4b58434bf964a520185028e3	1373
4b584363f964a520195028e3	1374
4b584372f964a5201d5028e3	1375
4b584485f964a520385028e3	1376
4b584505f964a520505028e3	1377
4b584585f964a520605028e3	1378
4b5845aef964a520675028e3	1379
4b5848c9f964a520f05028e3	1380
4b584af5f964a5205a5128e3	1381
4b584b0cf964a520605128e3	1382
4b584b60f964a520725128e3	1383
4b584ce3f964a520b35128e3	1384
4b584d5bf964a520be5128e3	1385
4b584f78f964a5201c5228e3	1386
4b584f93f964a520235228e3	1387
4b585097f964a520525228e3	1388
4b5850d5f964a5205a5228e3	1389
4b585230f964a520995228e3	1390
4b58524af964a5209f5228e3	1391
4b585256f964a520a15228e3	1392
4b5852edf964a520c45228e3	1393
4b58533ff964a520dc5228e3	1394
4b58539af964a520ea5228e3	1395
4b585654f964a520605328e3	1396
4b5857c2f964a520955328e3	1397
4b5858daf964a520c05328e3	1398
4b585991f964a520db5328e3	1399
4b585996f964a520dc5328e3	1400
4b585a88f964a520055428e3	1401
4b585b16f964a520245428e3	1402
4b585d1bf964a520705428e3	1403
4b585dbaf964a5208f5428e3	1404
4b585f2cf964a520d65428e3	1405
4b586155f964a520265528e3	1406
4b58618bf964a5202f5528e3	1407
4b5864d4f964a520c75528e3	1408
4b586551f964a520de5528e3	1409
4b5865acf964a520ee5528e3	1410
4b58667cf964a5200d5628e3	1411
4b586711f964a520255628e3	1412
4b586850f964a5205d5628e3	1413
4b586bbdf964a520f45628e3	1414
4b5870e1f964a520d65728e3	1415
4b587153f964a520f55728e3	1416
4b58719cf964a5200b5828e3	1417
4b5873bcf964a5206e5828e3	1418
4b5880e9f964a520f25a28e3	1419
4b5880eef964a520f45a28e3	1420
4b5883f6f964a520965b28e3	1421
4b588523f964a520d55b28e3	1422
4b588558f964a520dd5b28e3	1423
4b5886a3f964a5202d5c28e3	1424
4b5886adf964a5202c5c28e3	1425
4b588da8f964a520a95d28e3	1426
4b58a55cf964a5206e6328e3	1427
4b58a618f964a520a46328e3	1428
4b58b557f964a520ba6628e3	1429
4b58d071f964a5208a6c28e3	1430
4b58d8c3f964a5206e6e28e3	1431
4b58d92ff964a520886e28e3	1432
4b58dbaff964a5201c6f28e3	1433
4b58dcdaf964a5206e6f28e3	1434
4b58dcdef964a5206f6f28e3	1435
4b58ddedf964a520b56f28e3	1436
4b58dea5f964a520ea6f28e3	1437
4b58deacf964a520ee6f28e3	1438
4b58df1af964a520117028e3	1439
4b58df1ff964a520137028e3	1440
4b58e045f964a5205d7028e3	1441
4b58e216f964a520ba7028e3	1442
4b58e2d2f964a520ec7028e3	1443
4b58e2d6f964a520ed7028e3	1444
4b58e45cf964a5204e7128e3	1445
4b58e611f964a5209d7128e3	1446
4b58e697f964a520c47128e3	1447
4b58e83af964a520217228e3	1448
4b58e904f964a520597228e3	1449
4b58ec5cf964a520407328e3	1450
4b58ec71f964a520467328e3	1451
4b58eff8f964a5203c7428e3	1452
4b58f2eef964a520e67428e3	1453
4b58f3f3f964a520227528e3	1454
4b58f45df964a520387528e3	1455
4b58f685f964a520b57528e3	1456
4b58f714f964a520dd7528e3	1457
4b58f7d5f964a520ff7528e3	1458
4b58fa9ef964a5209a7628e3	1459
4b58fb6df964a520c47628e3	1460
4b58fdddf964a520467728e3	1461
4b58ff59f964a5208e7728e3	1462
4b590b7ef964a520ef7928e3	1463
4b590d8af964a520467a28e3	1464
4b591000f964a520bf7a28e3	1465
4b591079f964a520d07a28e3	1466
4b591084f964a520d47a28e3	1467
4b591237f964a520227b28e3	1468
4b59167df964a520ed7b28e3	1469
4b591810f964a5203d7c28e3	1470
4b591824f964a520417c28e3	1471
4b5918e3f964a520677c28e3	1472
4b591b60f964a520e47c28e3	1473
4b591bcef964a520f67c28e3	1474
4b591bdff964a520f97c28e3	1475
4b591f98f964a520cb7d28e3	1476
4b5920eff964a5200e7e28e3	1477
4b5922edf964a520667e28e3	1478
4b59238bf964a520897e28e3	1479
4b5923aef964a5208e7e28e3	1480
4b5923b2f964a520917e28e3	1481
4b59265bf964a520107f28e3	1482
4b592a01f964a520be7f28e3	1483
4b592ea0f964a5206b8028e3	1484
4b592f1ef964a520898028e3	1485
4b593260f964a520f58028e3	1486
4b59326ff964a520f78028e3	1487
4b593287f964a520fa8028e3	1488
4b593347f964a520188128e3	1489
4b593477f964a520498128e3	1490
4b593483f964a5204d8128e3	1491
4b59349df964a520548128e3	1492
4b5934b7f964a5205b8128e3	1493
4b5935bdf964a5207e8128e3	1494
4b5937e2f964a520bd8128e3	1495
4b593bdaf964a5206c8228e3	1496
4b593c7ef964a520828228e3	1497
4b593d57f964a5209e8228e3	1498
4b593d8df964a520aa8228e3	1499
4b593dcbf964a520b08228e3	1500
4b593ee1f964a520d08228e3	1501
4b593fe8f964a520ed8228e3	1502
4b59402ff964a520f58228e3	1503
4b59406ff964a520008328e3	1504
4b594201f964a5202b8328e3	1505
4b594214f964a5202f8328e3	1506
4b5949a3f964a5200f8428e3	1507
4b594a99f964a520298428e3	1508
4b594b0ef964a520368428e3	1509
4b594e15f964a520938428e3	1510
4b594ee1f964a520a78428e3	1511
4b5953a8f964a5202a8528e3	1512
4b595505f964a520528528e3	1513
4b595777f964a5209c8528e3	1514
4b595789f964a5209d8528e3	1515
4b595bf6f964a520088628e3	1516
4b595de4f964a520388628e3	1517
4b5960e0f964a520838628e3	1518
4b59614cf964a520968628e3	1519
4b59625ff964a520af8628e3	1520
4b59631cf964a520c58628e3	1521
4b5966d3f964a5203c8728e3	1522
4b5967d8f964a5205f8728e3	1523
4b596a4af964a5209e8728e3	1524
4b596aeaf964a520ad8728e3	1525
4b596c11f964a520d08728e3	1526
4b596ca1f964a520e68728e3	1527
4b596e6ff964a520108828e3	1528
4b596ed6f964a520198828e3	1529
4b596fc1f964a520368828e3	1530
4b5970cbf964a520538828e3	1531
4b5970dbf964a520568828e3	1532
4b59732cf964a5209e8828e3	1533
4b5977cff964a520428928e3	1534
4b5978cff964a5205a8928e3	1535
4b597972f964a520708928e3	1536
4b5979c3f964a5207a8928e3	1537
4b597a58f964a520908928e3	1538
4b597a9bf964a5209e8928e3	1539
4b597bacf964a520bd8928e3	1540
4b597bc3f964a520bf8928e3	1541
4b597ca3f964a520dc8928e3	1542
4b597ca7f964a520dd8928e3	1543
4b597eb7f964a5201b8a28e3	1544
4b598022f964a5204f8a28e3	1545
4b5980f8f964a520688a28e3	1546
4b598177f964a5207a8a28e3	1547
4b5982c0f964a520a28a28e3	1548
4b5982c3f964a520a38a28e3	1549
4b5982c9f964a520a48a28e3	1550
4b5982cbf964a520a58a28e3	1551
4b5983faf964a520ca8a28e3	1552
4b5984f1f964a520f28a28e3	1553
4b598514f964a520f88a28e3	1554
4b59871cf964a5203e8b28e3	1555
4b598750f964a520448b28e3	1556
4b5988c4f964a520748b28e3	1557
4b5988daf964a5207c8b28e3	1558
4b5989acf964a520998b28e3	1559
4b598a80f964a520bc8b28e3	1560
4b598b10f964a520c98b28e3	1561
4b598c34f964a520f78b28e3	1562
4b598d05f964a520268c28e3	1563
4b598dc6f964a5204a8c28e3	1564
4b598dd9f964a5204b8c28e3	1565
4b598f57f964a5208d8c28e3	1566
4b598fb9f964a5209c8c28e3	1567
4b5990e4f964a520c98c28e3	1568
4b599103f964a520d18c28e3	1569
4b5991a9f964a520e48c28e3	1570
4b5992fdf964a520278d28e3	1571
4b599427f964a520568d28e3	1572
4b59945ff964a5206c8d28e3	1573
4b59955bf964a520858d28e3	1574
4b59964ef964a520b88d28e3	1575
4b599899f964a5201f8e28e3	1576
4b59997ff964a520468e28e3	1577
4b59999df964a520498e28e3	1578
4b599be9f964a520ba8e28e3	1579
4b599e28f964a5202c8f28e3	1580
4b599f84f964a520728f28e3	1581
4b599fe4f964a520808f28e3	1582
4b59a073f964a520a28f28e3	1583
4b59a23ef964a520099028e3	1584
4b59a26cf964a520139028e3	1585
4b59a361f964a5203c9028e3	1586
4b59a479f964a520749028e3	1587
4b59a58ef964a520a89028e3	1588
4b59a650f964a520cc9028e3	1589
4b59a801f964a520269128e3	1590
4b59ad37f964a520329228e3	1591
4b59b412f964a520b99328e3	1592
4b59b488f964a520d39328e3	1593
4b59b547f964a520f69328e3	1594
4b59b638f964a520249428e3	1595
4b59b898f964a5208a9428e3	1596
4b59b9a2f964a520c59428e3	1597
4b59b9c3f964a520ca9428e3	1598
4b59bab9f964a520fc9428e3	1599
4b59bc55f964a5204d9528e3	1600
4b59bc5ef964a5204f9528e3	1601
4b59be3cf964a520ac9528e3	1602
4b59bf5ff964a520f09528e3	1603
4b59c171f964a520609628e3	1604
4b59c1a2f964a520699628e3	1605
4b59cf58f964a520529928e3	1606
4b59d5bbf964a520eb9a28e3	1607
4b59d5f4f964a520f99a28e3	1608
4b59d6f1f964a520399b28e3	1609
4b59d729f964a520449b28e3	1610
4b59d9e1f964a520de9b28e3	1611
4b59dfbaf964a520819d28e3	1612
4b59ebdaf964a52002a128e3	1613
4b59f301f964a5201aa328e3	1614
4b59ff3bf964a520a4a628e3	1615
4b5a1afdf964a5208cad28e3	1616
4b5a2944f964a52025b128e3	1617
4b5a2aabf964a52080b128e3	1618
4b5a3906f964a52063b528e3	1619
4b5a3a54f964a520cdb528e3	1620
4b5a3f18f964a52042b728e3	1621
4b5a471ff964a5209bb928e3	1622
4b5a4723f964a5209eb928e3	1623
4b5a49f5f964a52085ba28e3	1624
4b5a4adef964a520d0ba28e3	1625
4b5a4cb7f964a52056bb28e3	1626
4b5a50f8f964a520a2bc28e3	1627
4b5a517ef964a520cbbc28e3	1628
4b5a5190f964a520cfbc28e3	1629
4b5a5720f964a52078be28e3	1630
4b5a5749f964a52088be28e3	1631
4b5a5856f964a520d2be28e3	1632
4b5a593df964a52017bf28e3	1633
4b5a59cdf964a52041bf28e3	1634
4b5a5b3bf964a520a1bf28e3	1635
4b5a5bc9f964a520cbbf28e3	1636
4b5a5c2df964a520edbf28e3	1637
4b5a5c4cf964a520f7bf28e3	1638
4b5a5d76f964a5204bc028e3	1639
4b5a5e6af964a52085c028e3	1640
4b5a6041f964a52011c128e3	1641
4b5a617ff964a52062c128e3	1642
4b5a63b7f964a520eec128e3	1643
4b5a6424f964a52009c228e3	1644
4b5a6618f964a52093c228e3	1645
4b5a6863f964a52031c328e3	1646
4b5a6b53f964a520fdc328e3	1647
4b5a6f90f964a520f8c428e3	1648
4b5a7236f964a5209ec528e3	1649
4b5a7272f964a520afc528e3	1650
4b5a7381f964a520e6c528e3	1651
4b5a75a2f964a52072c628e3	1652
4b5a75e7f964a52085c628e3	1653
4b5a75fcf964a5208cc628e3	1654
4b5a77d0f964a520f2c628e3	1655
4b5a77ebf964a520fac628e3	1656
4b5a7890f964a52022c728e3	1657
4b5a79a1f964a52058c728e3	1658
4b5a79b4f964a5205ec728e3	1659
4b5a7b8ef964a520b2c728e3	1660
4b5a7c70f964a520ddc728e3	1661
4b5a7ca1f964a520e4c728e3	1662
4b5a7e8df964a5202bc828e3	1663
4b5a7f5df964a5204bc828e3	1664
4b5a80a4f964a52078c828e3	1665
4b5a810cf964a52089c828e3	1666
4b5a815af964a5209ac828e3	1667
4b5a81baf964a520b1c828e3	1668
4b5a843ff964a5203cc928e3	1669
4b5a859af964a5208ac928e3	1670
4b5a860ef964a520a4c928e3	1671
4b5a86d3f964a520cec928e3	1672
4b5a87d1f964a52003ca28e3	1673
4b5a8836f964a52015ca28e3	1674
4b5a8c64f964a520cfca28e3	1675
4b5a8cf0f964a520e8ca28e3	1676
4b5a8df8f964a52023cb28e3	1677
4b5a8e48f964a5202dcb28e3	1678
4b5a8e55f964a52031cb28e3	1679
4b5a8fbff964a52068cb28e3	1680
4b5a8fcdf964a5206acb28e3	1681
4b5a905df964a52084cb28e3	1682
4b5a9184f964a520b6cb28e3	1683
4b5a9196f964a520bbcb28e3	1684
4b5a92b4f964a520f3cb28e3	1685
4b5a9381f964a52023cc28e3	1686
4b5a9512f964a52072cc28e3	1687
4b5a9514f964a52074cc28e3	1688
4b5a9531f964a52078cc28e3	1689
4b5a95eaf964a5209ccc28e3	1690
4b5a9612f964a520a4cc28e3	1691
4b5a9665f964a520b2cc28e3	1692
4b5a9673f964a520b4cc28e3	1693
4b5a97fff964a520eecc28e3	1694
4b5a9814f964a520edcc28e3	1695
4b5a98a5f964a5200acd28e3	1696
4b5a9902f964a5201ecd28e3	1697
4b5a994ff964a52026cd28e3	1698
4b5a9955f964a52029cd28e3	1699
4b5a99e1f964a5203acd28e3	1700
4b5a9a1df964a52099cd28e3	1701
4b5a9a5bf964a52054cd28e3	1702
4b5a9a7ef964a5205ccd28e3	1703
4b5a9b29f964a52078cd28e3	1704
4b5a9b91f964a52087cd28e3	1705
4b5a9ba3f964a5208acd28e3	1706
4b5a9d26f964a520c7cd28e3	1707
4b5a9f7ff964a5203dce28e3	1708
4b5a9fb9f964a52048ce28e3	1709
4b5aa03af964a52060ce28e3	1710
4b5aa058f964a52068ce28e3	1711
4b5aa10ff964a52094ce28e3	1712
4b5aa20ff964a520c6ce28e3	1713
4b5aa3a7f964a52001cf28e3	1714
4b5aa3f9f964a5200ccf28e3	1715
4b5aa42ff964a52015cf28e3	1716
4b5aa492f964a52025cf28e3	1717
4b5aa58bf964a52048cf28e3	1718
4b5aa68af964a52076cf28e3	1719
4b5aa799f964a520a6cf28e3	1720
4b5aa822f964a520bbcf28e3	1721
4b5aa9d9f964a520edcf28e3	1722
4b5aab97f964a5202ed028e3	1723
4b5aac63f964a52047d028e3	1724
4b5aaca6f964a52053d028e3	1725
4b5aad26f964a52068d028e3	1726
4b5aade9f964a5208bd028e3	1727
4b5aaefff964a520bad028e3	1728
4b5ab0d6f964a520f3d028e3	1729
4b5ab0ddf964a520f5d028e3	1730
4b5ab19ef964a5200ed128e3	1731
4b5ab254f964a52029d128e3	1732
4b5ab2e4f964a5203bd128e3	1733
4b5ab399f964a5205dd128e3	1734
4b5ab3d1f964a52061d128e3	1735
4b5ab40df964a5206bd128e3	1736
4b5ab48cf964a52076d128e3	1737
4b5ab5b9f964a520abd128e3	1738
4b5ab7bff964a520eed128e3	1739
4b5ab963f964a52028d228e3	1740
4b5ab980f964a5202bd228e3	1741
4b5aba39f964a52044d228e3	1742
4b5aba9ff964a52054d228e3	1743
4b5abb86f964a52072d228e3	1744
4b5abbebf964a52083d228e3	1745
4b5abd15f964a520bcd228e3	1746
4b5abd3bf964a520c1d228e3	1747
4b5abd60f964a520c9d228e3	1748
4b5abe23f964a520ecd228e3	1749
4b5ac01ef964a52038d328e3	1750
4b5ac3c7f964a520b5d328e3	1751
4b5ac798f964a52049d428e3	1752
4b5ac7bdf964a52052d428e3	1753
4b5ac7d3f964a52056d428e3	1754
4b5ac7e2f964a5205ad428e3	1755
4b5ac819f964a52060d428e3	1756
4b5ac976f964a5209ed428e3	1757
4b5aca29f964a520bfd428e3	1758
4b5acc1ff964a52009d528e3	1759
4b5acc7ef964a52020d528e3	1760
4b5ace27f964a52070d528e3	1761
4b5ad0f2f964a520e9d528e3	1762
4b5ad273f964a52028d628e3	1763
4b5ad2aef964a5202fd628e3	1764
4b5ad57df964a520a4d628e3	1765
4b5ad5bef964a520b0d628e3	1766
4b5ad714f964a520f2d628e3	1767
4b5ad910f964a52044d728e3	1768
4b5ad9abf964a52056d728e3	1769
4b5adabff964a52083d728e3	1770
4b5adecbf964a52027d828e3	1771
4b5adf25f964a52036d828e3	1772
4b5ae0caf964a5206ad828e3	1773
4b5ae15ef964a52088d828e3	1774
4b5ae1b3f964a5209dd828e3	1775
4b5ae439f964a5200bd928e3	1776
4b5ae635f964a5206bd928e3	1777
4b5ae895f964a520cbd928e3	1778
4b5ae8caf964a520d4d928e3	1779
4b5ae944f964a520edd928e3	1780
4b5aea48f964a52021da28e3	1781
4b5aee19f964a520c9da28e3	1782
4b5af147f964a52069db28e3	1783
4b5af497f964a52020dc28e3	1784
4b5af503f964a52036dc28e3	1785
4b5affcff964a52018de28e3	1786
4b5b04c8f964a52022df28e3	1787
4b5b04cff964a52026df28e3	1788
4b5b0560f964a52043df28e3	1789
4b5b0594f964a52054df28e3	1790
4b5b072cf964a520b0df28e3	1791
4b5b09d4f964a52030e028e3	1792
4b5b0b3df964a52087e028e3	1793
4b5b0e5df964a52031e128e3	1794
4b5b0f95f964a52072e128e3	1795
4b5b1051f964a5209de128e3	1796
4b5b1194f964a520f6e128e3	1797
4b5b1240f964a5201de228e3	1798
4b5b15eaf964a520e6e228e3	1799
4b5b278df964a5200fe728e3	1800
4b5b36c2f964a520aeeb28e3	1801
4b5b3dc5f964a520a1ed28e3	1802
4b5b47e1f964a52017f128e3	1803
4b5b492ff964a52098f128e3	1804
4b5b8d2ff964a5206e0629e3	1805
4b5b90c8f964a5208b0729e3	1806
4b5b9403f964a5207b0829e3	1807
4b5b9491f964a5209f0829e3	1808
4b5b9d7cf964a520230b29e3	1809
4b5b9d7cf964a520260b29e3	1810
4b5b9f6bf964a520ac0b29e3	1811
4b5ba03af964a520ea0b29e3	1812
4b5ba143f964a5203e0c29e3	1813
4b5ba55df964a520630d29e3	1814
4b5ba77ff964a520f00d29e3	1815
4b5ba7aaf964a520fa0d29e3	1816
4b5baaa0f964a520b70e29e3	1817
4b5baaa4f964a520bc0e29e3	1818
4b5bab10f964a520e00e29e3	1819
4b5bac52f964a520240f29e3	1820
4b5bad9cf964a520820f29e3	1821
4b5baec7f964a520cb0f29e3	1822
4b5bb0dbf964a520471029e3	1823
4b5bb135f964a5205a1029e3	1824
4b5bb321f964a520d41029e3	1825
4b5bb41df964a520111129e3	1826
4b5bb438f964a520181129e3	1827
4b5bb44af964a5201d1129e3	1828
4b5bb4b1f964a520311129e3	1829
4b5bb51df964a520481129e3	1830
4b5bb76af964a520d11129e3	1831
4b5bb7f8f964a520f91129e3	1832
4b5bb915f964a520431229e3	1833
4b5bb91cf964a520451229e3	1834
4b5bb928f964a520491229e3	1835
4b5bb9eaf964a520841229e3	1836
4b5bbe84f964a520a91329e3	1837
4b5bc13cf964a520531429e3	1838
4b5bc1e3f964a5207b1429e3	1839
4b5bc1f6f964a520841429e3	1840
4b5bc2e0f964a520ad1429e3	1841
4b5bc369f964a520c31429e3	1842
4b5bc476f964a520fe1429e3	1843
4b5bc4b5f964a520131529e3	1844
4b5bc638f964a520651529e3	1845
4b5bc6a0f964a5207e1529e3	1846
4b5bc6b0f964a520861529e3	1847
4b5bc6c6f964a520891529e3	1848
4b5bc7c3f964a520d01529e3	1849
4b5bc836f964a520ec1529e3	1850
4b5bc942f964a5202b1629e3	1851
4b5bc996f964a520411629e3	1852
4b5bca24f964a520651629e3	1853
4b5bcc94f964a520db1629e3	1854
4b5bccfaf964a520f11629e3	1855
4b5bcd19f964a520f71629e3	1856
4b5bcd59f964a520071729e3	1857
4b5bcda1f964a520161729e3	1858
4b5bcdc7f964a5201c1729e3	1859
4b5bcdd9f964a520211729e3	1860
4b5bcf47f964a5206f1729e3	1861
4b5bd048f964a520ae1729e3	1862
4b5bd0a2f964a520c31729e3	1863
4b5bd0caf964a520c71729e3	1864
4b5bd13df964a520e51729e3	1865
4b5bd2aef964a520421829e3	1866
4b5bd3e4f964a520861829e3	1867
4b5bd48ef964a520a71829e3	1868
4b5bd5bdf964a520ed1829e3	1869
4b5bd646f964a520071929e3	1870
4b5bd76ef964a520411929e3	1871
4b5bd815f964a520661929e3	1872
4b5bd85ef964a520741929e3	1873
4b5bda8ff964a520ee1929e3	1874
4b5bdb3ff964a5200b1a29e3	1875
4b5bdc3df964a520401a29e3	1876
4b5bdd08f964a520661a29e3	1877
4b5bdd0ff964a520671a29e3	1878
4b5bde21f964a520981a29e3	1879
4b5bdfc7f964a520041b29e3	1880
4b5be088f964a520301b29e3	1881
4b5be175f964a5206c1b29e3	1882
4b5be2a0f964a5209b1b29e3	1883
4b5be2f1f964a520a81b29e3	1884
4b5be351f964a520ba1b29e3	1885
4b5be43ef964a520f21b29e3	1886
4b5be445f964a520f41b29e3	1887
4b5be55ff964a520281c29e3	1888
4b5be569f964a520291c29e3	1889
4b5be592f964a520301c29e3	1890
4b5be5a9f964a520351c29e3	1891
4b5be63ff964a5204c1c29e3	1892
4b5be64cf964a5204e1c29e3	1893
4b5be65ef964a520561c29e3	1894
4b5be676f964a520581c29e3	1895
4b5be67af964a520591c29e3	1896
4b5be6c3f964a5206d1c29e3	1897
4b5be757f964a520941c29e3	1898
4b5be809f964a520b31c29e3	1899
4b5be857f964a520bd1c29e3	1900
4b5be879f964a520c21c29e3	1901
4b5be966f964a520e01c29e3	1902
4b5be971f964a520e31c29e3	1903
4b5beafaf964a520341d29e3	1904
4b5beb6ff964a5204d1d29e3	1905
4b5bedf4f964a520bc1d29e3	1906
4b5beeb7f964a520d61d29e3	1907
4b5bef19f964a520e21d29e3	1908
4b5bef4bf964a520ea1d29e3	1909
4b5bf063f964a5201a1e29e3	1910
4b5bf176f964a520471e29e3	1911
4b5bf228f964a520661e29e3	1912
4b5bf384f964a520a61e29e3	1913
4b5bf3f8f964a520bd1e29e3	1914
4b5bf4fbf964a520e61e29e3	1915
4b5bf5f3f964a520141f29e3	1916
4b5bf603f964a520171f29e3	1917
4b5bf650f964a5202c1f29e3	1918
4b5bf70ef964a5204b1f29e3	1919
4b5bf8caf964a520881f29e3	1920
4b5bf9aaf964a520b51f29e3	1921
4b5bfa1cf964a520d11f29e3	1922
4b5bfa5df964a520dd1f29e3	1923
4b5bfa67f964a520de1f29e3	1924
4b5bfab8f964a520e91f29e3	1925
4b5bfbfcf964a5201a2029e3	1926
4b5bfc7ff964a520342029e3	1927
4b5bfcf2f964a520422029e3	1928
4b5bfe1ef964a520692029e3	1929
4b5bfe2df964a5206a2029e3	1930
4b5bff0af964a520952029e3	1931
4b5c01a9f964a520ec2029e3	1932
4b5c0234f964a520042129e3	1933
4b5c0352f964a5202f2129e3	1934
4b5c03eef964a520442129e3	1935
4b5c04b9f964a520652129e3	1936
4b5c05e8f964a520842129e3	1937
4b5c075ff964a520b12129e3	1938
4b5c07eef964a520c72129e3	1939
4b5c080cf964a520cc2129e3	1940
4b5c0962f964a520ef2129e3	1941
4b5c0aabf964a520232229e3	1942
4b5c0ab6f964a520262229e3	1943
4b5c0b16f964a5203d2229e3	1944
4b5c0b89f964a520412229e3	1945
4b5c0be8f964a520562229e3	1946
4b5c0c09f964a5205a2229e3	1947
4b5c0e54f964a520a52229e3	1948
4b5c0ebef964a520b22229e3	1949
4b5c0ee1f964a520b72229e3	1950
4b5c0fe0f964a520d62229e3	1951
4b5c1019f964a520dd2229e3	1952
4b5c1085f964a520f32229e3	1953
4b5c10caf964a520fb2229e3	1954
4b5c13a4f964a5205e2329e3	1955
4b5c1434f964a520722329e3	1956
4b5c14c0f964a520852329e3	1957
4b5c14c9f964a520892329e3	1958
4b5c172bf964a520d12329e3	1959
4b5c179ff964a520da2329e3	1960
4b5c192df964a520032429e3	1961
4b5c1a76f964a520222429e3	1962
4b5c1b45f964a5203b2429e3	1963
4b5c1e32f964a520a12429e3	1964
4b5c1f12f964a520c02429e3	1965
4b5c201ef964a520e72429e3	1966
4b5c254ef964a520a12529e3	1967
4b5c25d1f964a520b72529e3	1968
4b5c25e4f964a520bb2529e3	1969
4b5c2783f964a520ef2529e3	1970
4b5c28c9f964a520102629e3	1971
4b5c2a7df964a520412629e3	1972
4b5c3346f964a5202a2729e3	1973
4b5c3b2df964a520fc2729e3	1974
4b5c3b35f964a520fe2729e3	1975
4b5c3d00f964a520322829e3	1976
4b5c3e67f964a520642829e3	1977
4b5c4017f964a520962829e3	1978
4b5c4796f964a520742929e3	1979
4b5c4864f964a520932929e3	1980
4b5c489cf964a5209b2929e3	1981
4b5c48def964a520a32929e3	1982
4b5c4b27f964a520de2929e3	1983
4b5c5716f964a5209c2b29e3	1984
4b5c586cf964a520d22b29e3	1985
4b5c5ce0f964a5208f2c29e3	1986
4b5c635ff964a5209c2d29e3	1987
4b5ccb27f964a520564429e3	1988
4b5cce79f964a520ff4429e3	1989
4b5ccea3f964a520044529e3	1990
4b5cd5adf964a520654629e3	1991
4b5cd5d3f964a5206f4629e3	1992
4b5cd752f964a520bc4629e3	1993
4b5cd899f964a520084729e3	1994
4b5cd9e9f964a520564729e3	1995
4b5cda0ef964a5205f4729e3	1996
4b5cdb2df964a5209b4729e3	1997
4b5cdbb1f964a520bb4729e3	1998
4b5cdc2df964a520d64729e3	1999
4b5cde98f964a520724829e3	2000
4b5ce00df964a520b54829e3	2001
4b5ce66ef964a5200c4a29e3	2002
4b5cea22f964a520a04a29e3	2003
4b5ceec9f964a520654b29e3	2004
4b5cf01cf964a520a14b29e3	2005
4b5cf63af964a520c34c29e3	2006
4b5cf6f0f964a520e54c29e3	2007
4b5d0015f964a520604e29e3	2008
4b5d005ef964a5206a4e29e3	2009
4b5d00bff964a5207b4e29e3	2010
4b5d0200f964a520a74e29e3	2011
4b5d0511f964a5203c4f29e3	2012
4b5d0852f964a520c24f29e3	2013
4b5d08b4f964a520ca4f29e3	2014
4b5d1132f964a5201d5129e3	2015
4b5d1602f964a520fb5129e3	2016
4b5d1829f964a520555229e3	2017
4b5d1896f964a5206d5229e3	2018
4b5d18f8f964a520805229e3	2019
4b5d1962f964a520935229e3	2020
4b5d19f8f964a520b05229e3	2021
4b5d1bc0f964a520085329e3	2022
4b5d20daf964a520bc5329e3	2023
4b5d21a0f964a520db5329e3	2024
4b5d21e5f964a520e75329e3	2025
4b5d2445f964a5204c5429e3	2026
4b5d25fef964a520925429e3	2027
4b5d268af964a520a85429e3	2028
4b5d293ff964a520115529e3	2029
4b5d29e9f964a5202e5529e3	2030
4b5d2afbf964a520585529e3	2031
4b5d2c55f964a5207e5529e3	2032
4b5d36ccf964a520b85629e3	2033
4b5d3c3ef964a520575729e3	2034
4b5d3f26f964a520ac5729e3	2035
4b5d3f64f964a520b15729e3	2036
4b5d3f6bf964a520b25729e3	2037
4b5d41acf964a520e85729e3	2038
4b5d43e3f964a520275829e3	2039
4b5d4500f964a520445829e3	2040
4b5d45baf964a520525829e3	2041
4b5d4708f964a5207e5829e3	2042
4b5d47c0f964a520975829e3	2043
4b5d4873f964a520a85829e3	2044
4b5d4887f964a520ad5829e3	2045
4b5d4a82f964a520e85829e3	2046
4b5d4ae9f964a520f55829e3	2047
4b5d4b55f964a520015929e3	2048
4b5d4e67f964a5205b5929e3	2049
4b5d5127f964a520ac5929e3	2050
4b5d5408f964a520005a29e3	2051
4b5d5414f964a520025a29e3	2052
4b5d54a2f964a5200e5a29e3	2053
4b5d5b5ff964a520ad5a29e3	2054
4b5d5e5ef964a520085b29e3	2055
4b5d6128f964a5204a5b29e3	2056
4b5d6260f964a520685b29e3	2057
4b5d6871f964a5201d5c29e3	2058
4b5d6b19f964a520705c29e3	2059
4b5d6b86f964a5207e5c29e3	2060
4b5d6ec0f964a520dd5c29e3	2061
4b5d70e3f964a520205d29e3	2062
4b5d718ef964a5202f5d29e3	2063
4b5d768cf964a520cf5d29e3	2064
4b5d76ecf964a520e25d29e3	2065
4b5d79c6f964a520415e29e3	2066
4b5d7aeaf964a520615e29e3	2067
4b5d7d45f964a520b25e29e3	2068
4b5d7de1f964a520c75e29e3	2069
4b5d8085f964a520295f29e3	2070
4b5d821cf964a520605f29e3	2071
4b5d8341f964a520985f29e3	2072
4b5d83c1f964a520a95f29e3	2073
4b5d8748f964a520326029e3	2074
4b5d8827f964a520606029e3	2075
4b5d88c9f964a520766029e3	2076
4b5d8961f964a5208b6029e3	2077
4b5d8d07f964a5202f6129e3	2078
4b5d8f8cf964a520896129e3	2079
4b5d93c3f964a520186229e3	2080
4b5d969af964a520906229e3	2081
4b5d99e3f964a5200d6329e3	2082
4b5d9e34f964a520a86329e3	2083
4b5da0d6f964a520256429e3	2084
4b5da9e0f964a520bb6529e3	2085
4b5db18ff964a520246729e3	2086
4b5db202f964a5203e6729e3	2087
4b5dc174f964a520086a29e3	2088
4b5dc322f964a5205f6a29e3	2089
4b5dcf17f964a520dd6c29e3	2090
4b5dcff1f964a520196d29e3	2091
4b5dd1aff964a5208a6d29e3	2092
4b5defc1f964a520c77429e3	2093
4b5df19ef964a520387529e3	2094
4b5dff6af964a520417829e3	2095
4b5e14adf964a5209c7c29e3	2096
4b5e2209f964a520707f29e3	2097
4b5e27def964a520c18029e3	2098
4b5e310bf964a520d38229e3	2099
4b5e32cdf964a5203c8329e3	2100
4b5e3330f964a520508329e3	2101
4b5e33def964a5207d8329e3	2102
4b5e3439f964a520928329e3	2103
4b5e34f8f964a520bb8329e3	2104
4b5e3c42f964a520578529e3	2105
4b5e3de5f964a520b58529e3	2106
4b5e3fc3f964a5200f8629e3	2107
4b5e48ecf964a520c08729e3	2108
4b5e4928f964a520c68729e3	2109
4b5e4a35f964a520ed8729e3	2110
4b5e4bfdf964a5203e8829e3	2111
4b5e5006f964a520188929e3	2112
4b5e5354f964a520b38929e3	2113
4b5e55f4f964a520328a29e3	2114
4b5e596bf964a520c48a29e3	2115
4b5e5a3af964a520e08a29e3	2116
4b5e5a68f964a520e88a29e3	2117
4b5e5bccf964a5202d8b29e3	2118
4b5e5c80f964a520508b29e3	2119
4b5e5df2f964a5208e8b29e3	2120
4b5e5e33f964a5209c8b29e3	2121
4b5e5e47f964a5209f8b29e3	2122
4b5e6088f964a5200f8c29e3	2123
4b5e61c1f964a520468c29e3	2124
4b5e621cf964a520588c29e3	2125
4b5e637ef964a5209d8c29e3	2126
4b5e654bf964a520fa8c29e3	2127
4b5e68ddf964a5207a8d29e3	2128
4b5e6bcdf964a520f88d29e3	2129
4b5e6e24f964a5205d8e29e3	2130
4b5e6e70f964a5206e8e29e3	2131
4b5e6edcf964a520798e29e3	2132
4b5e6f5ef964a5209b8e29e3	2133
4b5e7141f964a520e18e29e3	2134
4b5e7358f964a5203f8f29e3	2135
4b5e7393f964a520448f29e3	2136
4b5e7815f964a520f68f29e3	2137
4b5e7cd2f964a5209a9029e3	2138
4b5e7d08f964a520a59029e3	2139
4b5e7e9cf964a520d09029e3	2140
4b5e7f11f964a520e49029e3	2141
4b5e7f84f964a520f39029e3	2142
4b5e8129f964a520279129e3	2143
4b5e8153f964a5202d9129e3	2144
4b5e855bf964a520949129e3	2145
4b5e8743f964a520c39129e3	2146
4b5e88faf964a520fc9129e3	2147
4b5e891af964a520fe9129e3	2148
4b5e8b65f964a520329229e3	2149
4b5e8cdbf964a520569229e3	2150
4b5e8f0bf964a520849229e3	2151
4b5e908bf964a520ac9229e3	2152
4b5e922cf964a520d29229e3	2153
4b5e928af964a520e99229e3	2154
4b5e9308f964a520f59229e3	2155
4b5e95e4f964a5203a9329e3	2156
4b5e9a38f964a520b89329e3	2157
4b5e9e92f964a5201e9429e3	2158
4b5e9eb2f964a520279429e3	2159
4b5e9ff4f964a5204a9429e3	2160
4b5ea06af964a520549429e3	2161
4b5ea3aff964a5209f9429e3	2162
4b5ea712f964a5200d9529e3	2163
4b5ea776f964a520119529e3	2164
4b5ea7f5f964a5201f9529e3	2165
4b5ea923f964a5203d9529e3	2166
4b5ea99ef964a520439529e3	2167
4b5eaa66f964a520549529e3	2168
4b5eaabaf964a5205c9529e3	2169
4b5eab1ff964a520639529e3	2170
4b5eab59f964a5206b9529e3	2171
4b5eac79f964a520899529e3	2172
4b5eace7f964a520979529e3	2173
4b5eadfff964a520b39529e3	2174
4b5eae79f964a520c29529e3	2175
4b5eb2aaf964a5203e9629e3	2176
4b5eb35df964a520519629e3	2177
4b5eb3ccf964a520669629e3	2178
4b5eb48ff964a5207e9629e3	2179
4b5eb5c0f964a5209c9629e3	2180
4b5eb91af964a520ea9629e3	2181
4b5eb9d6f964a520f69629e3	2182
4b5ebc8ff964a520309729e3	2183
4b5ebd34f964a520419729e3	2184
4b5ebd8ff964a520499729e3	2185
4b5ec1dcf964a520be9729e3	2186
4b5ec6c8f964a520559829e3	2187
4b5ec7b4f964a520769829e3	2188
4b5ec998f964a520b59829e3	2189
4b5ecbf5f964a520fd9829e3	2190
4b5ecc76f964a520109929e3	2191
4b5eccb5f964a520199929e3	2192
4b5ece32f964a5204e9929e3	2193
4b5ecfbaf964a5207f9929e3	2194
4b5ed32cf964a520fd9929e3	2195
4b5ed34ef964a520ff9929e3	2196
4b5ed39cf964a520079a29e3	2197
4b5ed8abf964a520c29a29e3	2198
4b5edaf0f964a520149b29e3	2199
4b5edb9bf964a5202f9b29e3	2200
4b5ede16f964a520999b29e3	2201
4b5ee1daf964a520389c29e3	2202
4b5ee241f964a5204a9c29e3	2203
4b5ee266f964a5204f9c29e3	2204
4b5ee28bf964a520549c29e3	2205
4b5ee2caf964a5205f9c29e3	2206
4b5ee5e8f964a520f89c29e3	2207
4b5ee981f964a520929d29e3	2208
4b5eeb10f964a520d99d29e3	2209
4b5ef108f964a520d89e29e3	2210
4b5ef1b4f964a520039f29e3	2211
4b5ef219f964a520569f29e3	2212
4b5ef312f964a520459f29e3	2213
4b5ef42bf964a520949f29e3	2214
4b5ef48cf964a520ab9f29e3	2215
4b5ef858f964a52075a029e3	2216
4b5f0b28f964a52095a329e3	2217
4b5f1f18f964a52048a729e3	2218
4b5f78d8f964a5205abc29e3	2219
4b5f7e2af964a52092bd29e3	2220
4b5f82eaf964a520b9be29e3	2221
4b5f855af964a5204abf29e3	2222
4b5f89baf964a52046c029e3	2223
4b5f89dbf964a5204ec029e3	2224
4b5f8a0df964a52059c029e3	2225
4b5f8ae4f964a52080c029e3	2226
4b5f8b98f964a520b0c029e3	2227
4b5f8c2bf964a520d6c029e3	2228
4b5f9016f964a520d6c129e3	2229
4b5f925cf964a52052c229e3	2230
4b5f9400f964a520aec229e3	2231
4b5f95b2f964a520fec229e3	2232
4b5f95dbf964a5200bc329e3	2233
4b5f9771f964a52063c329e3	2234
4b5f9f74f964a5202ac529e3	2235
4b5fa06bf964a52051c529e3	2236
4b5fa97ff964a520e8c629e3	2237
4b5fb6a4f964a52088c929e3	2238
4b5fba63f964a5203bca29e3	2239
4b5fbaeef964a5205aca29e3	2240
4b5fbba0f964a52076ca29e3	2241
4b5fbbfaf964a52084ca29e3	2242
4b5fbfe7f964a52043cb29e3	2243
4b5fc115f964a52082cb29e3	2244
4b5fc75ff964a52074cc29e3	2245
4b5fcae6f964a520efcc29e3	2246
4b5fcb04f964a520f3cc29e3	2247
4b5fcb2bf964a520f8cc29e3	2248
4b5fcbe9f964a5200ccd29e3	2249
4b5fcc53f964a52021cd29e3	2250
4b5fccd2f964a52037cd29e3	2251
4b5fce99f964a52075cd29e3	2252
4b5fcfd6f964a5209ecd29e3	2253
4b5fd430f964a5201fce29e3	2254
4b5fd527f964a52036ce29e3	2255
4b5fdbd8f964a520face29e3	2256
4b5fdc09f964a520fbce29e3	2257
4b5fde71f964a5203fcf29e3	2258
4b5fdfd0f964a52067cf29e3	2259
4b5fe37bf964a520b2cf29e3	2260
4b5fe880f964a52062d029e3	2261
4b5fe9c2f964a5207ed029e3	2262
4b5feedef964a52000d129e3	2263
4b5ff03ff964a5201ad129e3	2264
4b5ff068f964a52021d129e3	2265
4b5ff142f964a52043d129e3	2266
4b5ff172f964a5204dd129e3	2267
4b5ff761f964a520f1d129e3	2268
4b5ffea1f964a520d0d229e3	2269
4b600284f964a5202fd329e3	2270
4b6003c4f964a52049d329e3	2271
4b6003daf964a5204dd329e3	2272
4b6004fff964a5206bd329e3	2273
4b6007c8f964a520aed329e3	2274
4b6008aff964a520c2d329e3	2275
4b600988f964a520e0d329e3	2276
4b600990f964a520e3d329e3	2277
4b600a56f964a520fdd329e3	2278
4b600a69f964a52000d429e3	2279
4b600a92f964a52005d429e3	2280
4b600c00f964a52029d429e3	2281
4b600cdbf964a5203ad429e3	2282
4b600ee0f964a5207ed429e3	2283
4b600f20f964a52087d429e3	2284
4b6011bbf964a520d0d429e3	2285
4b601301f964a520f9d429e3	2286
4b6013a6f964a52010d529e3	2287
4b601425f964a52027d529e3	2288
4b60149cf964a5203ad529e3	2289
4b6014d6f964a52042d529e3	2290
4b601812f964a520aad529e3	2291
4b601822f964a520acd529e3	2292
4b6018fef964a520c2d529e3	2293
4b6019f4f964a520e0d529e3	2294
4b601bf9f964a5201cd629e3	2295
4b601ccef964a52031d629e3	2296
4b602064f964a520a3d629e3	2297
4b60213ff964a520b8d629e3	2298
4b602181f964a520bfd629e3	2299
4b602207f964a520d3d629e3	2300
4b602235f964a520d8d629e3	2301
4b602385f964a52006d729e3	2302
4b602624f964a52074d729e3	2303
4b603163f964a52054d929e3	2304
4b60357bf964a5200ada29e3	2305
4b6035b8f964a52016da29e3	2306
4b6036e1f964a5204dda29e3	2307
4b603896f964a5209ada29e3	2308
4b603902f964a520a4da29e3	2309
4b603f49f964a520bfdb29e3	2310
4b603f94f964a520c8db29e3	2311
4b6046baf964a52039dd29e3	2312
4b6047b2f964a52076dd29e3	2313
4b604b77f964a5201dde29e3	2314
4b6053cff964a520d8df29e3	2315
4b60596cf964a52014e129e3	2316
4b606509f964a5207de329e3	2317
4b606ff1f964a520dae529e3	2318
4b60c544f964a52060f829e3	2319
4b60d467f964a52013fc29e3	2320
4b60d568f964a5205bfc29e3	2321
4b60d80ff964a5201ffd29e3	2322
4b60d916f964a52071fd29e3	2323
4b60e148f964a52072ff29e3	2324
4b60e827f964a520d0002ae3	2325
4b60ea7ef964a5203f012ae3	2326
4b60ee86f964a52012022ae3	2327
4b60eefff964a52029022ae3	2328
4b60f8adf964a52014042ae3	2329
4b610041f964a52069052ae3	2330
4b61011df964a5209a052ae3	2331
4b610535f964a52069062ae3	2332
4b610585f964a52079062ae3	2333
4b6107bdf964a520d7062ae3	2334
4b6108acf964a52002072ae3	2335
4b610be7f964a520b6072ae3	2336
4b610dbaf964a520f9072ae3	2337
4b610f24f964a5203a082ae3	2338
4b6112c6f964a520b3082ae3	2339
4b611959f964a5209f092ae3	2340
4b6119e9f964a520b2092ae3	2341
4b611b07f964a520e6092ae3	2342
4b611de0f964a5204a0a2ae3	2343
4b61234ff964a520de0a2ae3	2344
4b612424f964a520f90a2ae3	2345
4b6125c5f964a5202a0b2ae3	2346
4b6127fff964a5206e0b2ae3	2347
4b612a56f964a520ae0b2ae3	2348
4b612a90f964a520b70b2ae3	2349
4b612b08f964a520c40b2ae3	2350
4b612ca0f964a520fa0b2ae3	2351
4b612cc5f964a520ff0b2ae3	2352
4b612da0f964a520170c2ae3	2353
4b61306df964a520740c2ae3	2354
4b6131ebf964a520910c2ae3	2355
4b6131f9f964a520950c2ae3	2356
4b613310f964a520bc0c2ae3	2357
4b613389f964a520ca0c2ae3	2358
4b61374bf964a5202b0d2ae3	2359
4b613a7ef964a520830d2ae3	2360
4b6147e1f964a520ed0e2ae3	2361
4b614a52f964a5202c0f2ae3	2362
4b614b4df964a5203e0f2ae3	2363
4b614f3af964a520ac0f2ae3	2364
4b6154f1f964a52056102ae3	2365
4b615c31f964a5200d112ae3	2366
4b6164aef964a52006122ae3	2367
4b616545f964a5201e122ae3	2368
4b616595f964a52025122ae3	2369
4b616615f964a52034122ae3	2370
4b616775f964a5205a122ae3	2371
4b616786f964a5205c122ae3	2372
4b616f3af964a5206b132ae3	2373
4b6170d8f964a520a7132ae3	2374
4b61711bf964a520b1132ae3	2375
4b61719ff964a520c4132ae3	2376
4b617399f964a5200b142ae3	2377
4b617965f964a520cd142ae3	2378
4b617b2ef964a5200d152ae3	2379
4b617cfbf964a5204e152ae3	2380
4b617dacf964a5206d152ae3	2381
4b6180a5f964a520e2152ae3	2382
4b61826ff964a52030162ae3	2383
4b6182baf964a52037162ae3	2384
4b6183f6f964a52062162ae3	2385
4b6186bbf964a520d9162ae3	2386
4b618826f964a52012172ae3	2387
4b619000f964a520c8172ae3	2388
4b619215f964a5202d182ae3	2389
4b6193def964a5207f182ae3	2390
4b6193f2f964a52088182ae3	2391
4b6194a9f964a520aa182ae3	2392
4b619ac0f964a520ba192ae3	2393
4b61a0d2f964a520be1a2ae3	2394
4b61b7aaf964a520891e2ae3	2395
4b62198ff964a52059352ae3	2396
4b621cf8f964a5204a362ae3	2397
4b6224eef964a5204e382ae3	2398
4b62262ef964a52090382ae3	2399
4b622aa1f964a520a5392ae3	2400
4b62321df964a520753b2ae3	2401
4b62352ff964a520443c2ae3	2402
4b623b7cf964a520aa3d2ae3	2403
4b623e69f964a520433e2ae3	2404
4b624173f964a520db3e2ae3	2405
4b6242b9f964a520153f2ae3	2406
4b62487af964a52040402ae3	2407
4b6248f3f964a5205b402ae3	2408
4b624c48f964a520fe402ae3	2409
4b6259bef964a5209f432ae3	2410
4b625baef964a52011442ae3	2411
4b625bf8f964a52028442ae3	2412
4b625d66f964a52070442ae3	2413
4b625db4f964a5207f442ae3	2414
4b625e96f964a520a9442ae3	2415
4b625fcbf964a520e6442ae3	2416
4b6265b9f964a520db452ae3	2417
4b6267cdf964a52036462ae3	2418
4b626ac4f964a520c4462ae3	2419
4b626afcf964a520d2462ae3	2420
4b626f48f964a52082472ae3	2421
4b62744ff964a52043482ae3	2422
4b62781df964a520c6482ae3	2423
4b62782bf964a520c9482ae3	2424
4b627a89f964a5201b492ae3	2425
4b627ab7f964a52020492ae3	2426
4b627bd3f964a52044492ae3	2427
4b627ed1f964a520a1492ae3	2428
4b6285c5f964a5204e4a2ae3	2429
4b628716f964a520764a2ae3	2430
4b628843f964a520924a2ae3	2431
4b6293b5f964a520d84b2ae3	2432
4b629423f964a520e24b2ae3	2433
4b629b4df964a520bf4c2ae3	2434
4b629ec3f964a520104d2ae3	2435
4b62a048f964a520454d2ae3	2436
4b62a071f964a5204a4d2ae3	2437
4b62a17bf964a5205e4d2ae3	2438
4b62a4c6f964a520b74d2ae3	2439
4b62a554f964a520ca4d2ae3	2440
4b62a592f964a520cf4d2ae3	2441
4b62a608f964a520d94d2ae3	2442
4b62a82ff964a520164e2ae3	2443
4b62a8b3f964a520244e2ae3	2444
4b62ab0bf964a5206a4e2ae3	2445
4b62ac3bf964a520974e2ae3	2446
4b62aef2f964a520e54e2ae3	2447
4b62b1dbf964a5204f4f2ae3	2448
4b62b939f964a52057502ae3	2449
4b62b9e2f964a5206d502ae3	2450
4b62ba11f964a52075502ae3	2451
4b62baa0f964a52084502ae3	2452
4b62bbfbf964a520ab502ae3	2453
4b62be3ff964a520ff502ae3	2454
4b62c1a6f964a5206c512ae3	2455
4b62c40ef964a520cc512ae3	2456
4b62c644f964a52028522ae3	2457
4b62c83cf964a52071522ae3	2458
4b62cc04f964a52017532ae3	2459
4b62cce1f964a52038532ae3	2460
4b62d274f964a5201c542ae3	2461
4b62d4abf964a5207b542ae3	2462
4b62d619f964a520ba542ae3	2463
4b62d74df964a520ed542ae3	2464
4b62d911f964a52057552ae3	2465
4b62d94cf964a52064552ae3	2466
4b62da14f964a5208c552ae3	2467
4b62dbd0f964a520d3552ae3	2468
4b62dc94f964a5200e562ae3	2469
4b62de21f964a52062562ae3	2470
4b62df96f964a520b7562ae3	2471
4b62e198f964a52018572ae3	2472
4b62e285f964a52045572ae3	2473
4b62e5ddf964a520d6572ae3	2474
4b62e80df964a52040582ae3	2475
4b62f022f964a520b9592ae3	2476
4b62f48bf964a5209c5a2ae3	2477
4b62f644f964a520fc5a2ae3	2478
4b6309c8f964a520265f2ae3	2479
4b630a99f964a5205b5f2ae3	2480
4b634284f964a520226e2ae3	2481
4b634dfaf964a520f6702ae3	2482
4b63675ef964a5205d772ae3	2483
4b636df7f964a52030792ae3	2484
4b637e4df964a5202b7e2ae3	2485
4b637ea1f964a520437e2ae3	2486
4b63806bf964a520e17e2ae3	2487
4b638adef964a5202a822ae3	2488
4b638d86f964a520eb822ae3	2489
4b638f0af964a52047832ae3	2490
4b638fa4f964a5207a832ae3	2491
4b639108f964a520db832ae3	2492
4b63926cf964a52037842ae3	2493
4b639456f964a520a7842ae3	2494
4b63946ff964a520b2842ae3	2495
4b639503f964a520d2842ae3	2496
4b639783f964a52086852ae3	2497
4b639942f964a520f4852ae3	2498
4b639b9cf964a520a7862ae3	2499
4b63a330f964a520dc882ae3	2500
4b63a34df964a520e4882ae3	2501
4b63a351f964a520e8882ae3	2502
4b63a35af964a520ed882ae3	2503
4b63a396f964a52007892ae3	2504
4b63a4bff964a5204f892ae3	2505
4b63a4c9f964a52053892ae3	2506
4b63a7eff964a5201e8a2ae3	2507
4b63a964f964a520858a2ae3	2508
4b63a975f964a520898a2ae3	2509
4b63a9d3f964a5209f8a2ae3	2510
4b63a9f3f964a520ac8a2ae3	2511
4b63ad2df964a5207c8b2ae3	2512
4b63adf6f964a520a18b2ae3	2513
4b63ae30f964a520ac8b2ae3	2514
4b63b01cf964a5202c8c2ae3	2515
4b63b420f964a520118d2ae3	2516
4b63b491f964a520368d2ae3	2517
4b63b4fbf964a520528d2ae3	2518
4b63b76af964a520dc8d2ae3	2519
4b63b93df964a520478e2ae3	2520
4b63b98bf964a520528e2ae3	2521
4b63b9f0f964a520628e2ae3	2522
4b63ba57f964a520828e2ae3	2523
4b63bb57f964a520ba8e2ae3	2524
4b63bba2f964a520c78e2ae3	2525
4b63bd52f964a5202f8f2ae3	2526
4b63bd7af964a520398f2ae3	2527
4b63c109f964a520f18f2ae3	2528
4b63c1eaf964a52024902ae3	2529
4b63c28ef964a5204b902ae3	2530
4b63c585f964a520e0902ae3	2531
4b63c7abf964a52045912ae3	2532
4b63c85df964a52060912ae3	2533
4b63c8e9f964a52077912ae3	2534
4b63ca9ef964a520c5912ae3	2535
4b63cabef964a520cc912ae3	2536
4b63cda5f964a5204f922ae3	2537
4b63d260f964a5200e932ae3	2538
4b63d36df964a5202e932ae3	2539
4b63d5fbf964a52096932ae3	2540
4b63d9d0f964a52042942ae3	2541
4b63de99f964a52017952ae3	2542
4b63df8df964a52037952ae3	2543
4b63e144f964a52082952ae3	2544
4b63e1aff964a52093952ae3	2545
4b63e427f964a520ef952ae3	2546
4b63e4fdf964a52010962ae3	2547
4b63e7c3f964a52082962ae3	2548
4b63e7e7f964a52085962ae3	2549
4b63e7fdf964a5208a962ae3	2550
4b63e888f964a5209d962ae3	2551
4b63e97bf964a520c9962ae3	2552
4b63e97ef964a520cc962ae3	2553
4b63ea4df964a520f0962ae3	2554
4b63eb4ff964a52015972ae3	2555
4b63ed0af964a52059972ae3	2556
4b63ed57f964a52066972ae3	2557
4b63edd9f964a5207b972ae3	2558
4b63ee05f964a52082972ae3	2559
4b63ee18f964a52085972ae3	2560
4b63ee53f964a5208c972ae3	2561
4b63f09af964a520fd972ae3	2562
4b63f0d4f964a5200a982ae3	2563
4b63f1c5f964a52033982ae3	2564
4b63f221f964a5203d982ae3	2565
4b63f4c0f964a5209b982ae3	2566
4b63f534f964a520b8982ae3	2567
4b63f56cf964a520c6982ae3	2568
4b63f589f964a520ca982ae3	2569
4b63f694f964a520f4982ae3	2570
4b63f798f964a52028992ae3	2571
4b63f818f964a52042992ae3	2572
4b63f8f9f964a52065992ae3	2573
4b63fa92f964a520a7992ae3	2574
4b63faf3f964a520b7992ae3	2575
4b63fb63f964a520ce992ae3	2576
4b640169f964a520ec9a2ae3	2577
4b64040df964a5205a9b2ae3	2578
4b6406fdf964a520dc9b2ae3	2579
4b640d40f964a520fa9c2ae3	2580
4b640f79f964a520519d2ae3	2581
4b64112af964a520989d2ae3	2582
4b641467f964a520199e2ae3	2583
4b641508f964a520319e2ae3	2584
4b6416f4f964a520879e2ae3	2585
4b641949f964a520ef9e2ae3	2586
4b64197bf964a520f69e2ae3	2587
4b641bc7f964a520719f2ae3	2588
4b641c3df964a5208c9f2ae3	2589
4b641d38f964a520bb9f2ae3	2590
4b642213f964a52090a02ae3	2591
4b642282f964a520ada02ae3	2592
4b64269af964a52069a12ae3	2593
4b642998f964a520f5a12ae3	2594
4b643095f964a5204ba32ae3	2595
4b64322cf964a5208da32ae3	2596
4b644135f964a520a1a62ae3	2597
4b644a84f964a520bda82ae3	2598
4b64c29af964a520ffcd2ae3	2599
4b64cd6ff964a52043d12ae3	2600
4b64cdbdf964a52064d12ae3	2601
4b64cef7f964a520b4d12ae3	2602
4b64d0b6f964a52040d22ae3	2603
4b64da06f964a520f6d42ae3	2604
4b64dcd9f964a520cdd52ae3	2605
4b64dee8f964a52055d62ae3	2606
4b64e13ef964a52006d72ae3	2607
4b64e166f964a52011d72ae3	2608
4b64e2eaf964a52084d72ae3	2609
4b64e4eff964a5200dd82ae3	2610
4b64e58af964a5203fd82ae3	2611
4b64e591f964a52042d82ae3	2612
4b64e70ef964a520acd82ae3	2613
4b64e72ef964a520b9d82ae3	2614
4b64e8a7f964a52022d92ae3	2615
4b64e966f964a5204ed92ae3	2616
4b64ed96f964a52060da2ae3	2617
4b64ed9cf964a52062da2ae3	2618
4b64f25ff964a52095db2ae3	2619
4b64f264f964a52097db2ae3	2620
4b64f298f964a520aadb2ae3	2621
4b64f608f964a52079dc2ae3	2622
4b64f65ff964a52088dc2ae3	2623
4b64f66cf964a5208adc2ae3	2624
4b64f72bf964a520aedc2ae3	2625
4b64fbabf964a520acdd2ae3	2626
4b64fbc9f964a520b0dd2ae3	2627
4b650176f964a520fdde2ae3	2628
4b6503e4f964a52095df2ae3	2629
4b650944f964a520c5e02ae3	2630
4b650bfdf964a52047e12ae3	2631
4b650e21f964a520bee12ae3	2632
4b650e24f964a520bfe12ae3	2633
4b65105df964a52041e22ae3	2634
4b6510f5f964a52067e22ae3	2635
4b651139f964a52076e22ae3	2636
4b651198f964a5208ee22ae3	2637
4b6512bff964a520d3e22ae3	2638
4b651693f964a52092e32ae3	2639
4b65170ef964a520a6e32ae3	2640
4b651879f964a520f3e32ae3	2641
4b6518c2f964a520fce32ae3	2642
4b6518ebf964a52005e42ae3	2643
4b651918f964a52010e42ae3	2644
4b6519baf964a52021e42ae3	2645
4b651e8df964a5200de52ae3	2646
4b652073f964a52064e52ae3	2647
4b6521d8f964a520a0e52ae3	2648
4b652368f964a520e8e52ae3	2649
4b652379f964a520ebe52ae3	2650
4b652c2ff964a5207ee72ae3	2651
4b652d6df964a520b2e72ae3	2652
4b652f38f964a520fde72ae3	2653
4b653562f964a520ffe82ae3	2654
4b6535fff964a52015e92ae3	2655
4b653620f964a52018e92ae3	2656
4b6536b4f964a5202fe92ae3	2657
4b653734f964a52042e92ae3	2658
4b65398ff964a5208fe92ae3	2659
4b653ba6f964a520e9e92ae3	2660
4b653baff964a520ebe92ae3	2661
4b653e8ff964a5205cea2ae3	2662
4b65494af964a520f4eb2ae3	2663
4b6549ecf964a52007ec2ae3	2664
4b654ce6f964a5206fec2ae3	2665
4b654d54f964a52079ec2ae3	2666
4b654f7df964a520beec2ae3	2667
4b654fe4f964a520ccec2ae3	2668
4b65554df964a52095ed2ae3	2669
4b6555d7f964a520a8ed2ae3	2670
4b6555f8f964a520afed2ae3	2671
4b6556d7f964a520ceed2ae3	2672
4b655c27f964a52065ee2ae3	2673
4b655d5cf964a5208bee2ae3	2674
4b655ecdf964a520b4ee2ae3	2675
4b6563c2f964a5204bef2ae3	2676
4b6569c6f964a520d4ef2ae3	2677
4b656eb2f964a5206cf02ae3	2678
4b65727af964a520d8f02ae3	2679
4b6573cff964a520fdf02ae3	2680
4b65971df964a52090f52ae3	2681
4b65a3c6f964a5207af72ae3	2682
4b65b0d3f964a520e4f92ae3	2683
4b65fc04f964a520970c2be3	2684
4b65ff73f964a520630d2be3	2685
4b660eacf964a52032112be3	2686
4b661945f964a5208e132be3	2687
4b661aabf964a520e3132be3	2688
4b661ccdf964a52055142be3	2689
4b662482f964a520fe152be3	2690
4b662511f964a5201d162be3	2691
4b6628b9f964a520d8162be3	2692
4b663769f964a52063192be3	2693
4b663a8bf964a520e1192be3	2694
4b663f1bf964a520891a2be3	2695
4b66411df964a520e31a2be3	2696
4b66460bf964a520af1b2be3	2697
4b664b07f964a520a41c2be3	2698
4b664b6ff964a520ba1c2be3	2699
4b665508f964a5202c1e2be3	2700
4b666439f964a520f31f2be3	2701
4b6664c0f964a52012202be3	2702
4b666c1df964a520f5202be3	2703
4b6673ddf964a520c2212be3	2704
4b667405f964a520c5212be3	2705
4b6674d0f964a520d5212be3	2706
4b667b90f964a52050222be3	2707
4b6684adf964a5201e232be3	2708
4b6684c8f964a52020232be3	2709
4b6691b0f964a5206a242be3	2710
4b6694f2f964a520ae242be3	2711
4b6697e0f964a520fd242be3	2712
4b669acef964a52051252be3	2713
4b669d8af964a52097252be3	2714
4b669dbff964a5209c252be3	2715
4b66a255f964a52010262be3	2716
4b66a7b3f964a520a8262be3	2717
4b66aa8cf964a520e6262be3	2718
4b66aeb5f964a52051272be3	2719
4b66afdff964a52077272be3	2720
4b66b063f964a52087272be3	2721
4b66b112f964a520a0272be3	2722
4b66b61cf964a52048282be3	2723
4b66d68af964a520d52c2be3	2724
4b66e43ff964a5200b2f2be3	2725
4b66f887f964a520e8322be3	2726
4b66f94af964a52009332be3	2727
4b6750fdf964a52084472be3	2728
4b6761a2f964a5207b4b2be3	2729
4b676f7ef964a520d14e2be3	2730
4b676f9ff964a520da4e2be3	2731
4b677cddf964a520ea512be3	2732
4b678b3bf964a52090542be3	2733
4b678e81f964a52021552be3	2734
4b678fcdf964a52056552be3	2735
4b67904cf964a5206e552be3	2736
4b679514f964a5202a562be3	2737
4b67985ff964a520c6562be3	2738
4b679a31f964a52030572be3	2739
4b679c10f964a52099572be3	2740
4b679dcff964a520ef572be3	2741
4b679ddbf964a520f2572be3	2742
4b67a095f964a5208d582be3	2743
4b67a3bdf964a52020592be3	2744
4b67a3ecf964a52022592be3	2745
4b67a5c4f964a52069592be3	2746
4b67a79df964a520ac592be3	2747
4b67a7a0f964a520ad592be3	2748
4b67aa98f964a5201d5a2be3	2749
4b67ab11f964a5202d5a2be3	2750
4b67b18af964a5200d5b2be3	2751
4b67b334f964a5204d5b2be3	2752
4b67b3bff964a520595b2be3	2753
4b67b43cf964a5206c5b2be3	2754
4b67be65f964a520815c2be3	2755
4b67c0bff964a520cc5c2be3	2756
4b67c4d7f964a520385d2be3	2757
4b67c707f964a520735d2be3	2758
4b67c90df964a520ae5d2be3	2759
4b67cfe8f964a520525e2be3	2760
4b67d0e9f964a520685e2be3	2761
4b67d1a8f964a520795e2be3	2762
4b67d35bf964a520a55e2be3	2763
4b67d392f964a520aa5e2be3	2764
4b67de2bf964a520b55f2be3	2765
4b67df7bf964a520df5f2be3	2766
4b67e4b6f964a5206e602be3	2767
4b67e8b0f964a520c5602be3	2768
4b67e9d2f964a520e3602be3	2769
4b67ea73f964a520f4602be3	2770
4b67ea88f964a520f7602be3	2771
4b67efc5f964a5207f612be3	2772
4b67fc02f964a520ef622be3	2773
4b67fc3ff964a520fa622be3	2774
4b67fcb1f964a5200a632be3	2775
4b680223f964a520bd632be3	2776
4b680494f964a52021642be3	2777
4b68081ef964a5209c642be3	2778
4b680847f964a520a0642be3	2779
4b680aa5f964a520f1642be3	2780
4b680f6ff964a520aa652be3	2781
4b6811b3f964a520ff652be3	2782
4b68186bf964a52000672be3	2783
4b681daaf964a520d7672be3	2784
4b68220ef964a52087682be3	2785
4b6824faf964a52008692be3	2786
4b682aa2f964a520076a2be3	2787
4b682c94f964a5205f6a2be3	2788
4b6831b8f964a5204a6b2be3	2789
4b683211f964a5205b6b2be3	2790
4b684c69f964a5204f702be3	2791
4b686016f964a520b5742be3	2792
4b6864f9f964a520db752be3	2793
4b688266f964a520e47c2be3	2794
4b68b2c8f964a520d0872be3	2795
4b68bc65f964a520ff892be3	2796
4b68c23af964a520518b2be3	2797
4b68c48bf964a520d78b2be3	2798
4b68c784f964a5208a8c2be3	2799
4b68d4dbf964a5201b8f2be3	2800
4b68da16f964a5201b902be3	2801
4b68dc97f964a52096902be3	2802
4b68eb56f964a5202b932be3	2803
4b68ece0f964a52074932be3	2804
4b68ee21f964a520aa932be3	2805
4b68efe8f964a520f4932be3	2806
4b68f055f964a52001942be3	2807
4b68f365f964a5208a942be3	2808
4b690584f964a5202b972be3	2809
4b691035f964a5203f982be3	2810
4b691465f964a520a3982be3	2811
4b6919cdf964a52025992be3	2812
4b692769f964a5207a9a2be3	2813
4b6929a7f964a520ac9a2be3	2814
4b6929aaf964a520ad9a2be3	2815
4b692a8af964a520c89a2be3	2816
4b69345af964a520a39b2be3	2817
4b693cf8f964a520939c2be3	2818
4b69485af964a520ae9d2be3	2819
4b694f62f964a520779e2be3	2820
4b6954c7f964a520fd9e2be3	2821
4b695ad4f964a520b49f2be3	2822
4b696cc7f964a520d3a12be3	2823
4b69740ff964a520f1a22be3	2824
4b6974fbf964a5201ca32be3	2825
4b697a2ef964a520d6a32be3	2826
4b6988b8f964a52046a62be3	2827
4b698ab2f964a520aba62be3	2828
4b699180f964a520c2a72be3	2829
4b69a202f964a52094aa2be3	2830
4b69ef23f964a520efbc2be3	2831
4b69f87ff964a520febe2be3	2832
4b6a03aff964a520d4c12be3	2833
4b6a0961f964a5204ac32be3	2834
4b6a0d31f964a5205bc42be3	2835
4b6a1a49f964a520c6c72be3	2836
4b6a2427f964a520e5c92be3	2837
4b6a3529f964a5201ecd2be3	2838
4b6a3778f964a52095cd2be3	2839
4b6a3b12f964a52049ce2be3	2840
4b6a3f3bf964a52014cf2be3	2841
4b6a49caf964a520e4d02be3	2842
4b6a4bc5f964a52023d12be3	2843
4b6a4f2df964a520b0d12be3	2844
4b6a5612f964a52088d22be3	2845
4b6a604bf964a520dbd32be3	2846
4b6a61e4f964a52005d42be3	2847
4b6a66b3f964a52089d42be3	2848
4b6a68c0f964a520b9d42be3	2849
4b6a6eecf964a52046d52be3	2850
4b6a7092f964a52064d52be3	2851
4b6a790ff964a52031d62be3	2852
4b6a7b85f964a52081d62be3	2853
4b6a7d2ff964a520a8d62be3	2854
4b6a7d54f964a520add62be3	2855
4b6a7f6ef964a520ead62be3	2856
4b6a8083f964a52007d72be3	2857
4b6a8091f964a5200ad72be3	2858
4b6a84f8f964a5208ed72be3	2859
4b6a851bf964a52093d72be3	2860
4b6a8619f964a520b5d72be3	2861
4b6a8a74f964a52022d82be3	2862
4b6a8c00f964a5204fd82be3	2863
4b6a94bbf964a52033d92be3	2864
4b6a9596f964a52050d92be3	2865
4b6a973cf964a52091d92be3	2866
4b6a97d2f964a520a6d92be3	2867
4b6aa48ff964a52068da2be3	2868
4b6aae82f964a520f1db2be3	2869
4b6aaeaff964a520fadb2be3	2870
4b6ab08af964a5203adc2be3	2871
4b6ab28ef964a52087dc2be3	2872
4b6abc03f964a52012de2be3	2873
4b6abe9cf964a5207ede2be3	2874
4b6abeebf964a5208cde2be3	2875
4b6abf4ef964a520a8de2be3	2876
4b6ac7a1f964a520fcdf2be3	2877
4b6ac874f964a52021e02be3	2878
4b6acb35f964a52094e02be3	2879
4b6ad173f964a520c5e12be3	2880
4b6ad929f964a52052e32be3	2881
4b6ae496f964a52094e52be3	2882
4b6b2c13f964a52064f72be3	2883
4b6b53eaf964a5202c012ce3	2884
4b6b561ef964a520c0012ce3	2885
4b6b563af964a520ce012ce3	2886
4b6b58aff964a5206f022ce3	2887
4b6b6a74f964a52051072ce3	2888
4b6b6b36f964a5207f072ce3	2889
4b6b89adf964a520a00e2ce3	2890
4b6b8acaf964a520e00e2ce3	2891
4b6b8d49f964a5206e0f2ce3	2892
4b6b9b81f964a5204d122ce3	2893
4b6b9f03f964a5200d132ce3	2894
4b6b9f50f964a520fa122ce3	2895
4b6b9fbef964a52011132ce3	2896
4b6ba2bff964a52099132ce3	2897
4b6ba3baf964a520cd132ce3	2898
4b6ba69ef964a5204b142ce3	2899
4b6bc629f964a52015182ce3	2900
4b6bd0d3f964a52073192ce3	2901
4b6bd2b0f964a520aa192ce3	2902
4b6bd565f964a520f6192ce3	2903
4b6bd907f964a5205c1a2ce3	2904
4b6be54bf964a520c41b2ce3	2905
4b6be5e2f964a520db1b2ce3	2906
4b6be609f964a520e11b2ce3	2907
4b6be8f7f964a520411c2ce3	2908
4b6bf6ccf964a5208f1d2ce3	2909
4b6bfa91f964a520301e2ce3	2910
4b6c016bf964a520421f2ce3	2911
4b6c0307f964a5208c1f2ce3	2912
4b6c044ff964a520cf1f2ce3	2913
4b6c0623f964a5202d202ce3	2914
4b6c0836f964a52097202ce3	2915
4b6c0f00f964a520c6212ce3	2916
4b6c19ecf964a520e8232ce3	2917
4b6c1dd9f964a520ac242ce3	2918
4b6c2f13f964a5202d282ce3	2919
4b6c9fc7f964a5206b472ce3	2920
4b6cb856f964a520ef4e2ce3	2921
4b6cb920f964a520344f2ce3	2922
4b6cc500f964a52026532ce3	2923
4b6cc546f964a52037532ce3	2924
4b6cc6d7f964a520a4532ce3	2925
4b6ccffcf964a52037562ce3	2926
4b6cd3dcf964a5206a572ce3	2927
4b6cd743f964a52052582ce3	2928
4b6cd856f964a520a4582ce3	2929
4b6cdb02f964a5206a592ce3	2930
4b6cddaff964a520235a2ce3	2931
4b6cdea5f964a5207d5a2ce3	2932
4b6ce770f964a520c55c2ce3	2933
4b6ceba1f964a520eb5d2ce3	2934
4b6cebbff964a520f15d2ce3	2935
4b6cedb5f964a520785e2ce3	2936
4b6cedcef964a520825e2ce3	2937
4b6cf0daf964a5202f5f2ce3	2938
4b6cf112f964a5203b5f2ce3	2939
4b6cf44bf964a520fe5f2ce3	2940
4b6cf473f964a52008602ce3	2941
4b6cfb4bf964a5206b612ce3	2942
4b6d01b5f964a520ac622ce3	2943
4b6d0235f964a520cc622ce3	2944
4b6d034cf964a52003632ce3	2945
4b6d07f4f964a520ec632ce3	2946
4b6d090ef964a52018642ce3	2947
4b6d09f1f964a5203b642ce3	2948
4b6d0b32f964a5207a642ce3	2949
4b6d0dacf964a520e8642ce3	2950
4b6d0ffdf964a52043652ce3	2951
4b6d11e1f964a5208c652ce3	2952
4b6d150bf964a52010662ce3	2953
4b6d1822f964a52092662ce3	2954
4b6d187df964a520a1662ce3	2955
4b6d193ff964a520c8662ce3	2956
4b6d1a14f964a520ed662ce3	2957
4b6d2022f964a520df672ce3	2958
4b6d20c6f964a520ff672ce3	2959
4b6d2629f964a520ea682ce3	2960
4b6d2824f964a5203b692ce3	2961
4b6d2c28f964a520fc692ce3	2962
4b6d2d4ff964a5202b6a2ce3	2963
4b6d2e1cf964a5204a6a2ce3	2964
4b6d2f16f964a520726a2ce3	2965
4b6d3141f964a520cd6a2ce3	2966
4b6d32cef964a520226b2ce3	2967
4b6d36b0f964a520cc6b2ce3	2968
4b6d3a87f964a520896c2ce3	2969
4b6d3c63f964a520db6c2ce3	2970
4b6d3cb6f964a520f16c2ce3	2971
4b6d3dc2f964a520206d2ce3	2972
4b6d3ee2f964a520596d2ce3	2973
4b6d4872f964a5202e6f2ce3	2974
4b6d4b6cf964a520c36f2ce3	2975
4b6d4cadf964a52002702ce3	2976
4b6d51bcf964a520e0702ce3	2977
4b6d52fef964a52014712ce3	2978
4b6d582ef964a520fd712ce3	2979
4b6d6078f964a520b4732ce3	2980
4b6d64def964a5209c742ce3	2981
4b6d99b8f964a5203e7f2ce3	2982
4b6defbbf964a520449d2ce3	2983
4b6df0e3f964a520a39d2ce3	2984
4b6dfb0ef964a520f9a02ce3	2985
4b6e06d0f964a52070a42ce3	2986
4b6e193df964a52062aa2ce3	2987
4b6e1a49f964a520a3aa2ce3	2988
4b6e2853f964a52081ae2ce3	2989
4b6e2a82f964a52020af2ce3	2990
4b6e3b03f964a5201bb32ce3	2991
4b6e3e46f964a520e2b32ce3	2992
4b6e3f00f964a52008b42ce3	2993
4b6e434af964a520f7b42ce3	2994
4b6e43c5f964a52010b52ce3	2995
4b6e4564f964a5206fb52ce3	2996
4b6e4768f964a520e2b52ce3	2997
4b6e4878f964a5201bb62ce3	2998
4b6e4892f964a5201fb62ce3	2999
4b6e4ff7f964a520b0b72ce3	3000
4b6e5086f964a520d8b72ce3	3001
4b6e51baf964a52014b82ce3	3002
4b6e529cf964a52046b82ce3	3003
4b6e5375f964a52070b82ce3	3004
4b6e53b3f964a5207ab82ce3	3005
4b6e5a2ef964a520c2b92ce3	3006
4b6e5c29f964a5201aba2ce3	3007
4b6e5cddf964a52034ba2ce3	3008
4b6e64e2f964a52092bb2ce3	3009
4b6e6506f964a52096bb2ce3	3010
4b6e660df964a520bebb2ce3	3011
4b6e6624f964a520c1bb2ce3	3012
4b6e6c17f964a520e3bc2ce3	3013
4b6e6c44f964a520e6bc2ce3	3014
4b6e6d69f964a5200cbd2ce3	3015
4b6e7201f964a520b7bd2ce3	3016
4b6e7275f964a520ccbd2ce3	3017
4b6e7556f964a52031be2ce3	3018
4b6e7fecf964a520d3bf2ce3	3019
4b6e859bf964a520a4c02ce3	3020
4b6e8afef964a52056c12ce3	3021
4b6e8ed0f964a520e7c12ce3	3022
4b6e9058f964a52028c22ce3	3023
4b6e92eef964a52099c22ce3	3024
4b6e98a6f964a52052c32ce3	3025
4b6e9b4af964a520c3c32ce3	3026
4b6ea493f964a52007c52ce3	3027
4b6ea551f964a5201fc52ce3	3028
4b6ea87cf964a5208fc52ce3	3029
4b6ebd04f964a52073c82ce3	3030
4b6ebe55f964a520b8c82ce3	3031
4b6ec3a2f964a52084c92ce3	3032
4b6ec824f964a5205fca2ce3	3033
4b6f488cf964a52021e92ce3	3034
4b6f5338f964a5206aeb2ce3	3035
4b6f582ef964a52067ec2ce3	3036
4b6f59bcf964a520b4ec2ce3	3037
4b6f61e5f964a52024ee2ce3	3038
4b6f6d66f964a52014f02ce3	3039
4b6f7b57f964a52050f22ce3	3040
4b6f81e2f964a5208df32ce3	3041
4b6f839ef964a520d7f32ce3	3042
4b6f85c0f964a52033f42ce3	3043
4b6f9089f964a52008f62ce3	3044
4b6f9610f964a520eff62ce3	3045
4b6f9d31f964a520ecf72ce3	3046
4b6fad65f964a520c5f92ce3	3047
4b6fadbdf964a520d1f92ce3	3048
4b6fbb5bf964a5201dfb2ce3	3049
4b6fbd92f964a5204efb2ce3	3050
4b6fbe15f964a5205bfb2ce3	3051
4b6fbe90f964a52067fb2ce3	3052
4b6fc83bf964a52064fc2ce3	3053
4b6fcc15f964a520f0fc2ce3	3054
4b6fd2d1f964a5207efd2ce3	3055
4b6fd48ef964a520a9fd2ce3	3056
4b6fd77af964a520f1fd2ce3	3057
4b6fe136f964a520b4fe2ce3	3058
4b6fe241f964a520dcfe2ce3	3059
4b6fe538f964a52049ff2ce3	3060
4b6fe925f964a520c5ff2ce3	3061
4b6fe96cf964a520cdff2ce3	3062
4b6fef86f964a5209a002de3	3063
4b6ffba2f964a5203a022de3	3064
4b6ffef0f964a520b9022de3	3065
4b6fff41f964a520c6022de3	3066
4b7011bbf964a520d2052de3	3067
4b707606f964a520d91b2de3	3068
4b7077f2f964a520521c2de3	3069
4b709cd8f964a52043252de3	3070
4b70a3a3f964a520e9262de3	3071
4b70a602f964a52083272de3	3072
4b70a7e7f964a520e9272de3	3073
4b70ad76f964a52032292de3	3074
4b70b131f964a520ed292de3	3075
4b70b6cff964a520262b2de3	3076
4b70bb27f964a520f72b2de3	3077
4b70bf7bf964a520d42c2de3	3078
4b70c47df964a520d52d2de3	3079
4b70da31f964a520a3312de3	3080
4b70e110f964a520c6322de3	3081
4b70ec05f964a52057342de3	3082
4b70eccff964a5207e342de3	3083
4b70ef73f964a520eb342de3	3084
4b70f1fdf964a5204c352de3	3085
4b70f7b6f964a52012362de3	3086
4b70fa98f964a52068362de3	3087
4b711e21f964a5203e3a2de3	3088
4b712348f964a520dc3a2de3	3089
4b713260f964a5202a3c2de3	3090
4b713431f964a5206c3c2de3	3091
4b713515f964a5208a3c2de3	3092
4b713913f964a5201f3d2de3	3093
4b713ae8f964a520663d2de3	3094
4b713b79f964a5207e3d2de3	3095
4b714d2af964a5202e402de3	3096
4b715215f964a520fa402de3	3097
4b71537bf964a52039412de3	3098
4b7156b6f964a520cd412de3	3099
4b7159a1f964a52049422de3	3100
4b716198f964a520ca432de3	3101
4b716fa3f964a52090462de3	3102
4b71709bf964a520c5462de3	3103
4b7170eaf964a520cc462de3	3104
4b71e8a9f964a52082632de3	3105
4b71ff2df964a52026692de3	3106
4b71ff76f964a52033692de3	3107
4b720412f964a520386a2de3	3108
4b7218acf964a5207b6e2de3	3109
4b72220df964a5204c702de3	3110
4b722255f964a52055702de3	3111
4b722922f964a520df712de3	3112
4b722bd6f964a52071722de3	3113
4b7234e3f964a520e8732de3	3114
4b7237fdf964a52064742de3	3115
4b72504af964a52081772de3	3116
4b726acaf964a520597a2de3	3117
4b726d42f964a520aa7a2de3	3118
4b72722ef964a520237b2de3	3119
4b72754af964a520727b2de3	3120
4b727694f964a520917b2de3	3121
4b7276abf964a520947b2de3	3122
4b72772ef964a520ac7b2de3	3123
4b72774bf964a520b27b2de3	3124
4b7278aef964a520de7b2de3	3125
4b727ee9f964a520617c2de3	3126
4b72861df964a520237d2de3	3127
4b72877df964a5205c7d2de3	3128
4b728e95f964a520567e2de3	3129
4b7291c5f964a520d17e2de3	3130
4b7291f5f964a520d87e2de3	3131
4b72923af964a520e77e2de3	3132
4b7295cbf964a520787f2de3	3133
4b72982cf964a520d27f2de3	3134
4b729b1bf964a5204a802de3	3135
4b72a47ef964a520bd812de3	3136
4b72a967f964a520a9822de3	3137
4b72ab90f964a5200f832de3	3138
4b72b5e7f964a520da842de3	3139
4b72ba65f964a520c7852de3	3140
4b72c15ef964a52008872de3	3141
4b72c22df964a52032872de3	3142
4b72c411f964a52097872de3	3143
4b72d102f964a5200b8a2de3	3144
4b73502df964a52001a82de3	3145
4b735499f964a5200ba92de3	3146
4b735d23f964a520c5aa2de3	3147
4b735f35f964a52037ab2de3	3148
4b735f8df964a5204aab2de3	3149
4b736caaf964a520cead2de3	3150
4b736d59f964a520f0ad2de3	3151
4b7375b3f964a5209baf2de3	3152
4b737747f964a520e9af2de3	3153
4b73785bf964a52022b02de3	3154
4b737c0af964a520bcb02de3	3155
4b737e00f964a5201db12de3	3156
4b737f95f964a5206bb12de3	3157
4b73828cf964a520eeb12de3	3158
4b738559f964a52057b22de3	3159
4b738dc9f964a520c3b32de3	3160
4b7391a7f964a5204fb42de3	3161
4b73948af964a520c9b42de3	3162
4b739739f964a52035b52de3	3163
4b739ee4f964a52047b62de3	3164
4b73a5ecf964a52034b72de3	3165
4b73ab38f964a520e1b72de3	3166
4b73ac1af964a520fcb72de3	3167
4b73b25af964a520c2b82de3	3168
4b73b535f964a52022b92de3	3169
4b73bf2bf964a5206dba2de3	3170
4b73c120f964a520b9ba2de3	3171
4b73c68cf964a52083bb2de3	3172
4b73cabef964a52003bc2de3	3173
4b73cca1f964a5203fbc2de3	3174
4b73d152f964a520d3bc2de3	3175
4b73d5bcf964a52017bd2de3	3176
4b73d66af964a5202dbd2de3	3177
4b73da49f964a520b2bd2de3	3178
4b73e301f964a520e6be2de3	3179
4b73ead1f964a52011c02de3	3180
4b73efdff964a520d7c02de3	3181
4b73f0c4f964a520f5c02de3	3182
4b73f807f964a520fcc12de3	3183
4b73f987f964a5203ec22de3	3184
4b73fd6ff964a520d2c22de3	3185
4b74132ff964a5209bc62de3	3186
4b7416c7f964a5205fc72de3	3187
4b741a94f964a5200cc82de3	3188
4b74709af964a520c1dc2de3	3189
4b747238f964a5202bdd2de3	3190
4b7481e1f964a520bde02de3	3191
4b7496d6f964a52033e62de3	3192
4b74a113f964a520d8e82de3	3193
4b74bca0f964a52068ef2de3	3194
4b74c10ef964a5203ef02de3	3195
4b74c2b8f964a5209df02de3	3196
4b74c5f5f964a52046f12de3	3197
4b74c614f964a5204bf12de3	3198
4b74ceaef964a52015f32de3	3199
4b74d483f964a52050f42de3	3200
4b74dac6f964a52060f52de3	3201
4b74db40f964a52078f52de3	3202
4b74e0ebf964a52087f62de3	3203
4b74e3e5f964a52003f72de3	3204
4b74e6b4f964a52066f72de3	3205
4b74e731f964a52079f72de3	3206
4b74e8caf964a520b1f72de3	3207
4b74f27ff964a520f7f82de3	3208
4b74f7b7f964a520a1f92de3	3209
4b750e6af964a5207cfc2de3	3210
4b751862f964a520c9fd2de3	3211
4b7520b8f964a520b6fe2de3	3212
4b752193f964a520c8fe2de3	3213
4b752538f964a5201aff2de3	3214
4b752542f964a5201bff2de3	3215
4b75256ef964a52024ff2de3	3216
4b752575f964a52025ff2de3	3217
4b752765f964a52068ff2de3	3218
4b7535c3f964a52020012ee3	3219
4b7536bef964a52057012ee3	3220
4b75371cf964a52068012ee3	3221
4b754452f964a52090032ee3	3222
4b7544c3f964a520a8032ee3	3223
4b7548abf964a52060042ee3	3224
4b75662df964a520580a2ee3	3225
4b756927f964a520fa0a2ee3	3226
4b757a14f964a520c00e2ee3	3227
4b75ca0ff964a520d1242ee3	3228
4b75dadff964a520ac292ee3	3229
4b75f1cdf964a5200d312ee3	3230
4b75fd8df964a520c9342ee3	3231
4b760745f964a520ab372ee3	3232
4b760e25f964a520a0392ee3	3233
4b7610e3f964a5205b3a2ee3	3234
4b761274f964a520c23a2ee3	3235
4b7612d7f964a520d43a2ee3	3236
4b7615a8f964a5209f3b2ee3	3237
4b76233af964a520443f2ee3	3238
4b76269cf964a5203c402ee3	3239
4b7627ccf964a5208e402ee3	3240
4b76286bf964a520a3402ee3	3241
4b76299cf964a520ec402ee3	3242
4b762a40f964a5200f412ee3	3243
4b762ac8f964a5202f412ee3	3244
4b763011f964a5205d422ee3	3245
4b763192f964a520a7422ee3	3246
4b763397f964a520fe422ee3	3247
4b7633e3f964a5200a432ee3	3248
4b763ddff964a520ce442ee3	3249
4b763f1df964a5200e452ee3	3250
4b764146f964a52077452ee3	3251
4b764636f964a5202a462ee3	3252
4b76498cf964a520c2462ee3	3253
4b764f66f964a520b9472ee3	3254
4b7651bef964a52010482ee3	3255
4b765c06f964a5206d492ee3	3256
4b766053f964a520024a2ee3	3257
4b766428f964a520a74a2ee3	3258
4b7664e4f964a520c04a2ee3	3259
4b7665e3f964a520f24a2ee3	3260
4b766616f964a520f84a2ee3	3261
4b76663cf964a520fe4a2ee3	3262
4b766665f964a520074b2ee3	3263
4b7667eff964a520434b2ee3	3264
4b766946f964a520764b2ee3	3265
4b766b3ff964a520c04b2ee3	3266
4b766f3ff964a520624c2ee3	3267
4b767a5af964a520084e2ee3	3268
4b767a80f964a520184e2ee3	3269
4b7682a1f964a5208a4f2ee3	3270
4b7692dbf964a5209b522ee3	3271
4b769c80f964a5205f542ee3	3272
4b76ce5df964a52081602ee3	3273
4b76d7c0f964a5205e632ee3	3274
4b77368af964a52054882ee3	3275
4b774ab0f964a5205f8f2ee3	3276
4b775b6cf964a520c8942ee3	3277
4b775ef8f964a520da952ee3	3278
4b776b9ef964a5204f992ee3	3279
4b776e72f964a520f3992ee3	3280
4b776fc8f964a520579a2ee3	3281
4b7772c6f964a520189b2ee3	3282
4b7775a0f964a520bf9b2ee3	3283
4b7776b0f964a520119c2ee3	3284
4b777bb2f964a520469d2ee3	3285
4b777be5f964a5205d9d2ee3	3286
4b777fa7f964a520309e2ee3	3287
4b77812ef964a520909e2ee3	3288
4b7783fef964a520429f2ee3	3289
4b778577f964a5209c9f2ee3	3290
4b778900f964a52058a02ee3	3291
4b778a41f964a5209aa02ee3	3292
4b778b2ff964a520c3a02ee3	3293
4b778dd1f964a52045a12ee3	3294
4b778e3ef964a5205ea12ee3	3295
4b7790abf964a520cca12ee3	3296
4b779119f964a520e3a12ee3	3297
4b7791b8f964a52012a22ee3	3298
4b779443f964a52083a22ee3	3299
4b779527f964a520a8a22ee3	3300
4b779557f964a520b0a22ee3	3301
4b7796aef964a520eea22ee3	3302
4b7799c7f964a52065a32ee3	3303
4b7799d3f964a52067a32ee3	3304
4b779d37f964a52013a42ee3	3305
4b779d4af964a52016a42ee3	3306
4b779ea4f964a52052a42ee3	3307
4b779ee6f964a5206ba42ee3	3308
4b77afc3f964a520e3a62ee3	3309
4b77b5d2f964a520d5a72ee3	3310
4b77b740f964a520ffa72ee3	3311
4b77b75ef964a52003a82ee3	3312
4b77b888f964a52023a82ee3	3313
4b77b8def964a52035a82ee3	3314
4b77bae1f964a52082a82ee3	3315
4b77c278f964a5207ca92ee3	3316
4b77d14cf964a52055ab2ee3	3317
4b77d22bf964a5207eab2ee3	3318
4b77d57cf964a520d6ab2ee3	3319
4b77e021f964a5203fad2ee3	3320
4b77f0d3f964a52088af2ee3	3321
4b780597f964a52068b22ee3	3322
4b783674f964a520d7bc2ee3	3323
4b78815ef964a520c9d22ee3	3324
4b788ce9f964a5201cd62ee3	3325
4b789794f964a520fcd82ee3	3326
4b78a332f964a52065db2ee3	3327
4b78a5cef964a520e1db2ee3	3328
4b78b19bf964a5202cde2ee3	3329
4b78b307f964a52066de2ee3	3330
4b78b8f8f964a52069df2ee3	3331
4b78c162f964a520f6e02ee3	3332
4b78d3daf964a520d6e32ee3	3333
4b78d549f964a5200ae42ee3	3334
4b792714f964a52018ed2ee3	3335
4b792906f964a5206aed2ee3	3336
4b792f4bf964a52034ee2ee3	3337
4b793ac7f964a520faef2ee3	3338
4b79657bf964a52069f72ee3	3339
4b7980a2f964a5202bfd2ee3	3340
4b79d086f964a520de132fe3	3341
4b79d5cbf964a5202a152fe3	3342
4b79e27df964a5204c182fe3	3343
4b79e3baf964a52098182fe3	3344
4b79f7a8f964a520f11c2fe3	3345
4b7a019cf964a520be1e2fe3	3346
4b7a12baf964a520cf212fe3	3347
4b7a29d2f964a5201d252fe3	3348
4b7a2a5df964a5202e252fe3	3349
4b7a31d2f964a52006262fe3	3350
4b7a3212f964a5200f262fe3	3351
4b7a3e24f964a5205c272fe3	3352
4b7a56a6f964a520002a2fe3	3353
4b7a5f46f964a520e32a2fe3	3354
4b7a642ff964a520852b2fe3	3355
4b7a6959f964a520212c2fe3	3356
4b7a69a5f964a520292c2fe3	3357
4b7a6bc8f964a5205d2c2fe3	3358
4b7a6c27f964a5206d2c2fe3	3359
4b7a723af964a5201c2d2fe3	3360
4b7a7afdf964a520202e2fe3	3361
4b7a8a4bf964a52061302fe3	3362
4b7a93d0f964a520fb312fe3	3363
4b7aa892f964a520d5352fe3	3364
4b7aae11f964a520f1362fe3	3365
4b7ab719f964a520bd382fe3	3366
4b7af3d1f964a520e3472fe3	3367
4b7b10b4f964a5205e4f2fe3	3368
4b7b2b56f964a52092552fe3	3369
4b7b36aef964a52059582fe3	3370
4b7b39c3f964a5201d592fe3	3371
4b7b3a34f964a5203a592fe3	3372
4b7b4829f964a5204d5c2fe3	3373
4b7b4f6ff964a520ae5d2fe3	3374
4b7b631af964a5204d612fe3	3375
4b7b65f0f964a520e2612fe3	3376
4b7b67c9f964a52042622fe3	3377
4b7b6982f964a52080622fe3	3378
4b7b71a4f964a520db632fe3	3379
4b7b91dbf964a52089672fe3	3380
4b7b9c01f964a520a6682fe3	3381
4b7b9edbf964a520f4682fe3	3382
4b7ba3b3f964a5208b692fe3	3383
4b7ba460f964a520a4692fe3	3384
4b7bb3d8f964a520566b2fe3	3385
4b7bbf40f964a520a66c2fe3	3386
4b7bbfcaf964a520bb6c2fe3	3387
4b7bc160f964a520ee6c2fe3	3388
4b7bc284f964a520196d2fe3	3389
4b7bc330f964a520366d2fe3	3390
4b7bc5d9f964a520996d2fe3	3391
4b7bc788f964a520df6d2fe3	3392
4b7bd9dcf964a52099702fe3	3393
4b7bdc24f964a52009712fe3	3394
4b7be219f964a52003722fe3	3395
4b7be2d8f964a5202a722fe3	3396
4b7bee45f964a5205a742fe3	3397
4b7bfa11f964a520b1762fe3	3398
4b7c07e0f964a5205f792fe3	3399
4b7c7846f964a5206b952fe3	3400
4b7c7ee2f964a520de962fe3	3401
4b7c9923f964a520009d2fe3	3402
4b7cb65bf964a52080a22fe3	3403
4b7cc21ff964a5205fa42fe3	3404
4b7cc9e0f964a5208ca52fe3	3405
4b7cce1df964a5200ca62fe3	3406
4b7cd447f964a520caa62fe3	3407
4b7ce8b2f964a520faa82fe3	3408
4b7cfb41f964a52003ab2fe3	3409
4b7cff99f964a52084ab2fe3	3410
4b7d14a9f964a52019ae2fe3	3411
4b7d1821f964a52062ae2fe3	3412
4b7d1bb0f964a520d6ae2fe3	3413
4b7d2437f964a52000b02fe3	3414
4b7d2f31f964a520b7b12fe3	3415
4b7d32f4f964a52060b22fe3	3416
4b7d3318f964a5206fb22fe3	3417
4b7d36bef964a5200bb32fe3	3418
4b7d59eaf964a520a1b92fe3	3419
4b7db525f964a520aacf2fe3	3420
4b7dbe89f964a520ebd12fe3	3421
4b7dc726f964a52006d42fe3	3422
4b7dcc5cf964a52057d52fe3	3423
4b7df59ef964a52034dc2fe3	3424
4b7df826f964a520c1dc2fe3	3425
4b7e1585f964a52030e22fe3	3426
4b7e1f61f964a5208ae32fe3	3427
4b7e2059f964a520b5e32fe3	3428
4b7e29e5f964a520ebe42fe3	3429
4b7e3ae1f964a520b0e62fe3	3430
4b7e4290f964a52096e72fe3	3431
4b7e431af964a520a7e72fe3	3432
4b7e44b0f964a520c0e72fe3	3433
4b7e455ef964a520e0e72fe3	3434
4b7e4a27f964a5207be82fe3	3435
4b7e4a67f964a52085e82fe3	3436
4b7e4ca8f964a520c5e82fe3	3437
4b7e4ce2f964a520cbe82fe3	3438
4b7e5d5cf964a52085ea2fe3	3439
4b7e6b06f964a5204bec2fe3	3440
4b7e6c7bf964a52091ec2fe3	3441
4b7e6d8cf964a520b4ec2fe3	3442
4b7e6ea6f964a520e0ec2fe3	3443
4b7e73c3f964a5209ced2fe3	3444
4b7e7a93f964a520c4ee2fe3	3445
4b7e88fdf964a52076f12fe3	3446
4b7e9bbbf964a5202df52fe3	3447
4b7eab50f964a52039f82fe3	3448
4b7eae12f964a520d5f82fe3	3449
4b7ecbfdf964a520330030e3	3450
4b7ef37ef964a520c30b30e3	3451
4b7f1b5df964a520f41630e3	3452
4b7f3b93f964a520092130e3	3453
4b7f491ef964a520eb2430e3	3454
4b7f4b67f964a520992530e3	3455
4b7f4c26f964a520c82530e3	3456
4b7f4db5f964a520282630e3	3457
4b7f5508f964a5200f2830e3	3458
4b7f5dd6f964a520542a30e3	3459
4b7f5de3f964a520572a30e3	3460
4b7f62f9f964a520a12b30e3	3461
4b7f6e94f964a520512e30e3	3462
4b7f6ebff964a520552e30e3	3463
4b7f6f3df964a520782e30e3	3464
4b7f74d5f964a5208f2f30e3	3465
4b7f75f6f964a520d02f30e3	3466
4b7f77d7f964a520353030e3	3467
4b7f7843f964a5204e3030e3	3468
4b7f7c66f964a5202e3130e3	3469
4b7f8169f964a5200a3230e3	3470
4b7f816cf964a5200b3230e3	3471
4b7f8370f964a520623230e3	3472
4b7f845ef964a5208e3230e3	3473
4b7f88c5f964a520603330e3	3474
4b7f8aaef964a520a93330e3	3475
4b7f8e34f964a5203f3430e3	3476
4b7f9029f964a520963430e3	3477
4b7f91a1f964a520d73430e3	3478
4b7f937ff964a5201a3530e3	3479
4b7f93edf964a520253530e3	3480
4b7f9466f964a5203b3530e3	3481
4b7f94edf964a520573530e3	3482
4b7f961bf964a5208c3530e3	3483
4b7f9a9ff964a520543630e3	3484
4b7fa28ef964a520983730e3	3485
4b7fa2adf964a5209d3730e3	3486
4b7fa333f964a520b53730e3	3487
4b7fa4f4f964a520023830e3	3488
4b7fb39ef964a520b33930e3	3489
4b7fc27df964a520953c30e3	3490
4b7fd87cf964a520824030e3	3491
4b7fda5ef964a520d84030e3	3492
4b7fe6f5f964a5206b4330e3	3493
4b7ffa0af964a520174830e3	3494
4b807315f964a5206f7330e3	3495
4b808947f964a520e97a30e3	3496
4b8098e5f964a520e37f30e3	3497
4b80a002f964a520da8130e3	3498
4b80a1b3f964a520428230e3	3499
4b80a277f964a520798230e3	3500
4b80a413f964a520e88230e3	3501
4b80ad64f964a520898530e3	3502
4b80b193f964a520a08630e3	3503
4b80bafef964a520ee8830e3	3504
4b80be31f964a5209a8930e3	3505
4b80c273f964a520838a30e3	3506
4b80c384f964a520c38a30e3	3507
4b80c50ff964a520218b30e3	3508
4b80c76df964a5209a8b30e3	3509
4b80c926f964a520fd8b30e3	3510
4b80cc5af964a520ab8c30e3	3511
4b80d36df964a520068e30e3	3512
4b80d81df964a520b78e30e3	3513
4b80d935f964a520e38e30e3	3514
4b80deb7f964a520e08f30e3	3515
4b80e1d0f964a520559030e3	3516
4b80e732f964a520399130e3	3517
4b80f16ef964a520cb9230e3	3518
4b80f2c7f964a520fd9230e3	3519
4b80fe07f964a520739430e3	3520
4b8116dcf964a5204d9630e3	3521
4b811863f964a520929630e3	3522
4b81a04df964a5209eb330e3	3523
4b81bcfef964a5200abb30e3	3524
4b81c47df964a520e2bc30e3	3525
4b81f44ff964a52040c530e3	3526
4b82110df964a52096c930e3	3527
4b821c55f964a520c9ca30e3	3528
4b823278f964a520f0cc30e3	3529
4b824c3bf964a52054cf30e3	3530
4b8252fff964a520c9cf30e3	3531
4b825f95f964a520c1d030e3	3532
4b826592f964a5207bd130e3	3533
4b826c3af964a52059d230e3	3534
4b82752af964a520bfd330e3	3535
4b8279a1f964a5207cd430e3	3536
4b83237df964a520d8f930e3	3537
4b83544bf964a520ab0231e3	3538
4b835f06f964a520330431e3	3539
4b83620af964a5209e0431e3	3540
4b83685cf964a520880531e3	3541
4b8371cff964a5207a0631e3	3542
4b8374f2f964a520d20631e3	3543
4b83807df964a5201e0831e3	3544
4b8391bef964a5200a0a31e3	3545
4b839640f964a520890a31e3	3546
4b83b29ff964a520460d31e3	3547
4b83bf49f964a520fc0e31e3	3548
4b83d397f964a520511231e3	3549
4b83e1e4f964a520101531e3	3550
4b845317f964a520c02e31e3	3551
4b848b45f964a520f83a31e3	3552
4b848e91f964a520953b31e3	3553
4b848f13f964a520aa3b31e3	3554
4b848fa7f964a520ca3b31e3	3555
4b8494d4f964a520c63c31e3	3556
4b84bac7f964a520874231e3	3557
4b84bad3f964a5208c4231e3	3558
4b84bf55f964a5200c4331e3	3559
4b84c06cf964a520334331e3	3560
4b84e514f964a520e64631e3	3561
4b85099af964a520774931e3	3562
4b8513f2f964a520144b31e3	3563
4b85178ef964a520a34b31e3	3564
4b851ea5f964a520c94c31e3	3565
4b854d54f964a520795531e3	3566
4b855c19f964a520ee5831e3	3567
4b859205f964a520156631e3	3568
4b85a2cff964a520186a31e3	3569
4b85ba2bf964a520666f31e3	3570
4b85c097f964a520f97031e3	3571
4b85c172f964a5202e7131e3	3572
4b85c585f964a520187231e3	3573
4b85ce00f964a5200b7431e3	3574
4b85d58ff964a520757531e3	3575
4b85f5d8f964a5209d7b31e3	3576
4b85fe02f964a520cf7c31e3	3577
4b860a1df964a5204b7e31e3	3578
4b8619a0f964a520dc7f31e3	3579
4b861eccf964a520698031e3	3580
4b8623e3f964a520fd8031e3	3581
4b863a20f964a5203e8331e3	3582
4b863d70f964a520998331e3	3583
4b864312f964a520358431e3	3584
4b86431bf964a520378431e3	3585
4b8649d5f964a520d08431e3	3586
4b864ad0f964a520f38431e3	3587
4b865b78f964a520428731e3	3588
4b866122f964a520028831e3	3589
4b86747ef964a520cc8a31e3	3590
4b86dd13f964a5207fa231e3	3591
4b870e83f964a5200cae31e3	3592
4b87392af964a52038b731e3	3593
4b8753c0f964a5209dbb31e3	3594
4b876cf4f964a520eebe31e3	3595
4b87730ef964a5209fbf31e3	3596
4b877ab0f964a52068c031e3	3597
4b87aefef964a52013c731e3	3598
4b87b3daf964a520dcc731e3	3599
4b87b494f964a52001c831e3	3600
4b87b9e7f964a520d7c831e3	3601
4b87bef7f964a520e6c931e3	3602
4b87c674f964a52065cb31e3	3603
4b87e677f964a520e0d131e3	3604
4b8805edf964a520aad931e3	3605
4b887c48f964a52074fb31e3	3606
4b887e67f964a52006fc31e3	3607
4b887f05f964a52032fc31e3	3608
4b887fabf964a52059fc31e3	3609
4b889270f964a520910132e3	3610
4b8892c0f964a520aa0132e3	3611
4b889874f964a520390332e3	3612
4b88b482f964a520c10932e3	3613
4b88c6bbf964a520000d32e3	3614
4b88d325f964a520300f32e3	3615
4b88d6d3f964a520de0f32e3	3616
4b88d779f964a520fa0f32e3	3617
4b88e5dff964a520861232e3	3618
4b88e98df964a520221332e3	3619
4b890239f964a520ee1732e3	3620
4b89065af964a520c31832e3	3621
4b892b1bf964a520962032e3	3622
4b89493af964a520922832e3	3623
4b899e09f964a5209b4632e3	3624
4b89a3acf964a520544832e3	3625
4b89a947f964a520f54932e3	3626
4b89a9d0f964a5201c4a32e3	3627
4b89b96ff964a5202b4d32e3	3628
4b89c3e6f964a520804d32e3	3629
4b89c96af964a520b44d32e3	3630
4b89d2f4f964a520314f32e3	3631
4b89d2fef964a5203a4f32e3	3632
4b89dc05f964a520ea5132e3	3633
4b89de4cf964a520a35232e3	3634
4b89e9b9f964a520cc5532e3	3635
4b89ec2af964a520765632e3	3636
4b89f0c4f964a5209b5732e3	3637
4b89f269f964a520f25732e3	3638
4b89f619f964a520e65832e3	3639
4b89f991f964a520b35932e3	3640
4b89fb5df964a5200d5a32e3	3641
4b89fd41f964a520685a32e3	3642
4b89ff0ef964a520be5a32e3	3643
4b8a0020f964a520fb5a32e3	3644
4b8a0c79f964a5207d5d32e3	3645
4b8a129cf964a520b15e32e3	3646
4b8a1fa6f964a520ea6032e3	3647
4b8a287cf964a520416232e3	3648
4b8a3591f964a5202b6432e3	3649
4b8a4652f964a5209e6632e3	3650
4b8a56c2f964a520226932e3	3651
4b8a7615f964a520b36d32e3	3652
4b8a81d4f964a520c36f32e3	3653
4b8adb31f964a520968532e3	3654
4b8aff5bf964a520628d32e3	3655
4b8b03dff964a520738e32e3	3656
4b8b06e9f964a520028f32e3	3657
4b8b20edf964a520349432e3	3658
4b8b31a8f964a520f99632e3	3659
4b8b3671f964a520ce9732e3	3660
4b8b3cd9f964a520ee9832e3	3661
4b8b45bbf964a5205a9a32e3	3662
4b8b5af4f964a520479d32e3	3663
4b8b898df964a5203aa232e3	3664
4b8b91cef964a5200da332e3	3665
4b8b948ef964a5205fa332e3	3666
4b8ba917f964a520fba532e3	3667
4b8bb438f964a520ada732e3	3668
4b8bdc26f964a52016af32e3	3669
4b8c4178f964a520dac632e3	3670
4b8c5418f964a520e3ca32e3	3671
4b8c5bd5f964a52099cc32e3	3672
4b8c7d03f964a5204ed332e3	3673
4b8c8611f964a52009d532e3	3674
4b8c878df964a5204ad532e3	3675
4b8cc492f964a52091dc32e3	3676
4b8cd34bf964a5203cde32e3	3677
4b8cd3e2f964a52046de32e3	3678
4b8cd79bf964a520a5de32e3	3679
4b8ce013f964a5208edf32e3	3680
4b8cec4cf964a520fce032e3	3681
4b8cf2f8f964a520efe132e3	3682
4b8cf38cf964a52008e232e3	3683
4b8cf3a2f964a5200ce232e3	3684
4b8d1040f964a5206de632e3	3685
4b8d814cf964a520c2ff32e3	3686
4b8d9dddf964a520760433e3	3687
4b8d9e6df964a520930433e3	3688
4b8da3a1f964a520cd0533e3	3689
4b8da54ef964a5202e0633e3	3690
4b8da608f964a520520633e3	3691
4b8dafb1f964a520960833e3	3692
4b8dd137f964a520eb0e33e3	3693
4b8e19aaf964a520651833e3	3694
4b8e1de4f964a520ca1833e3	3695
4b8e3876f964a520d01b33e3	3696
4b8e3a3df964a5200e1c33e3	3697
4b8e3fd6f964a520db1c33e3	3698
4b8e4616f964a520ad1d33e3	3699
4b8e687ff964a520422133e3	3700
4b8edb30f964a5201f3b33e3	3701
4b8ef479f964a520f24033e3	3702
4b8ef710f964a5209c4133e3	3703
4b8efd6bf964a520104333e3	3704
4b8f2368f964a520c04a33e3	3705
4b8f26bdf964a5204e4b33e3	3706
4b8f2d51f964a5206a4c33e3	3707
4b8f41b1f964a520694f33e3	3708
4b8f5312f964a520735133e3	3709
4b8f6933f964a520c85333e3	3710
4b8f8232f964a5208a5633e3	3711
4b8f8dc0f964a520ea5733e3	3712
4b8f9164f964a5205b5833e3	3713
4b8fc06af964a5205c6033e3	3714
4b8fc190f964a520926033e3	3715
4b8fc566f964a520546133e3	3716
4b9073e6f964a520038b33e3	3717
4b909923f964a520949133e3	3718
4b909f9ff964a520859233e3	3719
4b90a0e3f964a520ae9233e3	3720
4b90bde5f964a520fa9533e3	3721
4b90bfe9f964a5202c9633e3	3722
4b90c61ff964a520f99633e3	3723
4b90c622f964a520fa9633e3	3724
4b90c86ff964a520439733e3	3725
4b90ca57f964a520789733e3	3726
4b90d03df964a5203c9833e3	3727
4b90d312f964a520a39833e3	3728
4b90db71f964a520d19933e3	3729
4b90e24df964a520f09a33e3	3730
4b90ffe3f964a520729e33e3	3731
4b911bdbf964a52039a433e3	3732
4b911d20f964a52085a433e3	3733
4b9158c9f964a52010b533e3	3734
4b91677df964a520b0b933e3	3735
4b91a730f964a5202acd33e3	3736
4b91afe4f964a520f4cf33e3	3737
4b91b2e9f964a520c9d033e3	3738
4b91c0fbf964a520f2d433e3	3739
4b91c68cf964a52088d633e3	3740
4b91cbbbf964a52008d833e3	3741
4b91d626f964a520afda33e3	3742
4b91d7e7f964a52026db33e3	3743
4b91dc91f964a5202edc33e3	3744
4b91de1ff964a52098dc33e3	3745
4b91e099f964a52021dd33e3	3746
4b91e4e6f964a5201ade33e3	3747
4b91e9e0f964a5201edf33e3	3748
4b91f046f964a5203be033e3	3749
4b91f33af964a520c6e033e3	3750
4b91f894f964a520a6e133e3	3751
4b91f97af964a520d0e133e3	3752
4b92005ef964a520ebe233e3	3753
4b92018af964a52021e333e3	3754
4b9201eff964a52033e333e3	3755
4b922028f964a5206de833e3	3756
4b92460af964a52064ef33e3	3757
4b9249baf964a52044f033e3	3758
4b925636f964a520e9f233e3	3759
4b92729ff964a52044fa33e3	3760
4b92e88af964a520122634e3	3761
4b92ef7ef964a5205d2834e3	3762
4b92f4bef964a5203e2a34e3	3763
4b92fa19f964a520e52b34e3	3764
4b9307dff964a520113034e3	3765
4b930bf1f964a520483134e3	3766
4b931bacf964a5207d3534e3	3767
4b932bfef964a5202a3934e3	3768
4b934f0ef964a5207c3f34e3	3769
4b936663f964a520ad4234e3	3770
4b93710ef964a520024434e3	3771
4b9378caf964a5200f4534e3	3772
4b938c48f964a520d64734e3	3773
4b938c96f964a520e64734e3	3774
4b93b485f964a520c64d34e3	3775
4b943bd3f964a5203c7034e3	3776
4b94462df964a5206c7234e3	3777
4b945922f964a520ad7534e3	3778
4b94594df964a520b97534e3	3779
4b9476c5f964a5207f7a34e3	3780
4b948e8ff964a5205b7d34e3	3781
4b948fd8f964a5207c7d34e3	3782
4b949524f964a520fb7d34e3	3783
4b949b12f964a5208e7e34e3	3784
4b94a054f964a520067f34e3	3785
4b94ebd7f964a520e58734e3	3786
4b94ecbcf964a5200a8834e3	3787
4b957efef964a520cba534e3	3788
4b95a853f964a52027ae34e3	3789
4b95c372f964a52062b234e3	3790
4b95c8e1f964a5203eb334e3	3791
4b95d823f964a52057b534e3	3792
4b963710f964a520ecc034e3	3793
4b964065f964a52069c234e3	3794
4b9657ecf964a52028c734e3	3795
4b965fb5f964a520bec834e3	3796
4b96a078f964a520bed934e3	3797
4b96c2e6f964a520d9e234e3	3798
4b96d821f964a5205de834e3	3799
4b96f798f964a520d7f034e3	3800
4b970f47f964a520f4f534e3	3801
4b9712d2f964a520a3f634e3	3802
4b971b9ff964a5205ff834e3	3803
4b972069f964a52026f934e3	3804
4b973a13f964a520b3fc34e3	3805
4b97439cf964a520d2fd34e3	3806
4b9745d6f964a5200afe34e3	3807
4b974820f964a5204efe34e3	3808
4b974a9cf964a52091fe34e3	3809
4b976ccbf964a520310335e3	3810
4b9779f5f964a5203e0535e3	3811
4b977a51f964a5204d0535e3	3812
4b977b90f964a5207b0535e3	3813
4b978e9df964a520b70835e3	3814
4b983e56f964a520c63635e3	3815
4b9843f7f964a5203f3835e3	3816
4b985fd8f964a520bb3e35e3	3817
4b98bfb9f964a520084e35e3	3818
4b98c446f964a520c54e35e3	3819
4b98df47f964a5207a5335e3	3820
4b98e899f964a520a75535e3	3821
4b98ebb9f964a520535635e3	3822
4b98f468f964a520545835e3	3823
4b99411cf964a520da6d35e3	3824
4b99fcb7f964a520f09935e3	3825
4b9a09bcf964a5200e9c35e3	3826
4b9a0d89f964a520b09c35e3	3827
4b9a188ef964a520a09e35e3	3828
4b9a20b0f964a52031a035e3	3829
4b9a2e88f964a5202aa335e3	3830
4b9a4774f964a52033a935e3	3831
4b9a58e0f964a520e0ad35e3	3832
4b9a6494f964a52072b135e3	3833
4b9a7742f964a520c0b735e3	3834
4b9aae75f964a5207dcc35e3	3835
4b9ad0f5f964a52097d835e3	3836
4b9ad285f964a52021d935e3	3837
4b9ae2a9f964a52079df35e3	3838
4b9af0dcf964a5204ee535e3	3839
4b9afa64f964a520b6e835e3	3840
4b9b0a55f964a520f8ed35e3	3841
4b9b186bf964a52049f235e3	3842
4b9b2347f964a5207df535e3	3843
4b9b2860f964a520caf635e3	3844
4b9b385cf964a5209efa35e3	3845
4b9b3926f964a520cafa35e3	3846
4b9b3e94f964a520f5fb35e3	3847
4b9b4054f964a52059fc35e3	3848
4b9b4910f964a52052fe35e3	3849
4b9b4c2ef964a52007ff35e3	3850
4b9b5843f964a520ab0136e3	3851
4b9b5fd6f964a5204a0336e3	3852
4b9b6ee2f964a520030736e3	3853
4b9b8cd2f964a520c30e36e3	3854
4b9baed6f964a520cf1936e3	3855
4b9c180ff964a520534936e3	3856
4b9c2607f964a520134f36e3	3857
4b9c3a37f964a520ea5636e3	3858
4b9c4a32f964a520625c36e3	3859
4b9c4a47f964a5206b5c36e3	3860
4b9c4ac0f964a520995c36e3	3861
4b9c4e00f964a520c35d36e3	3862
4b9c6037f964a520fa6336e3	3863
4b9c6130f964a520486436e3	3864
4b9c61b2f964a520696436e3	3865
4b9c67e8f964a520546636e3	3866
4b9c6a73f964a520056736e3	3867
4b9c7902f964a520146b36e3	3868
4b9c7e29f964a520496c36e3	3869
4b9c7fb6f964a520b06c36e3	3870
4b9c81a6f964a5202d6d36e3	3871
4b9c831af964a5208b6d36e3	3872
4b9c918ef964a520a87036e3	3873
4b9cb0d2f964a520937636e3	3874
4b9cb831f964a520fc7736e3	3875
4b9cc32df964a5205b7a36e3	3876
4b9cc567f964a520cd7a36e3	3877
4b9cce47f964a5207c7c36e3	3878
4b9cee07f964a5200c8336e3	3879
4b9cf4fcf964a520d08436e3	3880
4b9cf70ff964a5203e8536e3	3881
4b9d3448f964a520339936e3	3882
4b9d62eef964a520d6a836e3	3883
4b9d7badf964a520a5af36e3	3884
4b9d8baaf964a520efb236e3	3885
4b9d9c9af964a52059b636e3	3886
4b9da7b3f964a52077b836e3	3887
4b9da835f964a52098b836e3	3888
4b9dcc3cf964a52033be36e3	3889
4b9ddeb3f964a520d5c036e3	3890
4b9ddf3bf964a520e8c036e3	3891
4b9dec63f964a520f9c236e3	3892
4b9df367f964a520f4c336e3	3893
4b9e0736f964a52021c736e3	3894
4b9e100ff964a520d2c836e3	3895
4b9e2d26f964a5207ccf36e3	3896
4b9e33c8f964a5207bd136e3	3897
4b9e41d2f964a52078d536e3	3898
4b9e436af964a520d9d536e3	3899
4b9e546af964a5206eda36e3	3900
4b9efc80f964a520860e37e3	3901
4b9f0b91f964a520771137e3	3902
4b9f1f2ff964a5209c1437e3	3903
4b9f2ff9f964a520001737e3	3904
4b9f55e2f964a520311d37e3	3905
4b9f6115f964a520421f37e3	3906
4b9f7678f964a520372437e3	3907
4ba0465ef964a520966537e3	3908
4ba05db0f964a5208c6a37e3	3909
4ba0a9a4f964a520747637e3	3910
4ba0aee5f964a5206e7737e3	3911
4ba0af00f964a520747737e3	3912
4ba16f8ef964a520cab637e3	3913
4ba1852af964a520c1bd37e3	3914
4ba19846f964a520d7c237e3	3915
4ba1c550f964a5209bcb37e3	3916
4ba1c5b9f964a520adcb37e3	3917
4ba1c8a0f964a52021cc37e3	3918
4ba1dfbbf964a520fecf37e3	3919
4ba1e2d4f964a5208fd037e3	3920
4ba1f4c3f964a5207ed337e3	3921
4ba1f58cf964a520a1d337e3	3922
4ba1f68bf964a520d7d337e3	3923
4ba1fc5af964a520f4d437e3	3924
4ba1fca2f964a52002d537e3	3925
4ba1fd24f964a52018d537e3	3926
4ba22e9af964a520ede137e3	3927
4ba29abaf964a520760838e3	3928
4ba2b1c5f964a520f81038e3	3929
4ba2b474f964a520f21138e3	3930
4ba2c6aff964a520591838e3	3931
4ba2ce8bf964a520c01a38e3	3932
4ba2d191f964a520a81b38e3	3933
4ba2ea14f964a520452238e3	3934
4ba3010ef964a520592738e3	3935
4ba30585f964a5203e2838e3	3936
4ba32a08f964a520472e38e3	3937
4ba348b7f964a5203d3338e3	3938
4ba34f0cf964a5208d3438e3	3939
4ba35989f964a520a43638e3	3940
4ba37ea8f964a520f74138e3	3941
4ba4080df964a520b87938e3	3942
4ba40db4f964a5205b7c38e3	3943
4ba42278f964a520f78438e3	3944
4ba42acaf964a5205f8838e3	3945
4ba42cb6f964a520128938e3	3946
4ba43268f964a5201e8b38e3	3947
4ba443d0f964a5203c9138e3	3948
4ba4a6e0f964a520e5a938e3	3949
4ba4c6b5f964a520cdb338e3	3950
4ba4dad8f964a52092bb38e3	3951
4ba4e14ef964a5204cbe38e3	3952
4ba4ea11f964a52071c238e3	3953
4ba4f489f964a5202cc838e3	3954
4ba5404bf964a520bcf138e3	3955
4ba54ca2f964a520e8f738e3	3956
4ba579b8f964a520dc0a39e3	3957
4ba57f77f964a520e40c39e3	3958
4ba58530f964a520d50e39e3	3959
4ba599e1f964a5209b1539e3	3960
4ba59e76f964a5201f1739e3	3961
4ba5b7e0f964a520181e39e3	3962
4ba5c57cf964a520482139e3	3963
4ba5c90ef964a520262239e3	3964
4ba5ca1ef964a5205f2239e3	3965
4ba5d399f964a520692439e3	3966
4ba5e44ff964a520d32739e3	3967
4ba5ec35f964a5206e2939e3	3968
4ba5f5dcf964a520702b39e3	3969
4ba5f841f964a520eb2b39e3	3970
4ba608eef964a520792f39e3	3971
4ba6a7e0f964a520966639e3	3972
4ba6ab1bf964a520806739e3	3973
4ba6c1c6f964a520b46d39e3	3974
4ba6c4ebf964a520936e39e3	3975
4ba6c67ff964a520f56e39e3	3976
4ba6cb11f964a520057039e3	3977
4ba6cba4f964a5202d7039e3	3978
4ba6d165f964a5206b7139e3	3979
4ba6e7f0f964a520ae7639e3	3980
4ba6ead1f964a520707739e3	3981
4ba6f0bcf964a520d57839e3	3982
4ba6f2d2f964a520557939e3	3983
4ba6f462f964a520b47939e3	3984
4ba6fcaaf964a520707b39e3	3985
4ba7082df964a520887d39e3	3986
4ba71711f964a520438039e3	3987
4ba72b61f964a520198439e3	3988
4ba72bcaf964a5202d8439e3	3989
4ba775c5f964a5209d9539e3	3990
4ba7a67cf964a52028a639e3	3991
4ba82c8cf964a52073cf39e3	3992
4ba839dbf964a52031d239e3	3993
4ba8546df964a520ced639e3	3994
4ba85db1f964a52035d839e3	3995
4ba8b203f964a520a6e739e3	3996
4ba8bb5cf964a52080ea39e3	3997
4ba8d768f964a5204df339e3	3998
4ba94ec3f964a5206b1d3ae3	3999
4ba95af1f964a5209c213ae3	4000
4ba9747ff964a5203c283ae3	4001
4ba97732f964a520d2283ae3	4002
4ba9a681f964a520e6323ae3	4003
4ba9be42f964a5207e363ae3	4004
4ba9d15df964a5203f393ae3	4005
4ba9e238f964a5200c3c3ae3	4006
4baa0e9cf964a52034473ae3	4007
4baa36d3f964a520fa533ae3	4008
4baacc80f964a52050873ae3	4009
4baada7ef964a520848a3ae3	4010
4bab2aedf964a520a8973ae3	4011
4bab2b52f964a520b5973ae3	4012
4bab3456f964a5204d993ae3	4013
4bac1684f964a5207be33ae3	4014
4bac3004f964a520f7e93ae3	4015
4bac3cb9f964a520a2ec3ae3	4016
4bac45aef964a52044ee3ae3	4017
4bac5cddf964a520ecf13ae3	4018
4bac6730f964a52095f33ae3	4019
4bac6d63f964a520abf43ae3	4020
4bac790df964a520acf63ae3	4021
4bac90eef964a52085fb3ae3	4022
4bac9520f964a52077fc3ae3	4023
4bad75a8f964a5202b533be3	4024
4bad8522f964a5205e583be3	4025
4bad9461f964a520d35c3be3	4026
4bad9b93f964a520b65e3be3	4027
4bada14ef964a52007603be3	4028
4badbd40f964a5204c663be3	4029
4badbd74f964a52054663be3	4030
4badc850f964a520e1683be3	4031
4badc9f3f964a5204c693be3	4032
4badcbd8f964a520b1693be3	4033
4badd434f964a520ed6b3be3	4034
4badfa23f964a52072773be3	4035
4bae0547f964a520af7b3be3	4036
4bae1656f964a520ad823be3	4037
4bae7ff1f964a520dcb93be3	4038
4baea9c0f964a52090cc3be3	4039
4baeda54f964a52034dd3be3	4040
4baef371f964a520a1e33be3	4041
4baef47bf964a520dfe33be3	4042
4baf1541f964a52069ea3be3	4043
4baf1563f964a5206cea3be3	4044
4baf1780f964a520d2ea3be3	4045
4baf1ae1f964a52078eb3be3	4046
4baf2fb9f964a520d8ef3be3	4047
4baff466f964a5200c2e3ce3	4048
4baff499f964a5201c2e3ce3	4049
4bb00488f964a52007323ce3	4050
4bb00caff964a52003343ce3	4051
4bb01a1cf964a52024373ce3	4052
4bb06abef964a520af443ce3	4053
4bb07218f964a520f8453ce3	4054
4bb0740cf964a52044463ce3	4055
4bb0bd63f964a520d7583ce3	4056
4bb13036f964a520f0813ce3	4057
4bb171e5f964a52007943ce3	4058
4bb1a638f964a520899d3ce3	4059
4bb1a8edf964a520ed9d3ce3	4060
4bb1c843f964a520caa23ce3	4061
4bb1c8e0f964a520dea23ce3	4062
4bb1ca77f964a5202ca33ce3	4063
4bb2eac335f0c9b6a7dfbb83	4064
4bb307a5a32876b0334301fe	4065
4bb32da1eb3e952109caca0a	4066
4bb334cda32876b0ef6101fe	4067
4bb42926737d76b073343b7c	4068
4bb4418b9af3b71390218c28	4069
4bb451aa643cd13ac799395c	4070
4bb45dd0643cd13a0fa0395c	4071
4bb469e29af3b71313388c28	4072
4bb48df1a187ef3b62bb4942	4073
4bb535ba46d4a593f7bec4c0	4074
4bb53d352ea195216e3baa2f	4075
4bb56f7f46d4a5939414c5c0	4076
4bb59ebd46d4a593d338c5c0	4077
4bb5a119f562ef3b4f292f97	4078
4bb5a5062f70c9b6746c8430	4079
4bb5b8ad2ea195211fb7aa2f	4080
4bb5e1a42f70c9b6ad968430	4081
4bb5f3bd2f70c9b6e1ab8430	4082
4bb61fc06edc76b0ce6c301c	4083
4bb6a78746d4a59398a0c6c0	4084
4bb6aabb46d4a59312a6c6c0	4085
4bb6ad702ea19521bc1cac2f	4086
4bb6d6c046d4a59333e4c6c0	4087
4bb6e288941ad13ae02020e3	4088
4bb6f8e0f562ef3bd0ee3097	4089
4bb6f93b2f70c9b6e8328630	4090
4bb70369941ad13aef3920e3	4091
4bb70b631344b713d7529e04	4092
4bb70c132f70c9b641408630	4093
4bb7179b2ea19521f38aac2f	4094
4bb71da9ef159c742dd376f7	4095
4bb721a9f562ef3b000c3197	4096
4bb7434d6edc76b08cf0311c	4097
4bb7d7a753649c74da5e46fb	4098
4bb8258d7421a5938c97c140	4099
4bb82a43b35776b0e3bbc801	4100
4bb82b067421a593479dc140	4101
4bb8421fcf2fc9b62b6f9f02	4102
4bb84260314e95217456489d	4103
4bb86af27421a59346c8c140	4104
4bb86c6a53649c74460247fb	4105
4bb887c1b35776b0aef8c801	4106
4bb88c1b53649c749c1547fb	4107
4bb9540f1261d13afa91e998	4108
4bb95f0a3db7b7131947229a	4109
4bb9653a53649c74c40448fb	4110
4bb994b8935e9521453a2790	4111
4bb9a4a198c7ef3b61373202	4112
4bb9be08cf2fc9b615b7a002	4113
4bb9c1a6935e9521d3512790	4114
4bb9d655b35776b03e2fca01	4115
4bb9e7ae935e9521e6792790	4116
4bba02c61261d13a0017ea98	4117
4bba20081261d13ace41ea98	4118
4bba6bfb935e9521c5222890	4119
4bba72663db7b7136b54239a	4120
4bba9593935e9521105e2890	4121
4bbab58c1261d13a07feea98	4122
4bbac8b753649c742f7249fb	4123
4bbad4963db7b713b2bd239a	4124
4bbaedff935e9521dda42890	4125
4bbaf2d8b35776b03e70cb01	4126
4bbb1d963db7b713b9ec239a	4127
4bbb478cb35776b098bfcb01	4128
4bbbbeaa2d9ea59358d59fce	4129
4bbbede9e4529521806b55a4	4130
4bbc0272e436ef3baa2a5664	4131
4bbc46a6ed7776b06e783f51	4132
4bbca8814e069c74dfb09de3	4133
4bbd1f06a8cf76b07171b1fd	4134
4bbd4db28a4fb71335ee3c9d	4135
4bbd7885a8cf76b076e2b1fd	4136
4bbdb5038ec3d13adf501c28	4137
4bbdba9b8a4fb71338423d9d	4138
4bbe79d682a2ef3b3a7c2bd2	4139
4bbe7cdbb083a5932827a2e9	4140
4bbe7fbf82a2ef3bfe872bd2	4141
4bbe83af82a2ef3b208f2bd2	4142
4bbeb16682a2ef3b45d52bd2	4143
4bbeccb9006dc9b60bbcfb3f	4144
4bbef8d1ba9776b0ee64fec8	4145
4bbef995ba9776b09765fec8	4146
4bbf076a006dc9b63ceafb3f	4147
4bbfd95db492d13a8079a360	4148
4bbfdc3ab492d13aaa7fa360	4149
4bc0069d4cdfc9b64c6b9221	4150
4bc0210c4cdfc9b6ca8b9221	4151
4bc037562a89ef3b8849f088	4152
4bc04e402a89ef3bd45cf088	4153
4bc04f2f4cdfc9b63cb49221	4154
4bc0ea654cdfc9b68ac39321	4155
4bc14d802a89ef3bf13ef288	4156
4bc14f194cdfc9b67f949421	4157
4bc15263f8219c74a552b310	4158
4bc154f04cdfc9b6029e9421	4159
4bc15d444cdfc9b64aaa9421	4160
4bc164b9f8219c74786db310	4161
4bc17ce6920eb7134ae51a2c	4162
4bc17dfcb492d13ad434a660	4163
4bc182b4461576b0d81b7c32	4164
4bc1882474a9a5939108d2f6	4165
4bc18b6074a9a5931e0bd2f6	4166
4bc18d192a89ef3b7187f288	4167
4bc24da3920eb713450a1c2c	4168
4bc2633b920eb71334331c2c	4169
4bc26536abf49521f986c293	4170
4bc285c474a9a593d880d3f6	4171
4bc2fb1f920eb7136cca1c2c	4172
4bc33f16461576b04d547e32	4173
4bc39536920eb71316ab1d2c	4174
4bc3d775b492d13a6065a960	4175
4bc3f1f8b492d13a9984a960	4176
4bc400d12a89ef3b63d8f588	4177
4bc4fb296cccd13a4190ff8b	4178
4bc5735a6a3e9c74b0e9f548	4179
4bc5a7655935c9b64624a6d2	4180
4bc5af6cccbcef3b7bc7e6d2	4181
4bc5d071693695219b888488	4182
4bc7da668b7c9c74225837cf	4183
4bc8095a2f94d13ae909137f	4184
4bc82ec68b7c9c748ab237cf	4185
4bc84a672f94d13a0348137f	4186
4bc8538f15a7ef3bded17ada	4187
4bc85f39af07a593f2b0802d	4188
4bc87bd7dc55eee1187ee8ac	4189
4bc8b0a692b376b0baf7513a	4190
4bc91834511f9521972eadc7	4191
4bc9551db6c49c7453628e91	4192
4bc95d32511f952118b3adc7	4193
4bc962800687ef3bfaf4d9cc	4194
4bc96cc2511f95210fc4adc7	4195
4bc9717a0687ef3b5204dacc	4196
4bc98f37fb84c9b6c2421b3e	4197
4bc9aa3d3740b713f0065f65	4198
4bc9af55511f9521f509aec7	4199
4bc9bc37cc8cd13aac06bccf	4200
4bca6a6e937ca593edefa792	4201
4bca6ba5937ca593cbf2a792	4202
4bca96f1937ca593df4aa892	4203
4bcaa65c0687ef3bf588dccc	4204
4bcaae810687ef3ba792dccc	4205
4bcab1ab3740b713365b6165	4206
4bcab7a0b6c49c74e3179191	4207
4bcac7393740b713c36f6165	4208
4bcadc5468f976b000196083	4209
4bcb05ac3740b7134fa86165	4210
4bcbd766cc8cd13aef2dc0cf	4211
4bcc08273740b7139c756365	4212
4bcc3b9868f976b07a386283	4213
4bcc3d4468f976b0963a6283	4214
4bcce4810687ef3b911fe0cc	4215
4bcce631fb84c9b64e46213e	4216
4bcd061bcc8cd13a5417c2cf	4217
4bcd2da10687ef3b18a7e0cc	4218
4bcd3d458920b713718f9fdc	4219
4bcd5e590687ef3b0dd5e0cc	4220
4bcd872fcc8cd13af2a4c2cf	4221
4bcd94cbcc8cd13aa9b6c2cf	4222
4bcdafb78920b7137711a0dc	4223
4bcdb01b8920b7132912a0dc	4224
4bce3839ef109521c1c38386	4225
4bce9721cc8cd13adfa9c4cf	4226
4bce9d18fb84c9b64b25243e	4227
4bceb738937ca593b6f5ae92	4228
4bcec2a9b6c49c74a89f9791	4229
4bcee4da937ca593e222af92	4230
4bcf93aa41b9ef3b44c3f8e5	4231
4bcfb602b221c9b6e6a8d2d0	4232
4bd01abe41b9ef3bf27ff9e5	4233
4bd01f4477b29c74032d8a82	4234
4bd0335877b29c74af438a82	4235
4bd0416e9854d13a5252f74d	4236
4bd05fadb221c9b63682d3d0	4237
4bd0720a046076b0ebee6f71	4238
4bd0eb4c77b29c7496d38b82	4239
4bd109f441b9ef3bdf6cfbe5	4240
4bd11530462cb713e2c9d907	4241
4bd11c1e41b9ef3b8a8dfbe5	4242
4bd1681b41b9ef3bcae2fbe5	4243
4bd1b25b046076b03e3f7271	4244
4bd1b262462cb713f8a0da07	4245
4bd1c4bc41b9ef3b1983fce5	4246
4bd2177d046076b055357371	4247
4bd2b968462cb7136be4dc07	4248
4bd2bba177b29c748c4c8f82	4249
4bd2d4589854d13aab5bfc4d	4250
4bd37f0ccaff95210619d5f0	4251
4bd38a44b221c9b66e0fdad0	4252
4bd39023b221c9b6fa1edad0	4253
4bd3c497046076b092ef7671	4254
4bd3dae7046076b086177771	4255
4bd3e0b0046076b01d207771	4256
4bd3ea6db221c9b6b5dadad0	4257
4bd3f473caff9521c30dd6f0	4258
4bd3f4c3462cb7131197df07	4259
4bd3f515462cb7137e97df07	4260
4bd3f5679854d13ac5f0fe4d	4261
4bd401e477b29c74300a9282	4262
4bd40a5c046076b0254f7771	4263
4bd444f2a8b3a5932a766b5f	4264
4bd44e2f41b9ef3bd6b201e6	4265
4bd474174e32d13a111cbf80	4266
4bd4edd329eb9c748aae92e1	4267
4bd542cc7b1876b050888a86	4268
4bd557cc6798ef3b4735638d	4269
4bd56dd66f649521fc006fec	4270
4bd57d7ecfa7b71328d025da	4271
4bd59be75631c9b6f052a430	4272
4bd6afa4637ba593a785f870	4273
4bd6b0f06798ef3b9d75658d	4274
4bd6b3024e32d13a50f6c280	4275
4bd6b4925631c9b60239a630	4276
4bd7787809ecb71313fd467c	4277
4bd7c9e9dc4b95216af47788	4278
4bd7dddd5cf276b01a2a9c00	4279
4bd7df01e914a5938f2452fa	4280
4bd7e5eef645c9b65ce0a6e0	4281
4bd7eccb0b779c742f2106a0	4282
4bd7ff2ae914a593cc4552fa	4283
4bd8054309ecb713bfeb477c	4284
4bd8461709ecb7132069487c	4285
4bd8be97e914a5937a5554fa	4286
4bd8fed511dcc92839b4f833	4287
4bd90a272e6f0f47c9a20908	4288
4bd90fe80f7cd13af75a7c9f	4289
4bd9173e0115c9b6ff777680	4290
4bd918122e6f0f47a6c60908	4291
4bd947dbe914a593bf1b56fa	4292
4bd9496c2e6f0f47da2f0a08	4293
4bd94ff60115c9b645f07680	4294
4bd95f0d11dcc928408ef933	4295
4bd96194e914a593ef4c56fa	4296
4bd962602e6f0f4780610a08	4297
4bd96d1711dcc928c4b2f933	4298
4bd975242e6f0f4708960a08	4299
4bda1c4663c5c9b64dc82268	4300
4bda30b7a8d976b0f4760cb5	4301
4bda51cf2a3a0f479dd3aab6	4302
4bda5640c79cc928889c7ee9	4303
4bda968bc79cc92873367fe9	4304
4bdaac55c79cc9289f5d7fe9	4305
4bdb6a4863c5c9b6b5e22768	4306
4bdbba53c79cc9286b4d84e9	4307
4bdbd19a3904a5934a354c9e	4308
4bdbe86ec79cc928a4c984e9	4309
4bdbfbe72a3a0f47583ab1b6	4310
4bdc028163c5c9b6e02f2a68	4311
4bdc02dc63c5c9b690302a68	4312
4bdc26d23904a59378fd4c9e	4313
4bdc2aa12a3a0f477eb0b1b6	4314
4bdc5b31c712b7131fbe63b4	4315
4bdcde19462b2d7f44ba113c	4316
4bdcf2b2b5acc928391c1cb5	4317
4bdcf640d71aa5934dd53329	4318
4bdcfcad3fae2d7f050282e3	4319
4bdd08424ffaa59375a86ef7	4320
4bdd11bcb0f5c928fcad4be3	4321
4bdd2392b0f5c92863da4be3	4322
4bdd24824ffaa59344ed6ef7	4323
4bdd410d645e0f47752e6b19	4324
4bdd6db3b0f5c9280a554ce3	4325
4bdd788cf219c9b6fca21210	4326
4bddef4ce75c0f472e33c603	4327
4bddf8b70ee3a5933c682fb0	4328
4bde3f8ae75c0f47be78c703	4329
4bde45990ee3a593539930b0	4330
4bde4fafffdec9286c75e8a1	4331
4bde52c40ee3a593b5ba30b0	4332
4bde5abee75c0f4716bec703	4333
4bde80326198c9b6111e14ff	4334
4bdeabab0ee3a593fe7031b0	4335
4bdec8c96198c9b6dacc14ff	4336
4bdef72517fdef3b0db34e36	4337
4bdef7fc17fdef3b3bb34e36	4338
4bdef8a817fdef3b5db34e36	4339
4bdefb1c17fdef3badb34e36	4340
4bdefc6917fdef3be8b34e36	4341
4bdf18e717fdef3b54b84e36	4342
4bdf3e78ffdec928d53beba1	4343
4bdf829a0ee3a593d8a034b0	4344
4bdf90310d69b713852166d3	4345
4bdfc19ee75c0f47c544cc03	4346
4bdfcf270ee3a593dc7035b0	4347
4be0f2b15567a59345f80b02	4348
4be0f9f9a7380f47bd0a19b0	4349
4be0fc63d816c928cf16efd9	4350
4be0feaac1732d7f67115b9a	4351
4be1048bd816c928c52aefd9	4352
4be12c19c1732d7ff9675b9a	4353
4be20cce1dd22d7fef3493bd	4354
4be21ce3660ec92874d7c83b	4355
4be241141dd22d7fc1d793bd	4356
4be29e6c1dd22d7fd26294bd	4357
4be40357d27a20a1aa75935b	4358
4be406f22468c928c32bfe42	4359
4be443639026ef3b719e0a38	4360
4be4c99e2468c9285358ff42	4361
4be4d3b2d4f7c9b6c7c82420	4362
4be4e6c6d4f7c9b6a5e32420	4363
4be4f932d4f7c9b61df92420	4364
4be550f3bcef2d7f09a503e5	4365
4be64095cf200f476870143c	4366
4be6542fcf200f47b384143c	4367
4be65c22cf200f476a8b143c	4368
4be65cc12468c928c05d0143	4369
4be6b2832468c9287c970143	4370
4be6b3905254d13a48a660e1	4371
4be76bcd9a54a59307ed0811	4372
4be781719a54a593e9020911	4373
4be7fb02a117b7139d5a81c8	4374
4be8171c4485d13a470294ee	4375
4be81b324485d13ad40294ee	4376
4be93179947820a1e7afb5db	4377
4be9a99c62c0c928dfebdfd4	4378
4bea177d62c0c9286088e0d4	4379
4bea247162c0c9286997e0d4	4380
4bea4a646295c9b68a4d8608	4381
4bea618e61aca59396b18300	4382
4bea692fb3352d7f9e2455d2	4383
4bea7a816295c9b6616e8608	4384
4bea97ff9fa3ef3b5d2680c9	4385
4beac2d861aca593f61c8400	4386
4beb6ce9415e20a1d065e6bb	4387
4beb7b0661aca593a12e8500	4388
4bebd0fea9900f4700311840	4389
4bebde1561aca5933c798500	4390
4bebe276ca97d13a65ae6c77	4391
4bec2a8561aca593cae38500	4392
4bec7587976ac928d309610b	4393
4bec8ad7976ac9289a30610b	4394
4beca1120ddaa593a3d91dc3	4395
4becaea60ddaa5936df11dc3	4396
4becd8d00ddaa593642b1ec3	4397
4becf6163372c928ea0e1114	4398
4bed1812e3562d7f0c88fef8	4399
4bed1a3f3372c928ed281114	4400
4bed1a4e9868a5938fea5c46	4401
4bed1ece91380f47bc709f18	4402
4bede385946c0f47d41da363	4403
4bedf6e44daaa593db8d8f61	4404
4bee265e4daaa593e1dd8f61	4405
4bee3ac13686c9b60154246e	4406
4bee5d2835dc0f47f6c43f5b	4407
4bef42a5f2712d7f288ffbd8	4408
4bef4875d1b7d13aa89bcdec	4409
4bef62862ff520a1c78ce8a2	4410
4bef853bea570f4753818fd2	4411
4befab0225afb7131cc34a6f	4412
4befc9fb51f2c9b662e8f092	4413
4befd71ec601a5938005c3d1	4414
4bf08fceb315c9b63d2e93ff	4415
4bf0ba3d3a15d13a2dea3e9f	4416
4bf10fa53a15d13a19243f9f	4417
4bf128cdb315c9b6d6a893ff	4418
4bf135213a15d13a46453f9f	4419
4bf1baeb189f0f473a9bb762	4420
4bf289d79319a5937808cb51	4421
4bf291881cd9d13ae3c8ed76	4422
4bf29ddea32e20a14266d557	4423
4bf33d4294af2d7fad523972	4424
4bf340e83f86c9b6d6ffb11c	4425
4bf34240cad2c9284cac9a99	4426
4bf343682d62952184f05f58	4427
4bf353b2e5eba593857e1e90	4428
4bf3d9ad706e20a18b9aa898	4429
4bf4024e6a31d13ae837952e	4430
4bf43b026a31d13a0f84952e	4431
4bf4c3dd370e76b0739abd4a	4432
4bf4c8e2e5eba593951a2090	4433
4bf4f1ce6a31d13a7353962e	4434
4bf4f378cad2c928407e9c99	4435
4bf4fa3ccad2c92870829c99	4436
4bf5005098ac0f47639864a8	4437
4bf507a0e5eba59308462090	4438
4bf53753706e20a1f428aa98	4439
4bf5d425004ed13aa27541a0	4440
4bf60e1b9abec9b6db4725e8	4441
4bf61dc85efe2d7fe5b56634	4442
4bf621f494b2a593830aadee	4443
4bf6349f004ed13a552042a0	4444
4bf63f2d004ed13ac92b42a0	4445
4bf6d34013aed13a5345eaf7	4446
4bf726e25ec320a1e18a86d3	4447
4bf77101abdaef3bd77ea184	4448
4bf774814a67c9288ec623cf	4449
4bf7a868508c0f476eda3d31	4450
4bf7c0404a67c928061924cf	4451
4bf8c17cbb5176b098755bb2	4452
4bf8d60b5efe2d7f2a756b34	4453
4bf9f29eb182c9b670ca795a	4454
4bfa12e28d30d13a6d330318	4455
4bfa40d0633d9c74a4060843	4456
4bfa9a24bc86952141f17a6b	4457
4bfaa1805efe2d7ff9dd6d34	4458
4bfb5bd7565f76b09a8105db	4459
4bfb77cdab180f47a3e5b3ce	4460
4bfb9c4bab180f47fc02b4ce	4461
4bfbbc98d2b720a19f50336a	4462
4bfbce6dab180f475b44b4ce	4463
4bfbd782d2b720a1537d336a	4464
4bfcae4bb68d0f4722c7e757	4465
4bfcda3e4cf820a1309febf4	4466
4bfcf8ec8992a593a260abb0	4467
4bfd3be1bf6576b0afecacb8	4468
4bfdfa2cee20ef3b91783c5e	4469
4bfdfac0ee20ef3bb0783c5e	4470
4bfe3739f61dc9b6c41ea0de	4471
4bfe459bb68d0f4748ece957	4472
4bff036468c7a593790e4044	4473
4bff83f3369476b08eec8d1f	4474
4bffa6926ed2b713756a82d7	4475
4c008a1834ccc9287ad2e1cd	4476
4c00a5419cf52d7f422e14e7	4477
4c00abb5df6c0f4767d18b22	4478
4c00c60a9cf52d7fcd5414e7	4479
4c00d08ead15a593d6818e73	4480
4c010230de3376b0fe1ef9a4	4481
4c01ba9a1747a593da065eca	4482
4c01d0ea27dcc9287d38e152	4483
4c01e60d1747a59339525eca	4484
4c02165e8ef2c9b6d29a16fc	4485
4c02ea92187ec92861f5b47b	4486
4c032db9f423a59306f9cf16	4487
4c033003310fc9b626a7c561	4488
4c03345139d476b0cae02fa7	4489
4c03b98f58dad13abd264897	4490
4c03e3dd39d476b02aac30a7	4491
4c04850973a8c9b61c4196e0	4492
4c04c5070d0e0f470360049a	4493
4c050ea539d476b09c4532a7	4494
4c05fa7e8f8fa59382acf20d	4495
4c06002f70839521c21d7bce	4496
4c0721590ed3c928c331797d	4497
4c07820db4aa0f4751ac6562	4498
4c084305bbc676b0e15046d5	4499
4c088080340720a127578393	4500
4c08d732ffb8c9b636d36861	4501
4c08d763340720a1b2b38393	4502
4c08fff97e3fc9283025f182	4503
4c09c98b6071a59317a2de32	4504
4c09d200340720a1458e8593	4505
4c09e7f3ffb8c9b643d16a61	4506
4c0a0ba2ffb8c9b602fa6a61	4507
4c0a240b35ac9c74878f85f7	4508
4c0a79a335ac9c74c89f85f7	4509
4c0aff837e3fc92889aff482	4510
4c0b30b56071a593eefde032	4511
4c0b3b07009a0f4708e4eabf	4512
4c0b43b37e3fc9283622f582	4513
4c0b52f1340720a167088893	4514
4c0bc4a5ffb8c9b646af6d61	4515
4c0cbbd8b1b676b0c578df86	4516
4c0cc41398102d7f001ae106	4517
4c0ceaddb1b676b0deb7df86	4518
4c0cf43ab4c6d13aed850c30	4519
4c0d02ebb4c6d13a078a0c30	4520
4c0d9c60d64c0f47330b275d	4521
4c0dbc74d64c0f470f3e275d	4522
4c0dd124336220a18a5acb77	4523
4c0dd208336220a1815bcb77	4524
4c0f482ac6cf76b003188251	4525
4c0f49c3d64c0f47d892295d	4526
4c0f502e98102d7f850ee506	4527
4c0f742698102d7f2f32e506	4528
4c0fbb9896fc95218ef8c0cb	4529
4c109755b93cc9b60c0357e0	4530
4c10ac71f1b6a593663d7c27	4531
4c11cd99d55995217e5118b9	4532
4c12ec0b583c9c74f2573fa4	4533
4c130267a1010f47cd064a18	4534
4c1302b77f7f2d7fa67ade68	4535
4c1341a0a9c220a10c86559d	4536
4c141893a1010f47c2e64b18	4537
4c145ee0a1010f4711714c18	4538
4c14ba47a1010f474ddd4c18	4539
4c1580d7b7b9c9282d1fad37	4540
4c16d336a81db71331bc85e7	4541
4c1735ba74fb20a1d4445112	4542
4c1876cb4b8bd13a1c734c83	4543
4c1899236a21c9b6f136c997	4544
4c18fe2d6a21c9b670d6c997	4545
4c1abe943b2ab713fe053325	4546
4c1b11c8eac020a1045944c2	4547
4c1b3258b9f876b0ccdd7946	4548
4c1b48cbb9f876b0c9f47946	4549
4c1b527463750f475aa2b467	4550
4c1c0a678b3aa5936d42985f	4551
4c1c9e4ab306c928252364b7	4552
4c1d6a9db9f876b052a57d46	4553
4c1d93e0eac020a1218c48c2	4554
4c1db88bfcf8c9b66a50ac0b	4555
4c1dbabbeac020a19dc348c2	4556
4c1dc69463750f47dad9b867	4557
4c1dcb58624b9c74f4021304	4558
4c1dcbb5624b9c7407031304	4559
4c1df995b306c928755966b7	4560
4c1e048bfcf8c9b6f39aac0b	4561
4c1f5921b4e62d7f4776df93	4562
4c1f90eaa34cd13af60a7d74	4563
4c203217b306c928ffa769b7	4564
4c2044b08b3aa5937dc69e5f	4565
4c207507b306c928d0ec69b7	4566
4c2138c899282d7f124465b0	4567
4c2176a299282d7ff5b965b0	4568
4c21f3d111de20a1240384ce	4569
4c21f6ad9085d13a8e7b85cc	4570
4c2303099a67a593d26fdd87	4571
4c230ac499282d7ffb1768b0	4572
4c2316b999282d7fab2268b0	4573
4c242fdbf1272d7f23c182c5	4574
4c243acdb7b8a593763f3ce8	4575
4c24733ab7b8a593ee7b3ce8	4576
4c24a688b012b713f3860893	4577
4c24cf20f3859c7444086588	4578
4c257ab0905a0f47e0b66160	4579
4c25a4dff7ced13a8b0a256d	4580
4c26872d905a0f47e57b6360	4581
4c26877aa852c92812d8e66c	4582
4c26b41cc11dc9b67f862924	4583
4c26bb42b012b7130af00893	4584
4c26cde1f1272d7f665387c5	4585
4c26ebc8c11dc9b6c9e72924	4586
4c26fccf5c5ca593ee2f47fe	4587
4c273930f1272d7ff8d687c5	4588
4c2839c29fb5d13ab2529957	4589
4c283bf497d00f47409d3fea	4590
4c2969f6ce3fc928e9cc6e88	4591
4c29d6dfed0ac9b67b4e62aa	4592
4c2a49d5355cef3bfbf8cc56	4593
4c2a8352d1a10f474993f664	4594
4c2ad1448abca593b450ff1f	4595
4c2bc6d857a9c9b6d574f667	4596
4c2bf7fe8abca593441c0120	4597
4c2d5e0c7d85a593e79c52f3	4598
4c2d76ee7d85a593d0c252f3	4599
4c2d832de760c9b6ec164549	4600
4c2de7441683b7138a7626ec	4601
4c2e9d423896e21e3da9e290	4602
4c2ea57da0ced13a77500f6e	4603
4c2f320d213c2d7fab63305d	4604
4c301d4e16adc92834cdbe9c	4605
4c301d93ed37a5935b856803	4606
4c302fd53896e21ef548e590	4607
4c30482a452620a123f81e0f	4608
4c30508ced37a593d1be6803	4609
4c322b79213c2d7f7f01355d	4610
4c32dd7da0ced13a9ac7156e	4611
4c33ba6e66e40f47497ec88b	4612
4c33e94866e40f4743d8c88b	4613
4c33ed8d3896e21e09e5ea90	4614
4c35b4d83896e21ec18aed90	4615
4c36a6ea18e72d7f1e4b15f5	4616
4c36fcb4dfb0e21e14eaaba8	4617
4c37d25a18e72d7f635617f5	4618
4c37f14aedba9521c7f7d525	4619
4c37fdd13849c9286cd7beb1	4620
4c37fe3f2c8020a11d2d8a00	4621
4c3826dcae2da5930f4200c6	4622
4c384131ae2da593166000c6	4623
4c3848f10a71c9b6ff6440c9	4624
4c384f3e93db0f474f592192	4625
4c387af118e72d7f215918f5	4626
4c38fa49dfb0e21ea4aaafa8	4627
4c394b4b18e72d7fb0171af5	4628
4c396ad12c8020a179c08c00	4629
4c396cc93849c928b65fc1b1	4630
4c3a9587be4620a1a9210b13	4631
4c3a9ecc1a1cd13a982cb50d	4632
4c3ae82bbe4620a111750b13	4633
4c3bd1425810a5932d3fbb3c	4634
4c3be6197d002d7f3bd1ad18	4635
4c3c5f63933b0f4720ebe321	4636
4c3c815c980320a1f4b88ae4	4637
4c3e2b936faac9b6d6d70d76	4638
4c3ea49a83a3a5933070ee33	4639
4c3fd2b3ff711b8db1960f05	4640
4c3fe15fff711b8debaa0f05	4641
4c4008dacc410f471418a961	4642
4c40165ed7fad13a147c05da	4643
4c405db2da3dc928072ec7b9	4644
4c415399a5c5ef3bc736b06f	4645
4c4166bdda3dc9286eeac8b9	4646
4c425c70ce54e21e499f0c1a	4647
4c42657ae26920a1261360e7	4648
4c42aa1ad691c9b6bdc58e0a	4649
4c42fb5ece54e21efc660d1a	4650
4c43a2a12d3ec9b602dd2dae	4651
4c43af73dcd61b8df3667a56	4652
4c43b0c3da2176b0fe98627a	4653
4c43cdbcdcd61b8dd4907a56	4654
4c43d0e22d3ec9b60f1f2eae	4655
4c441f5574ffc928941775cc	4656
4c44238056a7ef3be928ce21	4657
4c454a6f2d3ec9b63e1930ae	4658
4c45570bdd1f2d7fa51c81f9	4659
4c46923e49fa952165e75562	4660
4c46c0d9c047be9a5e6a2e79	4661
4c46d98319fde21e18640676	4662
4c47954219fde21e66de0876	4663
4c481f4f31e41b8de2e94e35	4664
4c4aa37e5609c9b6f0e1f68f	4665
4c4ac8ff712ac9284718f46b	4666
4c4add89959220a1f6d9b90e	4667
4c4bbb78712ac92889354b6d	4668
4c4beaa9bad7a593e6c284ac	4669
4c4ccc7cf5afa593eb4985d6	4670
4c4d20f0e906c9280052783b	4671
4c4e1bf451c2c9289802d69d	4672
4c4e57519932e21e624d97cd	4673
4c4e66bbfb742d7f967f402e	4674
4c50cd08250dd13af8aa257c	4675
4c50e687250dd13af6ee507c	4676
4c5103bd0f39b7136bb50e00	4677
4c513de4250dd13a41a4e17c	4678
4c517de0d797e21e1f5b207c	4679
4c5364f5728920a1bb6ffe80	4680
4c53ad814623be9acc9f80f1	4681
4c53d30cfd2ea593b8931429	4682
4c53d7f55b839521b1e3b731	4683
4c53fd36728920a1fea00082	4684
4c54e77172cf0f47229246d5	4685
4c555a0c728920a1d3404284	4686
4c555d3130f92d7f191ffdbb	4687
4c563e1fcc96c9b68377762e	4688
4c5641037329c9283a628c80	4689
4c5647082308be9a02bb566c	4690
4c5776e215a39c74004f3eb9	4691
4c57a55a6201e21e5e581e6f	4692
4c589d0667ac0f479b4a024c	4693
4c5934226407d13a259ab128	4694
4c5a6fd504f9be9a5bd6f160	4695
4c5aa4f32091a593e5c45fd0	4696
4c5aa8015c57c9b676b11d4a	4697
4c5b43af7735c9b661408972	4698
4c5babb87735c9b624648a72	4699
4c5cc1947f661b8ddea8491c	4700
4c5cd53d2815c9285866b367	4701
4c5cff51857ca5936cdccbcb	4702
4c5db78b9b28d13ad5675a70	4703
4c5dece5d25320a1f884c77a	4704
4c5e62757f661b8d5a2e4e1c	4705
4c5f6b3890b2c9b61ac73a22	4706
4c5fa9f8cd522d7f749acc3f	4707
4c5fbac254ac0f476820b421	4708
4c61e84bedb29c74ad3922a7	4709
4c6202d9e1621b8d20a62253	4710
4c626c2386b6be9a09078c34	4711
4c629091de1b2d7f1378e270	4712
4c62b18286b6be9a52a18c34	4713
4c633eb4e1621b8dc5972553	4714
4c637250edb29c740cdb39a7	4715
4c638ba779d1e21e0903d915	4716
4c63ce7d4b5176b010261717	4717
4c64116e58810f47652b0b1e	4718
4c6466a87b241b8d1b38c4ac	4719
4c64fc853f69c9b6621e8ad9	4720
4c65480fc74c1b8d3a9eb383	4721
4c65f3347abde21edb646268	4722
4c65f9ef7abde21efb7d6268	4723
4c660178c2ead13a53dfb280	4724
4c671a20e75ac928fca6f9da	4725
4c6736889cb82d7f6d2893d2	4726
4c679554f7a80f47b3aca17a	4727
4c67ce5019f3c9b66eafa3ff	4728
4c67de1d8e9120a1dc7cdb64	4729
4c690fd18e7c0f47f299de0f	4730
4c691184d7b7ef3bc312c35d	4731
4c699ef6d0bdc9b6a371a60b	4732
4c6a16c41a6620a19367658c	4733
4c6a35cb35d3be9a13652106	4734
4c6a45212c29d13a06660d41	4735
4c6a4cf62c29d13a6d710d41	4736
4c6a761f897b1b8d2dbeb117	4737
4c6aa5503bad2d7f32e6b2ee	4738
4c6c6014e13db60ca3ead5b1	4739
4c6cb07ef2846dcbb8d063e9	4740
4c6cf29265eda0933f474dd0	4741
4c6e6b7406ed6dcb4b8aa622	4742
4c6ea27df323bfb72ebd2499	4743
4c6f5d9fd97fa1436e0bf3ca	4744
4c6f62d3b5a5236a974a4d52	4745
4c6fe3ab9375a09339230537	4746
4c6fe930b5a5236a92754e52	4747
4c7064f1df6b8cfaeb43b84d	4748
4c709686d274b60c3e5bda0d	4749
4c70d9a09375a0939d630837	4750
4c7390d54bc4236afb2ece7a	4751
4c73aae89e706dcb9fef4d62	4752
4c744eadd8948cfafcae64da	4753
4c74b5dd66be6dcbfc8ebe0f	4754
4c750b8a66be6dcb6d32bf0f	4755
4c76444aff1fb60c5e5ff8a7	4756
4c77472093faa0938b93f0fb	4757
4c775cda93faa093a2c5f0fb	4758
4c778d075cd6b1f7a4543f94	4759
4c787720dbaa76b0144f154b	4760
4c787811dbaa76b08854154b	4761
4c7ade6bbd346dcb0debf9ef	4762
4c7c7a1fa141b1f7da6c6b79	4763
4c7cc938247cb60cd2fa5e5e	4764
4c7e7dbad598a0932aedc562	4765
4c7efe71171b224b3db80fb1	4766
4c7f41fe171b224b106d10b1	4767
4c7f8a64d860b60c480f619d	4768
4c8053bd74d7b60cbff16cd8	4769
4c80a6ca74d7b60cf67d6fd8	4770
4c80bf182f1c236afd252943	4771
4c80e15cd34ca14371b41c80	4772
4c80e83edc018cfafb3dc06c	4773
4c8193cc647db713fd4f04bb	4774
4c81b9b451ada1cdc2271610	4775
4c81d7d8e602b1f7b536977a	4776
4c81f38ed34ca143dbae2780	4777
4c81fdd3d4e23704485a6388	4778
4c8313e574d7b60c8f2387d8	4779
4c837cbb74d7b60c911a8ad8	4780
4c842295d34ca14345243c80	4781
4c84576ad34ca143dd493e80	4782
4c85a779e602b1f76bf1b97a	4783
4c87044bf554236a43dcc955	4784
4c8706d1b504a1433e98b31c	4785
4c8743aef554236af371cb55	4786
4c87955ed92ea09395277772	4787
4c87aa86b504a1438e55b81c	4788
4c8a9bf01eafb1f7c6d87b35	4789
4c8adeb59ef0224b66335f7b	4790
4c8bfd678018a1cdf88ae8d2	4791
4c8c32bcf0ce236a2e3d16ef	4792
4c8c884655fba09339a760ab	4793
4c8cc6c9ed3ab60cc6836a21	4794
4c8ef9f81992a1cd7667e2fb	4795
4c8f326af9c1199c8b6bbe49	4796
4c8fa015960a9c749557187d	4797
4c9033c6d38dbfb7cbec03e2	4798
4c90356f590ab1f7c2b9e57d	4799
4c90c4927f3b8cfa19bb961e	4800
4c9150c757e5b60c3aa15f1c	4801
4c919837ae96a093d919a546	4802
4c92c8dd911b8cfaeb8ff0b5	4803
4c941cf50341370458436fef	4804
4c9458e182b56dcb2da7ceaa	4805
4c946ecbf244b1f7713e221d	4806
4c95b4b158d4b60cb71f3529	4807
4c95ea97f6c8ef3b3d1e7fcf	4808
4c9603a8533aa093cdf2cd45	4809
4c9606277605199cc9debfa3	4810
4c970c02f7cfa1cdda4ecb15	4811
4c973c86533aa0934203d845	4812
4c9aea6c9c663704dc035dfd	4813
4c9b010c78fc236ad47a3a97	4814
4c9b5712d4b1b1f722c4d735	4815
4c9c10299c48236a430d4bee	4816
4c9c11488afca0937557ea15	4817
4c9c6a059c48236a1cb14dee	4818
4c9d71e52fb1a143e2f7e040	4819
4c9dc17d54c8a1cda7d8864b	4820
4c9f03347c096dcbbaefdad1	4821
4c9f05fa54c8a1cd2d92934b	4822
4c9fe1a00e9bb1f7e37df45f	4823
4ca072288afca093bb701216	4824
4ca1863779d9b1f7e654c099	4825
4ca189ab27d3bfb797174067	4826
4ca31e37554b236a5e962348	4827
4ca3699f750ca09344a71867	4828
4ca410cef832a1cdf847a3e5	4829
4ca49650f832a1cde23ea7e5	4830
4ca56d7697c8a1cdff1f67a5	4831
4ca987abb0b8236ac230bee6	4832
4caab98476d3a0936032266b	4833
4caf01c139458cfaa0a1f69f	4834
4cb017b8c5e6a1cdf279d2f6	4835
4cb139ed562d224bf38b1d88	4836
4cb16fe4eb65b1f7caee74cd	4837
4cb26c6f6c269521af0db9d9	4838
4cb2a1a81463a1432adeaea9	4839
4cb2b721cbab236a19bcb273	4840
4cb2c0cacbab236aaff2b273	4841
4cb5364cf6616dcb8039d608	4842
4cb57c541b0af04dd174c925	4843
4cb6a9f1f6616dcb78dbe008	4844
4cb7a2d07148f04d88fac9ab	4845
4cb7ab547148f04d6747caab	4846
4cb7f8a390c9a143b7ee7bd6	4847
4cb836e19552b60c2f82ca8b	4848
4cb94f604352a1cde4d28bf5	4849
4cb98a8823a4199c4874ed89	4850
4cba6534dd41a35d5a38e8a0	4851
4cba8bdb7148f04db278ddab	4852
4cba8fc34c60a093493147ca	4853
4cba93cb4495721e1f40517a	4854
4cbaa67f90c9a143173490d6	4855
4cbb76b87148f04d0386e2ab	4856
4cbcdcc07148f04da90aeaab	4857
4cbcef1176ad9c74e642e8cb	4858
4cbd6a5543ec6dcb7e9fb631	4859
4cbd83e143ec6dcbc131b731	4860
4cbe56ee9ca85481345cb016	4861
4cc11a535684a35de7d7b60d	4862
4cc12f07668db60c435312b4	4863
4cc130a367a3b1f7302cc70e	4864
4cc2638e06c2548178c78947	4865
4cc2833bbe40a35d1149724c	4866
4cc29f401e596dcb9c5cc467	4867
4cc4bca9b2beb1f76dc21e4c	4868
4cc557b8306e224b6443a26c	4869
4cc62e6606c25481d7f8a047	4870
4cc6367606c254811e2da147	4871
4cc6540701fb236a37d7b6ba	4872
4cc698848062468877bf422f	4873
4cc773888c5b236a37a3f96d	4874
4cc7aadabe874688510480af	4875
4cc91b89e7926dcb1d6f5a77	4876
4cca74673a78199c6371dd36	4877
4ccaabcb4703ef3b3d31705c	4878
4ccb856db5cdbfb71e0486c1	4879
4ccbd50c97d0224b7bf95bb8	4880
4ccc010f7c2ff04d86ff957e	4881
4cccb29d72106dcbfff89d99	4882
4ccd084597d0224b372064b8	4883
4ccd2ae1c0378cfaf3de8b48	4884
4ccd4b4ec0378cfae3938c48	4885
4ccd65dc566aa093728a27fd	4886
4ccec1f6ee23a14391d92da8	4887
4cd0f4877561236a72542ff3	4888
4cd149f26200b1f70fe0d828	4889
4cd20cb048b8370406edfcde	4890
4cd36a3c9828b60ca59bd584	4891
4cd3877b558a3704b3f3c1a6	4892
4cd38892558a370472f9c1a6	4893
4cd38cd7baf2f04d0ca4afa3	4894
4cd3edbe558a370455f2c3a6	4895
4cd3ee624944721e8423efa6	4896
4cd4ebd967c7236a1a381077	4897
4cd50ce289eb6dcbee4f261e	4898
4cd52b5fab19a09341953deb	4899
4cd5496194848cfa5b29e5b1	4900
4cd66221a42b236a44adf508	4901
4cd88169a99d370488c305ce	4902
4cd8e443145fa1cdbfdb08bd	4903
4cd922177d454688ca0befed	4904
4cdb90e2d4ecb1f7759d7a48	4905
4cdbb05edf986ea889bccb16	4906
4cdbb8894006a143e229dab2	4907
4cdbbcbf958f236acc88ae03	4908
4cdd366a930af04d19a09497	4909
4cde581ac4f6a35d7759c96c	4910
4ce0a254f8a4a1438510e6bc	4911
4ce1d279c4f6a35d3c79dd6c	4912
4ce30e583468236a34c15c36	4913
4ce4f953b43737046644f6ce	4914
4ce5d291f1912d4373d5bf09	4915
4ce62908595cb1f75ac4ba14	4916
4ce66122e1eeb60c9f5896ae	4917
4ce7dfc894daa090419a1c29	4918
4ce8d084b99754815109ff44	4919
4ceaf610d99f721eed3ebe73	4920
4ceb3733e1eeb60c0b79b2ae	4921
4ceb8d7a948f224bdf54015e	4922
4cec98c4b80da093b0821d00	4923
4cec9db113aea143694c629f	4924
4ced24334cd4236a4c4ca663	4925
4cf0b1ff6c29236af44f61a2	4926
4cf232837e0da1cddf4a9697	4927
4cf388b88333224ba0fc158e	4928
4cf42ca27e0da1cdccb8a097	4929
4cf4be101c158cfaf73de5b5	4930
4cf5064b7e93f04dc6666069	4931
4cf5e532d3a8a1cd326ace43	4932
4cf63e35c28df04dc6b8c915	4933
4cf7243c71538cfa78fab92e	4934
4cf74941eb096ea8a128ca48	4935
4cf88f63a348f04d55d3f85c	4936
4cf9c134ee9cb60cab5586ad	4937
4cfb18967f2db1f7bbd02bd4	4938
4cfb2d492d80a143d2154ad8	4939
4cfb3740c51fa1cdc6c3e52b	4940
4cfba8df2c645941bb58434a	4941
4cfbbb80e64b60fcc17657a8	4942
4cfd826c20fe37045afb5ff8	4943
4cfdeeced8468cfa4704036c	4944
4cfebb7dd7206ea8b5d64f69	4945
4cff0bf02685a35dcc8dc190	4946
4cff504a202e224b5c7aad2a	4947
4d0092f90457b1f7fc053278	4948
4d00a87d75d3236a61a6ebf7	4949
4d00bcca6edfa093788f0d15	4950
4d00f27275d3236a6e4cedf7	4951
4d019db718ff8cfab7e3bf57	4952
4d03082c54d0236a6ab7e6d5	4953
4d035d0d347da1cd8c03258f	4954
4d04368a30a58cfa13309ee7	4955
4d0499d537036dcb1efe11fb	4956
4d05583b30a58cfaf3e3a4e7	4957
4d06a86730a58cfadd1aace7	4958
4d06f54d7d9ba35df0ee7223	4959
4d0709157d9ba35d344b7323	4960
4d08244e790fa0939f1cc273	4961
4d096e28e023224b79f45ad2	4962
4d09968a8ea0a143ed7fe173	4963
4d0b679127f8a35dd3b42b13	4964
4d0c0c715c46a093214206b4	4965
4d0dcb5deea9b60c6793603f	4966
4d0dcfc2d515236ace840f4b	4967
4d105e7771e8a1cd9d5680bd	4968
4d12f64337f1236a5a087e1b	4969
4d1303ff37f1236a5b567e1b	4970
4d140765bb64224b2da5a965	4971
4d16d4f781cea35d5daee2ec	4972
4d1898e38312236a0f0066ba	4973
4d1adc19d6868eec976caf52	4974
4d1b2f2a6526a35d7c650d16	4975
4d1c489c2a2a8eecad3b2c2c	4976
4d1c70a47e10a35d342eff82	4977
4d1cc2996cf9721e6f8c2867	4978
4d1e91b516cfb60ca8f44961	4979
4d21b7d10901721e36f99ca5	4980
4d22a5fcf7a9a143cf67419f	4981
4d2697883c795481402bbd9b	4982
4d26d6a1849f37046bd26241	4983
4d28e42d888af04d4c1fcaaf	4984
4d294b0255a8b60cc8d9d5c0	4985
4d2a97d8467d6ea8de8ad995	4986
4d2acb09068e8cfab9e8dc4c	4987
4d2efcc94377224b3e2b1338	4988
4d2f6dd82748b60c95a7d2a0	4989
4d303a142748b60c8d93d9a0	4990
4d30582c236aa143fe7553eb	4991
4d32df0d2e56236a52f020b4	4992
4d330bf1c6cba35d2c12277a	4993
4d3513eec6cba35d1876397a	4994
4d353dfb6c7c721e724dc956	4995
4d379456b8d5a090688dfe1f	4996
4d38ce7a4215f04dd06bccf8	4997
4d3a309d0edc5941c4f88dec	4998
4d3a584097e0a1cdb5456d3e	4999
4d3a893bfa736ea8a252178a	5000
4d3b93b944f5a093e102c5bb	5001
4d3baa05cc4c594190f81be6	5002
4d3f83689ccacbff4db04ad0	5003
4d460b44fcb7ba7a623da1f0	5004
4d48ad939544a093b66420e7	5005
4d496c8848a06dcb762b6fa2	5006
4d4b807957b2a1cd3c2ce782	5007
4d4bb2e5b496b60c8ac5c700	5008
4d4f27c5f6acba7ab411f7b5	5009
4d4f5d48e02754812c2296b6	5010
4d4f5f044015b1f711815bcf	5011
4d4f7ca4e02754817b6d97b6	5012
4d5127ab80df88bfd1e1f597	5013
4d523b2e3626a093328d2cbd	5014
4d526ef4e02754816d6eb4b6	5015
4d53cdf0bbbf370450c73878	5016
4d55b3599e508cfa3f60039b	5017
4d55f9147afeba7ad4a82856	5018
4d56cb97c0432d432330fcb1	5019
4d58f0637e223704e2e0aa73	5020
4d58f624fe7c224bde7172b5	5021
4d59b03d4d9a721e86cf430e	5022
4d59b23c4d9a721e0fe5430e	5023
4d5a0c368492a1435dd62e27	5024
4d5a742c9b302d4316452c34	5025
4d5b852c1287a093dd9b2056	5026
4d5c6961ff226a31e30b7769	5027
4d5e0050b6b9a1cd69b25d51	5028
4d5f02d5922960fcf2a45f8b	5029
4d61df5aef378cfa849990a6	5030
4d635518b13a2c0f7351ba48	5031
4d6378e479deb1f7c0b21a11	5032
4d64514f897a224b1a5b1fcf	5033
4d65a06913a6236a9cfb9068	5034
4d65f2e72b0b5941f7f44629	5035
4d6721cb9792b1f79b5c3a1f	5036
4d6779f758ee8eec724e6827	5037
4d6790c4c406f04d0395ef4c	5038
4d685ae6b6f46dcb6f7412b2	5039
4d6865881b63a1cd3501322d	5040
4d689f849bd6a14354e353df	5041
4d69a46cde28224b27ff45be	5042
4d6a0dcafd7ea35dad9fad4a	5043
4d6b10836107f04d4cf82a7a	5044
4d6b6862994f224be8eb13eb	5045
4d6cdd3c1dfca35d169b3fe0	5046
4d6d81efa6ff721ef4e3c420	5047
4d6db30b2c542d43d45473a6	5048
4d6dee702c542d4322b575a6	5049
4d6def142c542d432bbb75a6	5050
4d70c57b9afdb60c268c3752	5051
4d71bbb427ddb60c923bc31b	5052
4d71e071d976236a4f20fe78	5053
4d72da1b2d6ca090aae73350	5054
4d72df910d0ca14391c0b083	5055
4d7433a07e5fa090e3bf1ae4	5056
4d754bddfe1b721ea5ebb81f	5057
4d75f518f5e4b1f7b6ecfc86	5058
4d76ce7ab890b60ca6ddf7ab	5059
4d777f949ee9a35d0c5cb3f8	5060
4d78dcdbd05160fca5b480ca	5061
4d79969a1bf03704827cd3d5	5062
4d7a91ea96e3cbff23998341	5063
4d7c639c7498a1cd29647dfc	5064
4d7c7e72136bf04d74a0608d	5065
4d7cb65c86cfa1435ce4cea0	5066
4d7f0ba06174a35d7cc69303	5067
4d81f2c86282721e553ce84d	5068
4d81f94321c0b60c39ade36f	5069
4d829d4c40a7a35db4c0e5bd	5070
4d829edcf9f3a1cd196e9064	5071
4d842a295ad3a09378cfcafd	5072
4d8466e1f9f3a1cdf718b564	5073
4d84a5f8f9f3a1cde8a3b964	5074
4d85872dd5fab60cd434fa9b	5075
4d858d80f1e56ea8053c8d8a	5076
4d85de289324236acb9dd70e	5077
4d85e73240a7a35dd5fc29be	5078
4d86a2c2f974cbffe6f905ac	5079
4d87334799b78cfaaf51f31f	5080
4d875f4011da6a31e5dcd162	5081
4d89541776e1236af8620343	5082
4d899c5276e1236ada6c0843	5083
4d89b676cea64eb937f43c66	5084
4d8abbea7139b1f7b5b4d1d4	5085
4d8aef36f6528eec82d1911b	5086
4d8b11f27d4c5481eca57571	5087
4d8b43527d4c5481f6b17971	5088
4d8b43be6daeb60c7b3775e0	5089
4d8c6c743753548142db5056	5090
4d8dc059d00a6ea88995a84f	5091
4d9014acca75b60c90f921a9	5092
4d90165c788c548157b45dfd	5093
4d90808f5091a1cd0554bc01	5094
4d91ad7dd5f28eec8bbe453e	5095
4d95a92a744f3704c825a557	5096
4d964422f9574eb9c3042694	5097
4d96be69af3d236a7d7c12c7	5098
4d96e7bbaf3d236a32be15c7	5099
4d97f1599079b1f78ce9200a	5100
4d9a711273df8cfa41dadfec	5101
4d9a87659298b1f7d4e64338	5102
4d9a88f3422ea1cd89d5e84c	5103
4d9bdad0b8b2224ba7288a55	5104
4d9bf6b7f41ba1439656ecb3	5105
4d9c07898dd36ea830736766	5106
4d9c07c56e88b60c059b3ae6	5107
4d9c0af181f6f04dcabe81aa	5108
4d9c4c67b75a721e987d67c1	5109
4d9c66bf83f36ea8fde49f94	5110
4d9c8cad83f36ea87caca394	5111
4d9cb3f283f36ea8dca1a794	5112
4d9e94082064ba7a71d63f4d	5113
4d9eaabd36818cfa895af900	5114
4d9ee948ded9a0933ac5f806	5115
4da13bf3d686b60c1dbea128	5116
4da160fab1c937041678cda1	5117
4da232f89935a0933dacb06f	5118
4da24001c6e96ea8fc05d25d	5119
4da24d7022a5f04d227a0e55	5120
4da2683922a5f04df4921055	5121
4da27a0f2939b1f72c390b57	5122
4da2a657bf22a143c6bfb6f8	5123
4da4f55f4b22546389c544d7	5124
4da701016a230db30ece8f4f	5125
4da79b3ffa8c4175d0a662c8	5126
4da83370cda119a2c8f754ef	5127
4daa46e75da3ba8a4788194e	5128
4dab87b65da3ba8a47a407d3	5129
4dad102193a0faeb8dbbc387	5130
4daeaffc8154d1d4886ae59c	5131
4dafb579f7b149e03f3a66a9	5132
4db15a454b22ba776d8023fd	5133
4db25f2c4df053200617f178	5134
4db3a8dd6a23c31a03081e66	5135
4db516b81e7248d135adcfbd	5136
4db5a433432d4bbfa19f7d4b	5137
4db6c2d9cda1c57c82896edb	5138
4db822f80cb6cc307a6cc92c	5139
4db8da5b93a0f369e86372dc	5140
4db928c1f7b1b4c54f4b24fe	5141
4dba5f0c0cb65435c52b21c5	5142
4dbb6cf96e810768bf451352	5143
4dbb80b393a08f9274a72072	5144
4dbb89054b222080d37b83b8	5145
4dbbb0594b222080d37efbd4	5146
4dbccd214df044e524ee8792	5147
4dbcdaa5f7b1ab37dd6a38e5	5148
4dbcedf46e810768bf6bdd78	5149
4dbe31c4a86e0e98a20c85e9	5150
4dbe6951ced7ea5898dbeb1e	5151
4dbf540ccda12687c832789d	5152
4dc0991eb0fb1c18ee5090dd	5153
4dc0ec091838710f437169a1	5154
4dc0fc271f6e7441cf438c08	5155
4dc11ca445dd472e9b6f7348	5156
4dc28b0efa7608e86fdb2467	5157
4dc3d31a18387d1bd51276bb	5158
4dc3d58d1fc7499412772e2c	5159
4dc4da67d164eb9c9fe0c575	5160
4dc5cc2545dd2645527ae55a	5161
4dc75f481520cca629d1b784	5162
4dc8a6077d8b549a55f43a55	5163
4dc9a914d4c076ee2c01e60f	5164
4dca6fe7e4cde9e42f856bb5	5165
4dcc67deb0fb44b81e45b239	5166
4dcccdabe4cd130e163f123f	5167
4dcdabf8b0fb25f6e330726d	5168
4dcde71422718eed7a2b945c	5169
4dce1c3cc65bdac71359ab73	5170
4dcfaafed4c065592f9d8235	5171
4dcfb25eb0fb25f6e3632ebc	5172
4dd04fcd183899ddfb02624c	5173
4dd11b76d4c065592fbdc11e	5174
4dd25d6b45dd9197faf33e79	5175
4dd3951cd22dc96be80944d4	5176
4dd5208be4cd1c4babc98275	5177
4dd5e602b0fb8af3806126d8	5178
4dd62153ae60680f14e63510	5179
4dd6362e1838b8561cc6f379	5180
4dd77a471838b8561ce7eb06	5181
4dd86be245ddced820a0b2d1	5182
4dd86e71e4cd37c893c5c0b2	5183
4ddb271a1f6ec500df632e8f	5184
4ddb7583d164b4610a60f736	5185
4ddc3fedae60d6fc1588fd08	5186
4ddcb3741f6e54b34d902ef2	5187
4ddcd54f45ddaa53edb12ae1	5188
4ddd9e5d1f6e03694731fe6b	5189
4dde4065d4c01aeee8f82ca4	5190
4dde4a2152b155583dfdeb79	5191
4de1cd5f8877bcb686364267	5192
4de30ded2271bfb844ab481c	5193
4de30eabd22d2a4ecdd5d075	5194
4de31382d22d2a4ecdd638e0	5195
4de423dc922e6f93852e6c74	5196
4de43598d164df8575259e11	5197
4de4bd833151aec9e5cd2088	5198
4de4f561d22d2a4ece0097ab	5199
4de508528130cfd90980d9e9	5200
4de5d46dd16480416491f889	5201
4de74b34e4cdfedb8a9a1b0c	5202
4de74fb0c65b4e07dafcbce8	5203
4de7542ab0fb2165e1a2b876	5204
4de7aaa26365894c5122cfd6	5205
4de9b61bfa76cc1b8ad2e5fa	5206
4de9dfbf52b11677f02cd73e	5207
4dee450cd22deb0316f26bd1	5208
4df0fad7ae6066d602d888b4	5209
4df1501ce4cda09e6d99c595	5210
4df1a30545dd4e269338ec28	5211
4df2094eae609e69dd936f7e	5212
4df2bd8efa76abc3d86aacae	5213
4df2e377b0fb807158c0a957	5214
4df326f4b61cbd3ec01a3499	5215
4df37e30ae609e69dd99b51c	5216
4df444667d8b18e1723215d4	5217
4df47c74d4c01ff6b2eff9d8	5218
4df7fdc2b3adc73dcf3285b2	5219
4df8690581304987d7fadc27	5220
4df9ae7caeb785aedbef822e	5221
4dfaae1b18a8fc7fb43da87b	5222
4dfafb6452b145696e355dc6	5223
4dfbb503b0fb086ff831b814	5224
4dfc34b4227185f38b94317a	5225
4dfc6459aeb7594e861feb3c	5226
4dfefb4a1495f702193500d2	5227
4e001447d22d5ec6f277556b	5228
4e0015c0b0fb2c93493ad4b6	5229
4e007c251f6ef39c293ffeac	5230
4e015b581495692a4bb8dd42	5231
4e01b793d4c0836163dc66bb	5232
4e03209d62e189f23d67eca1	5233
4e06b0d0e4cdefcff6d7f9d0	5234
4e06d21a8877394591e2b73e	5235
4e072e6d7d8b2a018058e040	5236
4e09ca0962e100e5817ee995	5237
4e0aa059fa761ac4b9ad263f	5238
4e0c3e9c813077e777abed68	5239
4e0da22faeb7a5b33ee15afa	5240
4e0db092cc3fffc1d3a2bf4c	5241
4e12637a1f6e671dd9f07ef5	5242
4e13b341d4c023f7053928bb	5243
4e143c746284431b5354ce43	5244
4e15bebf091a2112063126d4	5245
4e163b44a8090df1ec9a3fa3	5246
4e1801fec65b6bfb590aa587	5247
4e181f4188777e96476d4345	5248
4e19c678814da5f552570419	5249
4e1c110e7d8bdabfd0fa3f06	5250
4e1dc02bb61c7cb34d94df5f	5251
4e1e792b62840ee80741b6c9	5252
4e1e82a4814d82553443a3df	5253
4e1efd2bae60cd553dec5dd9	5254
4e1fab03d22d0a3f59e62a2f	5255
4e1fd88518a88345f03a9a3e	5256
4e1ff228fa761d67106cd3f1	5257
4e2008e61f6effe84f62264d	5258
4e210e94b0fbdf9ba7a688f3	5259
4e2119241f6effe84f6e3ad6	5260
4e214d9a22717a5245c9838d	5261
4e22b2221838712abe7f9c1d	5262
4e23f9331495f18f03669eee	5263
4e24d1dc814dcc2663cb222a	5264
4e25173e091a817e3dd67300	5265
4e252209cc3fd40fdb74d6a9	5266
4e2627b952b1977e8b403b6c	5267
4e290d52e4cd6c6cb34d84b4	5268
4e2ad203483bb05f0597273a	5269
4e2b7a7e483bb05f059f9ffc	5270
4e2b99b0aeb745b1fac5fd3a	5271
4e2ba7d462e144b5d3af88fd	5272
4e2e426d62e1fbac60ffc442	5273
4e2e5bde81dca4453d6068f5	5274
4e2fb2a6c65b80dfd843a96c	5275
4e30da16d4c03f6942fd4f24	5276
4e313773cc3fa4395baa8149	5277
4e334866d164be7ec59887b0	5278
4e337e64d4c0c083094d2e65	5279
4e33f5a97d8b6946c1f3e951	5280
4e35029f7d8b0c62b2d052de	5281
4e3627dbd22d86185a741896	5282
4e3647172271b2cf068099a5	5283
4e365645b0fb59390ea8426a	5284
4e375468e4cdedd4a1b140fb	5285
4e375dd0b0fbcceaf0e0ca17	5286
4e3a0860fa766e76ed3ec2dd	5287
4e3a13db814dc81109d698fb	5288
4e3a6ebb2271ead2c0efd920	5289
4e3cc54018a83d5b283bd260	5290
4e3f670d18a83d5b285f28f1	5291
4e3fa8bdaeb73139a1957084	5292
4e40a74ee4cd4324642f4914	5293
4e40bbdc52b17005f5c2ca90	5294
4e40eeb3fa7697d3df8150b9	5295
4e410e311495c3b70245111c	5296
4e4788cf62e148603b81d924	5297
4e47a7d262845e1d3ca208c8	5298
4e484ed945dd2955e5b122d6	5299
4e487538b61c03d0cd278a46	5300
4e48f40dc65bd6ffbeb1990b	5301
4e49d24b2271ac3f6bcdfddb	5302
4e4a100e1f6e2d88d8b54103	5303
4e4a3625ae6014a2fdceeeaf	5304
4e4b59691838fe3c8186d581	5305
4e4bba0d483bb8f05995553e	5306
4e4c618e814d622afeeec4f1	5307
4e4cb4e445dd4c13ed9f03b6	5308
4e4cfe4718388d49816f02a9	5309
4e4e4f7752b1e893ad4a1c55	5310
4e4f87092271a1bdc3df58df	5311
4e50d17a18a8af30fd98d3ac	5312
4e51abb918383eb2af414c0f	5313
4e52797e45ddae62fc819570	5314
4e5466d845dd5c591f4a1f09	5315
4e54e79efa761d3de841cdbb	5316
4e55bd9afa76a1a4315b69d4	5317
4e5603e0fa763b20fd07200f	5318
4e56189418a8edeb70dbf9d8	5319
4e562bfdd164a0684c5ac45b	5320
4e56dbb9b993bf36edf9dc55	5321
4e5841537d8bf55c1734f9ce	5322
4e58678dd22d61e8f3492755	5323
4e59bd3c483b865169e407c7	5324
4e59c673b0fbdca30a03519c	5325
4e5af12a1f6e804280da29a9	5326
4e5b156222718867150958c2	5327
4e5c0bab2271b7fb295fecec	5328
4e5c2828183883e00c05d4f0	5329
4e5c49741850ca78f0812408	5330
4e5d79587d8bcd38b7e2e3f9	5331
4e5dd11a52b1425a37690859	5332
4e5e3644814d9e0233e0151e	5333
4e5f36a3ae60c16e993ee5df	5334
4e5f5340b0fb27e2bd450341	5335
4e601f091838ad3d0dc589fa	5336
4e6047ad18a8ce02fbe7b061	5337
4e61a620e4cdf1e2bef7cb8c	5338
4e62bb6b52b1260c13452bbd	5339
4e62fec47d8b854089eb1555	5340
4e643048aeb7360315aecfe9	5341
4e64c576b0fb188e8eae0dc0	5342
4e659009b61cd78089e5f715	5343
4e65fe028877954de9acd8bf	5344
4e6971351fc7442858aa4b8d	5345
4e6987f518381ea1bd82e0db	5346
4e6b1a9ad164c37bf4dff451	5347
4e6b71456365c2609eb17323	5348
4e6dca8c813005b910ef6da5	5349
4e6de0c2b61cf2b03c19c6f9	5350
4e6e9f18d4c0caa10847c10a	5351
4e6ef14c81dc7eb5f1e54a05	5352
4e6f7754d1647b1137f5cf9e	5353
4e702ef4483b9778fd286b0c	5354
4e70a053d1649bf2701e2b82	5355
4e715076b0fb9f3b34bd0c3e	5356
4e71b4f4d22dbd62615929a2	5357
4e72bd34a8095a7c41feac06	5358
4e782fe5091a2eccaba7e778	5359
4e7aee1d1f6e6840a377e02f	5360
4e7d524eb8f724f0c256e2e5	5361
4e7d881af5b9d823e96c8264	5362
4e7d9b149adffb29918d60f6	5363
4e7d9b6d775b192ba1e3bfd3	5364
4e7eb53aa17c96ac9dc0d484	5365
4e7f05aeb6342b7532acb2b3	5366
4e7fc011e5e84a8755b38424	5367
4e80f7a5be7b2056ab18ab54	5368
4e83398677c8a6f998939b5a	5369
4e835a5dd5fbe8dbcc12fbdf	5370
4e842b9629c20ebbb729f163	5371
4e8522a6a17cd14ccd75f7e0	5372
4e859d6db803a5a7949d807c	5373
4e879c0d30f83936723dbfbe	5374
4e8b9377be7b1b0656bbf518	5375
4e8be7074fc63e45430694f0	5376
4e8d7ab777c8aa8707085f44	5377
4e8e5b1661afe70d47a58047	5378
4e8ed980f5b90ec678329c85	5379
4e8ee47f6c254835946719d6	5380
4e9012878231d8feadd9d648	5381
4e910f436d8615aa713956d3	5382
4e917657e5e8e9a917d2f2d3	5383
4e917dc177c89cb9221fd7d5	5384
4e936240d5fbb6eb8ebccbd6	5385
4e945bc2d5fb27b8eaec4956	5386
4e945fb8d5fb27b8eaecca02	5387
4e9649f9c2ee3612d8946bd6	5388
4e96b63a61af7b87719334df	5389
4e972dc7e5e8c81815bc525e	5390
4e97afcdd5fb56bdbee1fce7	5391
4e97f1e7a17cc126ecf557e1	5392
4e99bbd6e5e8dffcaeb36897	5393
4e9a36634901d3b0b6d99cdf	5394
4e9b8af402d5df1b50afdc2e	5395
4e9c19ce6d86e2007a20612d	5396
4e9c1b4f6d86e2007a20980d	5397
4e9c1e2ed3e3697fc078dee9	5398
4e9f55d99adfb559cc1964f3	5399
4ea2587eb8f7e4911e977dfc	5400
4ea272f3e5e8ca72b7640ceb	5401
4ea392f202d529c1171c4121	5402
4ea3b2f0a17c50a15cd796ac	5403
4ea43c1ff9f48bb22d8dccc2	5404
4ea8a06393adf5b1fbcfb79c	5405
4ea8d8d829c2fa48218b2841	5406
4ea93344e5fa276e76aca170	5407
4eab640130f823f86e4c6b38	5408
4eaea460f9f4f7f1a0e498ee	5409
4eb104ef61afbb09a02d618b	5410
4eb1fc95d5fb935c32b9d0d2	5411
4eb4fd12775b544c2717f677	5412
4eb52ccea17cab612817beaf	5413
4eb7079db634a04860d80517	5414
4eb7aa57469073bbc7140110	5415
4ebc84c2d5fb1fb0d8e9dfd4	5416
4ebe166e30f82a2e1257d415	5417
4ebf3740d3e3700a5b4bb952	5418
4ebf5dce9a52cce4f35ecd80	5419
4ebf601630f82a2e12f5ec47	5420
4ebfc8ba5c5c3d470cb75851	5421
4ec0d5979911a2ec5c6cdda6	5422
4ec0d5a84fc6a7630f57e1e4	5423
4ec221560aaf6450bbb8c9b1	5424
4ec2417c8b81127c0c3fc6ca	5425
4ec445fc0aaf9233ed4d69ae	5426
4ec5ff467bebb084a39b6de4	5427
4ec77d46722e14379655acca	5428
4ec9caf6b8f758db76fac296	5429
4eca4db32c5b532d09eba64d	5430
4ecc024502d50c9c5b6b782d	5431
4ecc33a3b6346e2d3a9843f7	5432
4ecc88cb8231bbaf479cdf3d	5433
4ece06f20e61efa32e540b4b	5434
4ed047f930f81894ae393856	5435
4ed09a258231b9ef88d03eba	5436
4ed0ab2de5faa5ec031c6959	5437
4ed223c1d3e3521ce7bf2c99	5438
4ed3764e99114b488b997606	5439
4ed4a51099119575fe643d30	5440
4ed59ffeb8f7304632d9fb82	5441
4ed7597b6da14054c295106f	5442
4ed853aee5fa78b16ba691fd	5443
4ed87c8246907c1b405101e0	5444
4edb2cfcb6344371f7d71e24	5445
4edc820b9a5286d921d5aca5	5446
4edc98456da1642c5f47099f	5447
4edca52530f83fb79f4593bc	5448
4edd7cb493ad464d2c35afa3	5449
4ee0329e6da1d9fae2f00980	5450
4ee03574c2eec58c03201688	5451
4ee04f20e300d68c189b3f45	5452
4ee0a5737ee54945fe3b8a89	5453
4ee12f41f5b9c102ea07dc89	5454
4ee16068f9ab478e587beba9	5455
4ee1aaae93ad88a6be1f92b7	5456
4ee311860e011d5244d62a89	5457
4ee467ea722ea7b945271daa	5458
4ee7f10200397d4697a87834	5459
4eea7222f9ab8fc95f240e49	5460
4eeadd2e0e01182cafdbef3d	5461
4eec29d5b8f76a24a3adf560	5462
4eedf73ee3002155941114e8	5463
4eefe2eb61afc4dca6cf82cc	5464
4ef0166902d50bd856e5804e	5465
4ef0e7cf7beb5932d5bdeb4e	5466
4ef2812800399f981a054141	5467
4ef2dabb8b81368cf8d002bb	5468
4ef2eba80e617e29c7a26ca8	5469
4ef46a698231b0d622bc55be	5470
4ef480108b812e39d5ab4343	5471
4ef482c1b8f77e0f97f676de	5472
4ef5b89e2c5b0445ff6b08f8	5473
4ef6c81a4fc6f26c2602bc20	5474
4ef714469911b01ddb465dc4	5475
4ef741e5be7bb4784d7fc2ee	5476
4ef848cb490124bf9a211b6c	5477
4ef89bea7716bd3522ba46dd	5478
4ef929c97bebf5ab6c1e11b9	5479
4ef975b19a52c90842de64bb	5480
4efaa7486da1f7b663e0f708	5481
4efb0149b8f72ebeab704e74	5482
4efbba04754a1a2b08e39ecb	5483
4efbcd082c5b0c24c9ae4a15	5484
4efc041293ad9a27985e84eb	5485
4efc1917f790d5546db6984e	5486
4efd565ce5faf2869962f5e4	5487
4efe83cd0e01089c546f3d4a	5488
4f031e6ea17c8eebaa2e3dda	5489
4f05a0a1f790d4c1a2cf4a29	5490
4f06bf3ee4b0e8ed35be7e35	5491
4f06dd220039c08d1271add0	5492
4f08221ee4b0ef60ed33b128	5493
4f096132e4b07c8f8d1ad642	5494
4f0972e54fc62d44947fdd37	5495
4f0b7381e4b005abb84dec52	5496
4f0bb05ee4b06b1f3dec8477	5497
4f0c03a3e4b06e1291529f5b	5498
4f0e9c95e4b0281b8d72d7e2	5499
4f0ece24e4b0c6e46760c15d	5500
4f127e8ce4b0d3f8a692bebc	5501
4f12cb72e4b06c588beb737d	5502
4f1375ffe4b0960d00dd2e12	5503
4f151bdbe4b0297e59e32593	5504
4f165e84754a4f43c4b12624	5505
4f165f67754a4f43c4b13141	5506
4f1660f9754a4f43c4b14542	5507
4f16668ee4b0725661a16dd2	5508
4f18e49ee4b0bb77e5e5eecf	5509
4f1a289ae4b0065cb97c7299	5510
4f1af1a610813a18b211362e	5511
4f1ccdfce4b08fa6663696b9	5512
4f1f4d1fe4b035766aafb3df	5513
4f223d38e4b0dc27b72f06b2	5514
4f22a60e6d867182dff1faed	5515
4f288d05e4b015f8e3d73ea3	5516
4f2914d1e4b01c8767e83e1f	5517
4f2b905de4b0ebf42832d299	5518
4f2f56c5e4b00ef1a71b07f7	5519
4f31db587beb6b7533b1a584	5520
4f3202d2e4b0d510f50ff129	5521
4f32fd28e4b0cc4cf7430d74	5522
4f34fa5ee4b0cbcdf04b62b4	5523
4f34fd8be4b0ba1c47b5a36e	5524
4f35ab4ae4b0179e5bacaa8a	5525
4f370a34e4b01139d561d30f	5526
4f3931f8108140f7182bdd42	5527
4f3cada1e4b0b4a7cd609f99	5528
4f3cbb4ae4b081122370f447	5529
4f3cfab26b74860ef9f8f777	5530
4f3dfa01e4b0a4b0825dbe5d	5531
4f3e3472e4b0e444c981734a	5532
4f3eb4ad1081885e05e08aa2	5533
4f3f3273e4b0d1e98e3b1a27	5534
4f41a57de4b0f9f81abdc8c6	5535
4f449033e4b0b62885b87543	5536
4f46e093e4b05259387c340c	5537
4f47116fe4b0f85d0687bbd4	5538
4f4cca45be77653fc3b108e3	5539
4f4d0c964fc61d08035cc201	5540
4f4dcbcee4b05b49b532d8b1	5541
4f4f245ce4b07dc4efe60e83	5542
4f500dd6e4b0749a942147b6	5543
4f502b8de4b0a637ab34f0e3	5544
4f5058a6e4b020de96c85691	5545
4f509953e4b044218ffe9b9f	5546
4f50e8b5e4b0daf96d119e97	5547
4f518a21e4b0195da2dcdbea	5548
4f51d052e4b0ac6d0b595e74	5549
4f52f78fe4b03be3638e1747	5550
4f535a01e4b0639bba4074cb	5551
4f5b02d5e4b053fd675507ab	5552
4f5b2760e4b07fef003b4a86	5553
4f5d61fee4b085f52f100b6a	5554
4f600057e4b006673a6ac59e	5555
4f60b2c8bb3d79729d1f806b	5556
4f6120f4e4b00c2afffaaa29	5557
4f6163f2e4b01572875f1719	5558
4f617997e4b063e59bb81df1	5559
4f61c59fe4b0deb11b8a3fd1	5560
4f62c53cbb3d49d133efab10	5561
4f62f9a6e4b041039c4b5c42	5562
4f6320d7e4b0dc771eb97354	5563
4f672d5ee4b0e30d230d06d8	5564
4f69aa47e4b0674564ff6117	5565
4f6ad4bbe4b00b83011355d8	5566
4f6af62a7716846327201f07	5567
4f6c6f10e4b03cbd0f421e72	5568
4f6d5c5be4b04cb293be0d42	5569
4f6ea221e4b08d8da6fee6d0	5570
4f7033d8e4b02a6d6a6441e1	5571
4f713c40e4b077eb92fd1c16	5572
4f718830e4b05d91e3b0ffaf	5573
4f71cc6e003993e5a271844f	5574
4f729013e4b0905384b2e359	5575
4f73098cc2ee7d53879b46b1	5576
4f73f597754a8f164820616f	5577
4f74fee9e4b0f3ab591ef442	5578
4f751d1fe4b0e09b8aa00420	5579
4f752317e4b0a6fdc60cbc9a	5580
4f773051d5fbf3ef1f494b1b	5581
4f79678ce4b0488e30b4a639	5582
4f7b16a1121da06d3fa5bc09	5583
4f7cb28ce4b0d01ec256cfee	5584
4f7e5db4e4b02164d91cc96d	5585
4f7e9abae4b0a254a12370a2	5586
4f7f9ceae4b023c637e055ec	5587
4f7fce5de4b0ac16a12a2429	5588
4f7fe128754a2727a0b57343	5589
4f807127e4b0c2f7656db69e	5590
4f83d43ce4b0107aa19808b7	5591
4f83e82b6d862d31a69ffcda	5592
4f83f0a27716785a16452fa1	5593
4f83f9357716785a16462679	5594
4f841be6e4b077f838d37391	5595
4f8791fae4b057e27ed35f94	5596
4f880f83e4b002b909e95b47	5597
4f8b065b0cd6dbbc4ca1243a	5598
4f8cad0a121d5168df72a318	5599
4f8d5245e4b0af04c411ee25	5600
4f8d968ce4b0a791f61f452d	5601
4f8e4423e4b0f9f93dc31ec0	5602
4f8e4886e4b084124a654852	5603
4f8f79fbe4b01d8f6d548774	5604
4f8f866ae4b000f3fb6716de	5605
4f92059cd5fb58a2826d8660	5606
4f9678311081ac6f2b1a44ba	5607
4f968da0e4b07e54f0d11814	5608
4f969cd0bb3d831b8b2e2485	5609
4f97d2a6e4b0b093e48373bc	5610
4f9800a4e4b0367fa3232192	5611
4f98ca42e4b028100302dbde	5612
4f99dd2ee4b0a729e15c4498	5613
4f9a15dce4b0a4ddf1407e81	5614
4f9a3033e4b0ca76e657b7c7	5615
4f9a800ae4b07e720c35128c	5616
4f9b33f8e4b0609167f3fdf3	5617
4f9c9b5ae4b017646626814d	5618
4f9cd05ee4b0b38d2fe78478	5619
4f9d0a17e4b0d8e623301bd5	5620
4f9e1a96e4b0849ad1a7e8ad	5621
4f9e7be9e4b0e1cb008f9068	5622
4f9f484fe4b0d2f1090133d5	5623
4fa3574a121df8dabaf60d8b	5624
4fa4ccc8e4b0fd4c3e8552e3	5625
4fa5c748e4b063f122708c1f	5626
4fa5f033e4b0c1088eba0e67	5627
4fa78b9de4b09571e0a1f8ca	5628
4fa79e97e4b0d905272a7e51	5629
4fa8ee5ac2ee52f145096a4d	5630
4faaf2c9e4b0eeffb5a9b413	5631
4facebb3e4b06d18cc2abb46	5632
4facf155e4b068aefd8c4a59	5633
4facff666d866e7143cac536	5634
4fae6180108139586b776b44	5635
4fb0408ce4b0ba6ff4a207e7	5636
4fb0d729e4b085f6b36b1fea	5637
4fb43d1be4b0d1f937f1330d	5638
4fb4acd3e4b06fa0ebcb9f87	5639
4fb4d116e4b07f08905f1ada	5640
4fb606e1e4b0c4871b8e480f	5641
4fb8e1d0e4b04484dae2aa73	5642
4fb8e1f3e4b018d6ec64b86e	5643
4fbb0dfe121d47491a230af9	5644
4fbb6f79e4b04df08f1ded79	5645
4fc1b019e4b0a06f8ea40e7b	5646
4fc1eb9ce4b0519068d52a1c	5647
4fc303c3e4b09bd24f3c0ca5	5648
4fc59caee4b066a4670f7494	5649
4fc72dc9e4b05667103df13f	5650
4fc962bae4b0da170823a15b	5651
4fc9ee7ae4b0dbc781fc57b4	5652
4fcaa46ee4b0f59887a4a641	5653
4fd098cd0039b1a0202a000d	5654
4fd3faa0e4b0b916ea82cd7e	5655
4fd53da0e4b00f27bdef0045	5656
4fd58789e4b013c5817a38db	5657
4fd5b2a2e4b06a2d8e0be9c5	5658
4fda7ecfe4b05b85932c4716	5659
4fdb0db4e4b0f97669a40f64	5660
4fdc047de4b0b4dd28ba0668	5661
4fe3ab65e4b002442eb5268b	5662
4fe4fb82e4b0faa0b8c11baf	5663
4fea686e6b747f5939b16123	5664
4fee82f8e4b078413a7a954c	5665
4ff0193ae4b036efb41f25bd	5666
4ff024c4e4b0d01fb2ac8418	5667
4ff191e2e4b0dccbddd38047	5668
4ff41852e4b0211bc16088ae	5669
4ffba4d6e4b0f784b86187da	5670
4ffbda99c84c920cc0808942	5671
50000728e4b04dd3f9af9b75	5672
5000083ae4b049e4aba809ee	5673
50012109e4b0eed3b6cccf19	5674
50017911e4b07d578cf5a4f9	5675
50021a9fe4b0ed54498a8615	5676
5002ffede4b021927e41b7cb	5677
500398c0e4b04575fea906c5	5678
5003a3eee4b087cfc31d6260	5679
50057e87164846c9b5a9cee3	5680
50078fa8e4b01a0b00f96f97	5681
50079fdbe4b092ccf2e45d7e	5682
500a30c4e4b08ffd596a4f6f	5683
500a42b2e4b0c2a4dfd0278c	5684
500a6206e4b07957c2a366e2	5685
5014d351e4b0535571156ee9	5686
50167c96e4b0c7c30e1fdf44	5687
5019eaa8e4b023c91d9424de	5688
501b3957e4b002c187cdcc16	5689
501c92ffe4b0584dfa3e4c17	5690
5021ca9be4b08b2769364419	5691
5021ee97e4b055ef7d0c4d3e	5692
5021ef8de4b08518d7327185	5693
5022f76ae4b0e35231520bc5	5694
50231970e4b0e4c99e231eeb	5695
50234b0de4b0a4cedcd5b6c8	5696
5025ef85e4b063baa09c06df	5697
502880308055dc2d2f034a0e	5698
5029d3e28055bcd858f0aa89	5699
502f7892e4b0fdd339b60d0b	5700
50309fdce4b0265f8c143bcc	5701
5032da28e4b05fc6a86674d3	5702
50398709e4b054a090a0d187	5703
503b51dde4b0bce917f7fa03	5704
5042dcd3e4b03be3a6f5d7ad	5705
50456d1ce4b0cf6061e6ce00	5706
5049fef7e4b0f680c880cb5d	5707
504bfe67e4b006c43612accd	5708
504c0770e4b0a3d4a10409e7	5709
504f9ff3e88969c3957f6f8b	5710
5053cc55e4b0e7ceb63c313f	5711
50543f83e4b01f3aa51bacfa	5712
50546d13e4b08e1d3d1e8cfe	5713
50593cafe4b05af93ecc97d2	5714
505b0cb1e4b0ab68d2cd48e3	5715
505bea9ee4b033df3905fa31	5716
505d82f4e4b071a17f4d28b8	5717
50658904e4b001ae2de24853	5718
506836da498ef43ce6c40631	5719
506befa7e4b0b56e41a2c33f	5720
506fca8de4b02f4a11e772fd	5721
5072d4dee4b05fb6c4a9bb7d	5722
507a4347e4b047ff2c426bb3	5723
507fd27ce4b0894ae7eb26d7	5724
508265a4e4b068d89c26aae2	5725
50838dc3e4b06d381b040ffe	5726
50839332e4b0073ffbadf5ee	5727
508a5ac1e4b0cc3702c2c970	5728
509071bb582f493079b0d3b0	5729
5091b0a0e4b049d6c515ec6f	5730
5091fddae4b0bfe331c2cd6c	5731
50939aaeb0ed269171da0367	5732
50962794e4b0f17ed5f807cc	5733
50966024e4b0ad0d96424f52	5734
5097ad0be4b03c3d305aca7a	5735
5097c35c582feb73541cde49	5736
50a744e9e4b0f191c0d41eff	5737
50ad8af483028fca10306dee	5738
50af2a21e4b0f10421af735b	5739
50b17a82e4b0036cfb116e8b	5740
50b1880ae4b0ec22e8b4e780	5741
50b7f7e4e4b09c654079d596	5742
50c062228302f0a8e219d5ce	5743
50d0616ee4b0c5a89cbfdd7d	5744
50d3f8e8e4b052c8d819d91a	5745
50d59e06e4b09e2e54f007fd	5746
50d67f8be4b0ab0edc817df4	5747
50dce1a4e4b0f3777e14560e	5748
50e1c63fe4b0fe5bda23072c	5749
50e635c2e4b0f98a943d518d	5750
50e6bc37e4b0f324dd7dc268	5751
50eae2b3fe700ed2250453a8	5752
50efabd5e4b06592caace5ed	5753
51038587e4b006fca4314e8a	5754
5107a16ae4b0422e82318a53	5755
510e27f6e4b0ce64070a1483	5756
512339d3e4b0ba7e4b490a70	5757
512c483be4b00885fb2a7277	5758
5131998ce4b063788c5e41bd	5759
513352f1e4b0e80ce25f24f5	5760
513aa5c6e4b0cc279b6f0f1e	5761
5140ebf53d7cb7d480bbe543	5762
5140ebf53d7cb7d480bbe55e	5763
51429e02e4b002e3ef763b52	5764
5143e6b2e4b0bb73945df4db	5765
5147b851e4b0070201aa6440	5766
51494c9ce4b072d7d84d26de	5767
5153726ae4b0b8a52d4d28ba	5768
51551c43e4b02587d1089870	5769
515576cbe4b039dd4397aebe	5770
516f416d498e4130934ebd73	5771
51763910498e06346c029cf8	5772
51763981498eb27d6a8abd9d	5773
51786568e4b07d3157cfd447	5774
518c4ac4498e555418dc672c	5775
51ef4b3b498e0f96cff7bb12	5776
51ef8d3d498ea5a4373e61af	5777
52043262498e0d34a9c766cb	5778
